"1789-Washington" "1793-Washington" "1797-Adams" "1801-Jefferson" "1805-Jefferson" "1809-Madison" "1813-Madison" "1817-Monroe" "1821-Monroe" "1825-Adams" "1829-Jackson" "1833-Jackson" "1837-VanBuren" "1841-Harrison" "1845-Polk" "1849-Taylor" "1853-Pierce" "1857-Buchanan" "1861-Lincoln" "1865-Lincoln" "1869-Grant" "1873-Grant" "1877-Hayes" "1881-Garfield" "1885-Cleveland" "1889-Harrison" "1893-Cleveland" "1897-McKinley" "1901-McKinley" "1905-Roosevelt" "1909-Taft" "1913-Wilson" "1917-Wilson" "1921-Harding" "1925-Coolidge" "1929-Hoover" "1933-Roosevelt" "1937-Roosevelt" "1941-Roosevelt" "1945-Roosevelt" "1949-Truman" "1953-Eisenhower" "1957-Eisenhower" "1961-Kennedy" "1965-Johnson" "1969-Nixon" "1973-Nixon" "1977-Carter" "1981-Reagan" "1985-Reagan" "1989-Bush" "1993-Clinton" "1997-Clinton" "2001-Bush" "2005-Bush" "2009-Obama" "2013-Obama" "2017-Trump" "2021-Biden" "2025-Trump"
"can" 9 0 9 3 6 5 1 7 3 3 5 3 9 26 12 2 14 6 28 0 3 4 2 13 2 5 9 13 2 2 18 4 5 11 26 17 11 9 0 3 16 6 9 9 5 17 14 13 7 6 11 6 8 6 7 13 7 1 16 2
"everi" 9 0 5 2 4 2 5 14 13 5 1 0 20 13 11 1 9 5 4 2 6 1 6 4 5 5 9 12 3 3 8 8 0 4 4 3 4 4 3 0 2 4 0 2 6 0 7 0 2 5 1 3 11 6 10 8 7 7 2 9
"govern" 9 1 20 14 3 0 3 22 16 22 8 15 18 51 48 8 10 15 19 1 4 5 17 21 16 11 15 24 15 2 28 9 2 14 16 24 4 16 5 0 5 3 0 1 0 5 10 4 19 18 5 4 10 4 6 4 4 4 0 11
"public" 6 0 6 4 15 6 3 8 5 9 8 3 4 11 8 3 6 9 2 2 5 1 11 2 11 17 8 13 6 0 1 0 0 2 5 10 4 2 0 0 0 0 0 0 1 0 0 0 1 0 1 0 1 4 2 1 0 1 1 2
"may" 6 1 13 8 10 1 2 10 15 3 4 4 11 34 13 4 9 15 13 3 5 2 6 7 4 12 4 11 3 0 18 3 2 10 8 6 8 1 2 1 1 4 15 3 1 0 2 1 1 2 2 0 4 0 3 3 4 0 5 0
"present" 5 1 4 0 3 2 1 5 3 1 2 2 8 5 4 1 5 5 5 1 0 3 2 2 0 2 2 6 1 0 4 0 1 1 1 1 3 1 2 0 0 0 0 1 0 0 1 0 3 0 0 0 0 1 0 0 0 0 1 0
"countri" 5 1 10 4 5 5 6 11 8 10 2 3 17 25 19 6 6 9 3 0 8 8 20 2 4 7 4 15 3 1 12 1 0 5 20 9 1 3 1 1 11 7 1 4 1 1 3 1 3 1 3 1 0 9 8 2 7 12 4 17
"duti" 5 0 3 2 8 3 1 9 6 9 3 4 5 16 16 6 5 5 4 0 1 1 4 6 5 13 3 11 4 3 8 3 4 3 5 3 4 1 0 0 2 1 1 0 0 0 0 1 0 0 1 0 0 4 4 2 2 0 2 2
"one" 4 0 1 6 1 2 2 2 6 4 0 0 6 29 19 0 5 3 15 2 4 4 5 4 2 1 1 6 0 1 8 2 0 7 11 3 3 4 0 1 1 5 2 1 5 7 5 2 8 14 2 1 10 1 9 2 6 9 15 7
"hand" 4 0 0 0 1 0 1 3 0 3 1 2 5 9 6 0 2 0 4 0 0 0 1 2 0 0 0 0 3 1 7 2 1 0 2 0 4 1 1 0 0 1 0 4 2 2 0 0 2 3 8 1 2 0 1 2 0 1 1 1
"citizen" 4 1 3 5 10 0 3 9 14 3 2 3 7 27 10 1 3 5 6 0 4 1 8 5 10 6 7 7 0 1 5 0 3 1 4 11 1 2 1 1 1 6 0 5 4 1 1 0 3 6 3 2 8 10 7 1 8 4 1 8
"execut" 4 2 3 1 2 0 0 4 6 3 3 0 3 27 8 5 0 2 5 0 3 4 1 4 4 8 2 7 11 0 9 0 0 1 0 3 2 0 0 0 0 1 0 0 0 0 0 0 0 0 2 0 0 0 0 0 1 0 0 2
"nation" 4 0 24 4 6 10 7 18 14 21 6 2 10 9 13 3 18 12 10 4 9 6 12 20 7 14 8 7 12 9 13 7 14 18 21 23 15 12 17 1 27 11 18 8 13 9 15 15 12 11 12 5 15 14 13 15 9 13 16 23
"peopl" 4 1 20 2 0 1 3 15 11 7 4 9 20 38 16 3 6 13 20 0 2 7 9 21 18 29 22 25 12 6 7 2 8 12 16 18 8 11 9 2 21 18 15 2 9 15 6 7 9 17 7 12 11 1 7 8 11 10 9 8
"unit" 4 1 3 2 1 3 5 13 16 2 1 4 3 12 13 2 3 8 5 0 3 0 8 9 2 0 2 12 9 0 6 0 4 2 2 2 2 5 3 0 10 4 2 4 0 2 0 2 2 2 3 0 0 3 7 2 2 4 4 8
"sinc" 4 0 1 0 1 0 0 0 8 5 1 1 1 4 2 0 0 3 1 0 0 1 0 2 0 0 0 4 2 0 2 0 2 1 2 0 0 0 1 0 1 1 0 1 0 2 1 0 0 1 2 1 0 1 0 0 0 0 0 0
"natur" 3 0 1 1 2 0 3 4 0 3 1 0 3 0 3 0 0 3 2 0 0 0 0 0 0 2 1 2 0 0 2 2 0 1 5 0 2 1 0 0 1 2 0 0 2 1 2 1 0 0 0 0 1 0 1 0 0 0 0 1
"just" 3 0 1 1 3 2 1 10 5 2 3 2 7 4 7 2 4 2 0 2 1 0 2 0 1 6 3 2 1 2 5 1 3 3 0 1 0 1 1 1 3 2 0 1 1 1 6 5 3 1 3 1 2 2 3 4 5 1 5 3
"circumst" 3 0 0 0 1 2 0 3 5 1 0 1 5 7 1 0 3 0 3 0 0 1 2 0 1 0 0 2 0 0 0 0 1 0 0 0 0 1 0 0 0 0 0 0 0 0 0 0 0 0 1 0 0 1 0 0 0 0 0 0
"care" 3 0 0 1 0 1 0 1 1 0 2 0 2 3 6 3 0 0 1 1 2 0 2 0 2 3 0 4 3 2 2 1 0 1 1 0 0 0 0 0 0 2 0 0 0 1 0 0 0 1 2 2 2 1 0 3 5 0 2 0
"liberti" 3 0 4 3 3 2 0 3 1 3 2 4 1 20 4 1 2 3 1 0 0 0 0 5 1 1 0 1 6 0 1 2 1 4 3 2 0 1 1 0 5 1 0 1 6 0 0 2 3 1 1 1 2 1 15 2 5 0 2 1
"happi" 3 0 5 5 2 2 0 7 2 2 0 4 6 1 10 0 2 3 0 0 1 0 2 0 1 2 0 1 1 1 1 0 0 2 0 2 1 2 0 0 1 0 0 0 1 0 0 0 2 0 0 1 1 0 0 1 4 0 0 0
"great" 3 0 5 2 1 0 0 21 29 9 1 3 8 24 7 2 8 11 6 1 2 5 9 12 2 14 2 18 5 7 9 14 4 6 16 4 5 4 2 1 5 3 5 1 7 7 12 2 5 7 10 2 6 3 4 3 3 6 5 11
"good" 3 0 6 5 4 1 1 1 5 0 3 3 2 5 2 1 5 2 4 0 2 4 3 4 4 5 3 2 2 3 3 3 1 5 2 2 4 8 0 0 2 4 2 3 0 5 1 2 1 1 9 0 2 3 4 3 0 3 5 0
"less" 3 0 1 1 2 0 2 7 3 1 0 0 2 3 2 1 2 2 2 2 1 2 1 1 1 4 2 1 3 1 1 0 1 2 3 0 1 0 1 0 0 1 4 0 0 0 1 0 1 1 1 3 3 1 0 7 0 0 0 0
"deliber" 3 0 1 0 0 1 0 0 0 2 0 0 1 2 0 0 1 0 2 0 0 0 1 0 0 1 0 0 0 0 1 0 0 3 0 0 0 0 0 0 0 0 0 0 0 0 0 0 0 0 0 0 0 0 0 0 0 0 0 0
"establish" 3 0 3 0 1 1 0 1 4 2 1 0 4 3 1 1 0 0 1 0 0 1 3 3 1 6 1 2 5 0 2 0 0 5 2 4 1 2 1 0 3 1 0 0 0 0 1 0 1 1 0 0 0 0 0 0 0 1 0 3
"depart" 3 0 0 0 0 2 0 3 2 3 0 0 0 14 4 1 2 2 2 0 2 0 1 1 0 4 0 0 1 0 6 0 0 0 1 3 0 0 0 0 0 0 0 0 0 0 0 0 0 0 0 0 0 0 0 0 0 0 0 2
"recommend" 3 0 3 0 0 0 0 1 2 2 0 1 0 5 1 2 0 0 1 0 1 2 1 0 0 0 0 1 1 0 6 0 0 2 0 1 1 0 0 0 0 0 0 0 0 0 0 0 0 0 0 0 0 0 0 0 0 0 0 0
"measur" 3 0 2 1 4 0 0 1 8 0 1 1 1 9 3 3 2 1 0 0 1 0 3 1 1 1 1 0 0 1 2 0 0 0 0 1 5 0 5 0 1 0 0 0 0 1 1 0 1 0 1 1 0 0 1 2 1 0 2 1
"shall" 3 3 4 6 7 0 0 6 6 4 6 3 5 10 11 15 9 18 17 5 1 3 4 8 10 18 4 12 7 2 12 6 9 8 2 4 7 5 1 7 5 11 2 5 3 4 7 0 1 2 0 1 2 0 0 3 0 0 2 0
"object" 3 0 3 1 1 0 1 5 6 2 1 3 3 7 13 3 4 2 8 1 1 0 1 1 1 0 1 0 1 0 2 0 0 0 1 1 0 1 1 0 0 0 0 0 0 0 0 0 1 0 0 0 0 0 1 0 0 0 2 1
"far" 3 0 1 1 0 1 0 2 1 2 1 0 4 8 5 1 3 1 3 0 2 3 1 4 0 0 2 4 1 0 4 0 1 0 0 2 0 2 1 1 0 2 2 2 0 2 1 0 1 0 1 0 1 0 0 2 0 1 2 1
"must" 3 0 2 2 3 0 0 4 2 0 2 4 5 9 12 0 9 2 8 3 2 1 6 0 0 6 4 23 4 6 19 1 3 23 17 15 9 2 4 2 9 10 9 1 10 1 2 8 10 12 9 18 10 6 6 8 17 3 10 1
"hous" 2 0 3 0 0 0 0 0 0 0 0 0 0 4 0 0 0 0 0 0 0 0 0 0 0 1 0 2 0 0 0 1 1 0 0 0 1 0 1 0 1 0 0 1 0 1 1 0 0 0 2 0 0 0 0 0 0 0 0 1
"repres" 2 0 3 1 0 1 0 1 2 2 0 1 1 5 0 0 0 0 0 0 0 2 1 0 0 1 1 1 1 0 0 1 0 4 9 0 0 0 0 0 0 0 0 0 0 0 0 0 0 1 0 0 0 0 0 0 1 0 0 0
"event" 2 0 0 0 1 0 0 4 4 1 0 3 4 0 0 0 0 4 2 0 0 3 1 0 0 1 0 2 2 0 0 0 1 0 0 0 2 0 0 0 2 2 0 0 0 0 0 0 0 0 0 0 0 0 2 0 0 0 0 1
"order" 2 0 4 1 3 0 0 1 5 1 0 0 1 0 0 0 0 0 1 0 0 0 2 2 1 5 0 3 5 0 6 1 2 11 2 2 2 3 0 0 2 0 0 1 1 2 1 0 2 1 0 1 0 1 1 1 0 1 0 5
"day" 2 0 1 1 1 0 0 1 0 0 0 1 1 3 0 3 2 2 0 0 1 2 0 1 0 2 1 1 1 2 1 3 1 0 1 0 4 5 4 2 0 3 1 2 4 2 1 1 6 5 9 0 3 2 7 5 0 4 12 7
"summon" 2 0 0 0 0 0 0 0 0 0 0 0 0 0 0 0 1 0 0 0 0 0 0 0 0 0 0 0 0 0 0 1 0 1 0 0 0 0 0 0 0 3 0 2 0 2 0 0 0 0 1 2 0 0 0 0 0 0 0 0
"whose" 2 0 0 2 3 2 1 1 6 0 3 0 5 4 4 1 0 1 1 0 0 0 2 2 0 5 2 1 0 0 2 0 0 0 0 1 0 2 0 0 2 0 0 1 0 0 0 0 3 0 0 2 3 1 0 1 0 0 0 0
"voic" 2 1 1 1 0 0 1 0 0 1 0 0 0 0 0 1 2 1 0 0 0 0 1 2 0 1 0 1 0 0 0 0 0 0 1 0 0 3 1 0 1 0 1 0 0 9 0 0 0 2 1 2 1 0 1 0 1 1 0 1
"never" 2 0 1 1 0 1 2 3 2 0 1 2 8 11 0 0 4 6 7 0 1 1 1 3 1 2 0 1 0 1 4 1 1 12 5 0 2 1 1 1 2 3 2 3 1 0 0 2 3 3 1 0 3 5 1 2 2 6 3 9
"love" 2 0 5 2 1 0 0 0 1 0 0 0 0 3 0 1 0 3 1 0 0 0 1 1 1 3 1 2 1 0 0 1 1 1 1 1 0 0 0 0 0 2 2 1 0 1 0 1 3 2 6 0 0 2 2 0 1 1 4 4
"retreat" 2 0 0 0 0 0 0 0 0 0 0 0 0 0 0 0 0 0 0 0 0 0 0 0 0 0 0 0 0 0 0 0 0 0 0 0 1 0 1 0 0 0 0 0 1 0 3 0 0 0 0 0 0 0 0 0 0 0 1 0
"hope" 2 0 1 2 0 1 0 0 1 4 2 0 9 4 2 3 8 1 3 2 1 0 1 2 1 4 2 1 1 0 11 2 1 6 7 5 1 2 3 1 4 9 8 4 4 5 2 2 4 5 8 3 2 2 7 3 3 1 3 2
"immut" 2 0 0 0 0 0 0 0 0 0 0 0 0 1 0 0 0 0 0 0 0 0 0 0 0 0 0 0 0 0 0 0 0 0 0 0 0 0 0 0 0 0 0 0 0 0 0 0 0 0 0 0 0 0 0 0 0 0 0 0
"declin" 2 0 1 0 0 0 0 0 0 0 0 0 1 2 0 0 0 0 0 0 0 0 0 0 0 0 0 1 0 0 0 0 0 0 0 0 0 0 0 0 0 0 0 0 0 0 0 0 1 0 0 0 0 1 0 1 0 0 0 1
"render" 2 0 0 0 1 2 2 2 0 1 1 0 0 1 0 0 1 0 0 0 0 1 0 0 0 0 0 0 0 0 1 0 0 1 0 0 0 0 0 0 0 0 0 0 0 0 0 0 0 1 0 0 0 0 0 0 0 0 0 0
"necessari" 2 0 3 2 1 0 3 3 7 0 0 0 3 8 3 2 1 6 2 0 3 0 0 2 0 6 2 2 1 0 10 0 0 1 6 0 0 1 0 0 0 0 0 0 0 0 0 1 0 0 0 1 1 1 2 0 0 0 0 0
"well" 2 0 3 1 2 4 0 4 5 0 1 0 4 14 5 0 2 4 3 1 2 0 3 1 2 5 1 3 2 1 6 5 1 2 3 1 1 1 1 0 1 0 0 3 0 2 0 0 3 2 1 2 1 1 1 2 4 0 1 0
"trust" 2 0 0 4 2 2 1 4 4 2 2 0 6 4 0 1 3 2 2 1 2 1 3 1 3 1 1 3 1 0 0 1 0 0 0 1 2 0 0 0 0 2 0 0 1 0 1 2 0 2 0 0 1 2 1 2 0 0 1 2
"call" 2 1 1 3 3 1 3 3 3 2 1 2 2 7 0 3 3 1 1 1 0 3 2 0 1 3 1 2 0 1 4 1 0 7 0 2 2 2 1 0 0 3 3 4 2 2 0 0 5 2 2 5 1 6 2 2 1 0 3 1
"suffici" 2 0 1 0 1 0 1 2 2 1 0 0 2 3 0 2 2 1 0 0 0 0 0 1 0 3 1 2 1 0 4 0 0 0 3 1 0 1 0 0 1 0 0 1 0 0 0 1 2 0 0 0 0 0 0 0 0 0 0 0
"awaken" 2 0 0 0 0 0 0 0 0 0 0 0 0 0 0 0 0 0 0 0 0 0 0 0 0 0 0 0 0 0 2 1 0 0 0 0 0 0 0 0 0 1 0 0 0 0 0 0 0 0 0 0 0 0 0 0 0 0 0 0
"qualif" 2 0 0 0 1 0 0 0 0 0 1 0 0 1 0 0 0 0 0 0 0 0 0 0 0 0 0 0 0 0 3 0 0 0 0 0 0 0 0 0 0 0 0 0 0 0 0 0 0 0 0 0 0 0 0 0 0 0 0 0
"administr" 2 1 3 3 1 0 1 4 2 4 0 2 0 4 6 1 6 3 6 0 1 1 4 7 2 4 0 3 2 0 10 1 0 6 4 5 0 0 0 0 1 0 0 1 0 1 0 0 2 0 0 0 0 0 0 0 0 1 0 4
"peculiar" 2 0 0 0 0 1 0 3 3 2 1 0 2 1 1 0 0 0 1 1 1 0 2 1 0 1 0 0 0 0 0 0 0 0 0 1 0 0 0 0 0 0 0 0 0 0 0 0 0 0 0 0 0 0 0 0 0 0 0 0
"dare" 2 0 0 0 1 0 0 0 0 0 0 0 1 0 0 0 0 0 0 1 0 0 0 0 0 0 0 0 0 0 0 1 0 0 0 0 0 0 0 0 0 1 0 3 0 0 0 0 0 2 0 0 1 0 0 0 0 0 0 0
"might" 2 0 1 1 2 1 2 4 4 0 0 0 4 11 2 0 2 3 3 1 0 1 0 0 0 3 0 1 0 0 3 2 0 0 3 0 0 0 0 0 1 1 0 0 0 0 0 2 1 1 2 1 1 0 0 2 0 0 1 0
"affect" 2 0 0 1 1 0 0 3 4 0 0 1 3 3 1 2 2 0 3 0 0 0 0 0 0 1 0 1 0 0 3 0 1 0 1 2 0 0 0 0 1 1 0 0 0 0 0 0 0 1 0 1 0 0 0 0 0 0 0 1
"former" 2 0 0 0 1 0 0 1 1 0 0 0 0 8 0 0 0 0 0 0 0 1 2 0 0 0 0 1 0 0 0 0 0 0 1 0 0 1 0 0 0 0 0 0 0 0 0 0 0 0 0 0 0 0 0 1 0 0 0 0
"instanc" 2 1 0 0 0 0 0 0 4 0 0 0 4 5 1 0 0 1 2 0 0 0 1 0 0 0 0 0 0 0 2 0 0 1 0 0 0 0 0 0 0 0 0 0 0 0 0 0 0 0 0 0 0 0 0 0 0 0 0 0
"confid" 2 1 1 4 2 3 2 2 4 3 1 3 10 12 3 3 5 1 2 0 0 0 1 1 2 2 5 3 1 2 0 0 1 7 2 3 2 1 0 1 1 1 1 0 0 1 3 2 0 1 0 1 0 1 3 2 0 1 0 3
"fellow" 2 1 0 5 8 0 0 0 9 3 2 3 6 0 4 0 0 1 0 0 0 0 4 0 2 0 1 1 0 1 2 0 2 0 1 0 2 0 0 2 1 2 0 4 4 2 1 0 3 3 2 5 7 1 3 1 3 1 5 1
"consult" 2 0 0 0 0 0 0 0 0 0 0 0 0 0 0 0 2 0 0 0 0 0 0 0 0 0 0 0 0 0 1 0 0 0 2 0 0 0 0 0 0 0 0 0 0 0 0 0 0 0 0 0 0 0 0 0 0 0 0 0
"judg" 2 0 0 0 0 0 0 0 1 0 0 1 0 0 0 1 1 0 1 2 0 0 1 0 0 0 0 0 0 0 0 1 0 0 1 2 0 0 0 0 0 0 0 1 1 0 0 0 0 0 0 0 0 0 1 1 0 0 1 0
"share" 2 0 0 0 0 0 1 0 0 0 1 1 0 3 0 1 0 1 0 0 1 2 0 1 3 0 0 1 0 0 0 0 0 2 2 2 0 0 0 0 1 0 3 1 1 5 4 1 3 0 2 0 0 3 0 0 0 2 0 0
"impress" 2 0 0 0 0 1 1 0 1 0 0 2 2 0 1 0 2 0 0 0 0 0 0 0 2 0 2 0 0 0 0 0 0 0 0 1 0 0 0 0 0 1 0 0 0 0 0 0 0 0 0 0 0 0 0 0 0 0 0 0
"station" 2 0 1 1 1 1 1 2 0 2 1 0 0 1 1 0 1 0 1 0 0 0 0 0 0 2 1 0 0 0 0 0 0 0 0 0 0 0 0 0 0 1 0 0 0 0 0 0 0 0 0 0 0 0 0 0 0 0 0 0
"first" 2 0 3 4 2 0 0 2 1 8 0 1 3 6 1 0 0 0 1 1 0 3 2 2 0 3 0 0 1 0 1 2 1 0 2 3 4 2 3 0 4 2 0 4 1 5 0 2 2 2 4 1 1 0 2 0 0 4 3 3
"offici" 2 1 0 0 0 0 0 1 0 0 1 1 0 0 3 0 1 1 2 0 0 0 1 0 2 2 1 0 1 0 0 0 0 0 0 3 0 0 0 0 0 0 0 0 0 0 0 0 0 0 0 0 0 0 0 0 0 0 0 1
"supplic" 2 0 0 0 1 1 0 0 0 1 1 0 0 0 1 0 0 0 0 0 0 0 0 0 0 0 0 0 0 0 0 0 0 0 0 0 0 0 0 0 0 0 0 0 0 0 0 0 0 0 0 0 0 0 0 0 0 0 0 0
"rule" 2 0 1 2 1 0 0 0 1 0 1 0 2 2 1 0 0 1 2 0 2 2 1 0 1 1 5 1 0 0 3 0 1 1 2 1 1 0 0 0 1 4 3 0 0 0 1 1 0 0 1 0 0 0 3 1 3 1 0 1
"presid" 2 1 0 0 0 0 0 0 0 0 0 1 1 16 2 3 1 1 2 0 1 0 4 0 1 4 0 6 1 0 1 1 0 1 1 0 1 2 1 1 1 0 1 4 0 3 1 3 6 3 7 3 1 3 4 1 2 5 7 10
"providenti" 2 0 0 0 0 0 0 0 0 0 0 0 0 0 0 0 0 0 0 0 0 0 1 0 0 0 0 0 0 0 0 0 0 0 0 0 0 0 0 0 0 0 0 0 0 0 0 0 0 0 0 0 0 0 0 0 0 0 0 0
"human" 2 0 4 0 3 1 2 0 2 5 1 0 4 2 4 0 4 2 2 0 0 1 2 0 1 0 2 0 1 0 0 4 0 7 9 6 1 2 6 1 6 2 2 4 0 2 2 6 1 9 0 0 5 2 6 1 1 0 0 2
"state" 2 0 12 3 12 5 5 29 27 8 4 9 11 41 42 3 11 27 27 0 4 4 12 16 4 26 3 12 9 0 17 0 2 2 5 7 4 5 4 0 7 1 0 3 0 1 0 1 5 4 3 0 0 0 5 2 2 2 2 11
"success" 2 0 2 1 1 3 4 4 2 3 0 2 4 2 3 0 1 2 2 0 0 0 0 1 0 1 0 0 2 3 2 2 1 2 7 1 1 1 1 1 2 0 1 2 1 0 0 1 1 0 1 0 0 0 2 2 0 2 0 4
"privat" 2 0 2 0 0 1 0 0 0 0 1 0 0 0 0 0 0 0 1 0 0 0 1 0 1 0 1 1 0 0 1 2 3 2 1 1 0 1 0 0 1 1 0 0 0 0 0 0 0 0 0 0 0 1 1 0 0 0 0 1
"assur" 2 0 0 0 0 1 1 0 0 0 0 0 1 3 0 1 4 0 1 0 0 1 2 0 1 0 1 0 2 1 2 0 0 3 1 0 2 0 0 0 1 1 0 2 0 1 0 0 2 1 0 0 0 0 0 1 0 0 1 0
"sentiment" 2 0 1 0 1 1 1 2 0 4 1 0 4 0 1 0 2 0 3 0 1 0 4 0 0 0 2 2 0 0 1 2 0 0 2 0 0 0 0 0 0 0 0 0 0 0 0 0 0 0 1 0 0 1 0 0 0 0 0 0
"advanc" 2 0 0 3 2 2 1 2 1 2 1 1 0 3 1 1 4 0 0 0 0 1 1 0 1 1 1 2 0 0 1 0 0 1 4 12 1 2 1 0 4 0 0 0 1 1 0 0 0 0 1 0 2 1 3 2 2 0 0 0
"charact" 2 0 1 1 2 0 1 1 1 1 1 1 4 19 3 1 1 2 0 0 0 0 1 0 0 2 2 1 0 1 1 1 0 0 0 2 1 0 0 0 0 0 0 0 1 0 0 0 0 0 0 0 1 4 4 1 1 0 0 0
"seem" 2 0 0 0 0 0 0 2 1 0 1 0 0 4 3 0 0 0 2 2 1 1 1 0 0 1 2 1 0 0 1 0 1 1 1 1 0 0 3 2 0 2 0 0 1 0 1 1 0 0 3 0 3 2 0 0 0 0 0 1
"system" 2 0 3 0 0 1 0 2 5 1 2 1 4 8 11 0 2 1 0 0 0 0 2 2 1 1 1 5 0 0 2 4 0 3 4 11 1 1 0 0 0 0 0 0 0 0 4 1 3 4 1 0 0 0 0 1 0 1 1 3
"tranquil" 2 0 1 0 1 1 0 0 0 2 0 0 2 2 0 0 2 0 0 0 0 0 0 0 0 0 0 0 0 0 0 0 0 0 2 0 0 0 0 0 0 0 0 0 0 0 0 0 0 0 0 0 0 0 0 0 0 0 0 0
"communiti" 2 0 0 0 0 0 0 3 1 0 0 2 3 2 2 0 0 1 1 0 0 0 0 2 0 10 0 1 0 0 3 0 1 0 0 3 0 1 0 1 0 2 0 0 0 1 2 0 0 1 1 3 3 4 1 0 0 0 0 2
"without" 2 0 3 2 2 2 4 3 7 1 1 3 5 9 4 1 3 4 3 2 5 3 1 3 0 7 1 4 6 1 6 5 1 2 4 1 3 3 2 0 2 0 5 0 5 2 0 0 0 0 0 0 0 1 2 2 1 0 1 1
"humbl" 2 0 1 1 0 0 0 0 1 1 1 1 2 0 1 0 1 3 0 0 0 0 0 0 1 0 1 1 0 0 0 0 0 1 0 0 1 0 0 0 0 1 0 0 0 0 0 1 0 0 0 0 1 1 0 2 0 0 1 0
"futur" 2 0 1 1 2 1 0 1 3 4 0 0 2 2 1 0 7 1 0 1 1 3 0 2 1 2 0 2 2 2 3 0 1 2 1 1 1 1 3 0 2 4 1 0 1 1 3 2 3 2 3 1 3 1 2 3 4 1 3 2
"bless" 2 0 2 1 1 1 0 5 0 5 0 1 3 2 6 1 3 4 0 0 0 0 3 6 2 0 0 1 1 1 0 0 0 1 0 1 1 2 0 1 0 0 2 1 0 1 0 0 2 4 3 1 3 3 1 2 2 2 1 1
"influenc" 2 0 2 0 2 1 0 1 1 0 0 0 2 11 1 0 5 2 0 0 1 4 2 2 1 2 2 1 0 0 4 0 4 2 3 3 0 0 0 0 1 0 0 0 0 0 1 0 1 0 0 0 0 0 2 0 0 0 0 0
"free" 2 0 2 3 1 2 1 3 2 0 2 0 2 11 12 0 1 9 2 0 1 1 3 3 1 7 4 10 3 2 3 0 3 1 3 1 0 1 3 0 11 21 5 5 1 2 0 1 3 3 9 1 3 1 7 2 3 1 0 4
"articl" 2 0 0 0 2 0 0 0 2 1 0 0 0 1 2 0 0 0 2 0 1 0 0 1 0 0 0 0 0 0 0 0 0 0 0 0 0 0 0 0 0 0 0 0 2 0 0 0 0 0 0 0 0 0 0 0 0 0 0 0
"expedi" 2 0 1 0 0 0 0 0 1 0 0 0 1 1 0 0 0 1 0 0 0 0 0 0 0 2 0 1 0 0 0 0 0 0 0 0 0 0 0 0 0 0 0 0 0 0 0 0 0 0 0 0 0 0 0 1 0 0 0 0
"subject" 2 1 1 0 0 0 0 1 3 0 2 1 5 11 4 0 5 4 3 0 2 4 6 4 1 3 2 4 0 1 7 0 0 1 2 0 0 1 0 0 1 0 0 1 0 0 0 0 0 0 0 0 0 1 0 1 0 0 0 1
"constitut" 2 2 9 3 6 1 0 8 0 12 3 5 6 45 19 6 13 17 34 1 3 1 9 19 8 14 4 3 4 0 5 0 0 2 7 1 4 2 2 1 0 1 0 0 0 1 0 0 1 0 0 0 0 0 1 0 1 0 3 2
"power" 2 0 6 5 5 2 3 7 24 10 8 7 10 67 27 3 14 12 4 1 0 3 3 11 4 10 7 7 4 5 6 1 7 0 5 4 3 10 0 0 2 4 5 9 0 1 2 2 2 3 3 5 5 4 3 5 4 4 5 9
"given" 2 0 0 0 0 1 1 1 0 0 0 0 2 11 1 0 0 1 4 0 0 1 0 2 0 3 2 4 1 1 4 1 1 0 2 3 2 0 0 2 0 1 1 0 1 1 0 2 0 1 1 0 0 0 1 1 0 0 0 2
"place" 2 0 1 1 5 1 3 3 8 1 1 1 1 8 1 0 4 2 2 1 1 2 1 6 3 2 3 1 0 0 2 1 1 4 1 4 1 0 1 0 2 1 0 2 4 1 4 2 4 4 6 2 1 3 1 2 0 0 2 4
"particular" 2 0 2 0 0 0 0 2 0 0 1 0 1 4 0 1 1 1 3 0 0 0 0 0 0 1 0 0 0 0 0 1 0 0 0 3 0 0 0 0 0 0 0 0 0 0 0 0 0 0 0 0 0 0 0 0 0 0 0 0
"honor" 2 1 7 2 1 3 4 4 3 1 2 0 4 3 5 3 2 1 0 0 2 1 2 1 0 5 1 3 6 0 2 0 0 0 2 0 1 0 0 3 1 5 7 0 0 2 1 1 0 1 0 0 0 2 5 1 0 0 3 3
"view" 2 0 0 1 2 1 1 2 3 2 2 1 3 1 3 1 6 2 5 0 1 2 2 1 1 2 0 5 0 0 4 1 1 1 0 1 0 0 0 0 0 2 0 1 0 1 0 0 0 0 0 0 0 1 0 0 0 0 1 0
"equal" 2 0 3 4 3 2 1 6 13 6 1 1 5 2 10 0 3 3 3 0 1 2 4 6 1 3 2 1 2 0 1 1 6 3 0 2 1 0 0 0 5 6 3 0 0 2 1 2 2 1 0 0 2 1 1 1 7 0 1 1
"polici" 2 0 0 0 0 1 1 3 3 5 1 3 2 2 9 2 2 2 1 0 2 0 2 1 5 8 1 9 3 0 14 1 0 4 7 3 3 0 0 0 1 1 0 0 0 0 7 1 0 0 0 0 0 0 2 0 0 0 0 3
"union" 2 0 2 2 3 2 0 10 5 20 1 9 2 13 32 2 5 9 20 4 2 2 3 11 0 4 0 0 0 0 0 0 0 1 0 0 0 0 0 0 0 0 0 0 9 0 0 0 0 5 1 0 4 1 1 0 1 0 2 0
"advantag" 2 0 1 0 0 0 0 6 4 0 1 0 2 2 1 0 3 2 1 0 0 1 0 0 1 3 2 2 0 0 1 0 1 0 1 1 0 0 0 0 0 0 0 0 0 0 1 0 0 0 0 1 0 0 0 0 0 0 0 1
"heaven" 2 0 0 0 0 0 1 0 0 2 0 0 0 0 1 0 1 1 1 0 0 0 0 0 0 0 0 0 0 0 0 0 0 1 0 0 0 0 0 0 0 0 0 0 0 0 0 0 0 0 1 0 1 0 1 0 0 0 0 1
"right" 2 0 2 7 4 5 2 6 7 10 4 3 5 19 17 2 16 4 16 3 2 1 6 6 6 8 3 7 3 3 10 4 4 1 12 4 1 0 1 0 8 3 2 4 1 0 7 4 1 5 5 2 1 1 6 2 3 5 3 7
"experi" 2 0 3 2 3 0 0 4 4 2 1 1 9 3 2 1 6 2 1 0 0 1 0 4 0 1 0 4 1 2 1 0 0 4 5 1 1 1 2 0 2 0 1 0 1 0 0 0 0 0 1 0 0 0 0 0 0 0 0 1
"american" 2 0 3 0 1 0 1 1 0 0 0 2 1 7 0 2 2 2 2 1 0 0 1 1 4 6 9 9 7 0 8 0 2 9 3 6 2 4 4 1 4 3 2 4 7 4 2 3 10 14 4 14 16 9 10 5 10 15 18 20
"decid" 2 0 0 1 0 0 0 0 0 0 0 0 1 1 0 0 1 3 2 0 0 0 0 0 0 0 0 0 0 0 0 0 0 0 0 0 0 0 0 0 1 0 0 0 1 0 1 0 1 0 0 0 0 0 0 1 0 0 0 0
"light" 2 0 0 1 0 1 0 1 2 0 1 0 1 0 0 0 4 0 0 0 0 0 0 4 0 1 0 0 0 0 1 1 1 1 0 0 0 1 0 0 0 5 1 2 0 2 0 0 0 1 2 1 0 0 0 2 1 0 1 0
"opportun" 2 0 0 0 0 0 1 0 1 1 0 0 0 0 1 0 1 0 1 0 0 0 0 0 0 1 0 1 0 0 0 3 3 6 4 6 0 3 1 0 2 0 1 0 0 2 2 1 4 4 0 3 4 1 0 1 2 0 1 1
"requir" 2 1 0 0 1 0 1 2 4 1 2 0 0 4 4 0 4 5 1 0 3 1 1 2 1 2 1 0 2 0 7 0 0 2 7 0 2 2 0 0 1 1 0 1 2 0 2 1 3 0 0 1 0 1 2 1 8 0 2 0
"pecuniari" 2 0 0 0 0 0 0 0 0 0 0 0 0 0 1 0 0 1 0 0 0 0 0 1 0 0 0 0 0 0 1 0 0 0 0 0 0 0 0 0 0 0 0 0 0 0 0 0 0 0 0 0 0 0 0 0 0 0 0 0
"fellow-citizen" 1 0 3 2 0 1 1 5 1 0 0 0 0 11 1 1 0 2 1 0 0 1 0 2 1 1 0 1 2 0 1 0 0 0 0 0 0 0 0 0 0 0 0 0 0 0 0 0 0 0 0 0 0 0 0 0 0 0 0 0
"senat" 1 0 1 0 0 0 0 0 0 0 0 0 0 5 0 1 0 0 0 0 0 0 1 0 0 1 0 3 0 0 0 1 0 0 0 0 0 0 0 0 1 0 0 0 0 1 1 0 2 4 3 0 0 0 0 0 0 0 0 1
"among" 1 0 4 1 7 0 1 3 1 3 1 1 3 3 6 1 0 2 6 1 1 0 1 1 2 4 2 3 2 1 9 0 0 3 3 4 0 5 0 0 2 3 1 0 3 1 1 2 4 2 0 1 0 0 1 0 1 0 0 0
"vicissitud" 1 0 0 0 0 1 0 0 0 1 1 0 1 0 0 0 0 0 0 0 0 0 0 0 1 0 0 0 0 0 0 0 0 0 0 0 0 0 0 0 0 0 0 0 0 0 0 0 0 0 0 0 0 0 0 0 0 0 0 0
"incid" 1 0 0 0 0 0 0 2 0 0 0 0 0 0 2 0 1 0 0 0 0 0 0 0 0 2 1 0 0 0 0 0 0 1 0 0 0 0 0 0 0 0 0 0 0 0 0 0 0 0 0 0 0 0 0 0 0 0 0 0
"life" 1 0 2 1 2 1 1 1 2 1 0 1 1 1 3 0 0 0 0 0 0 0 0 2 3 2 4 1 3 6 2 8 6 4 5 4 2 3 9 2 5 7 2 3 1 5 1 2 2 2 4 2 3 3 4 3 4 2 1 3
"fill" 1 0 0 0 0 1 0 0 0 0 0 0 1 1 2 1 1 0 0 0 1 0 0 0 0 0 0 0 0 0 0 0 0 0 0 1 0 0 0 0 0 0 0 0 0 0 0 0 0 2 1 0 0 1 0 1 1 1 0 1
"greater" 1 0 0 1 0 0 1 3 0 0 0 1 0 4 1 0 0 1 1 0 1 0 0 3 0 2 0 2 1 0 3 0 0 1 1 5 0 1 1 0 4 0 2 0 1 0 0 0 3 0 2 0 0 1 1 4 1 0 0 2
"anxieti" 1 0 1 0 0 0 0 1 0 1 0 1 0 0 0 0 1 0 1 0 0 1 0 0 2 0 1 0 1 1 0 0 0 0 0 0 0 1 0 0 0 1 0 0 0 0 0 0 0 0 0 0 0 0 0 0 0 0 0 0
"notif" 1 0 0 0 0 0 0 0 0 0 0 0 0 0 0 0 0 0 0 0 0 0 0 0 0 0 0 0 0 0 0 0 0 0 0 0 0 0 0 0 0 0 0 0 0 0 0 0 0 0 0 0 0 0 0 0 0 0 0 0
"transmit" 1 0 0 0 0 0 0 0 0 1 0 1 0 0 0 0 2 0 1 0 0 0 0 1 0 0 0 1 0 0 0 0 0 0 0 0 0 0 0 0 0 0 0 0 0 0 0 0 0 0 0 0 0 0 0 0 0 0 0 0
"receiv" 1 0 0 0 0 0 2 1 2 1 0 0 3 3 0 1 0 1 0 0 1 3 0 1 1 0 0 1 0 0 1 0 0 1 0 1 0 1 0 0 1 0 2 0 0 0 0 0 0 0 0 0 0 0 0 0 0 0 0 0
"14th" 1 0 0 0 0 0 0 0 0 0 0 0 0 0 0 0 0 0 0 0 0 0 0 0 0 0 0 0 0 0 0 0 0 0 0 0 0 0 0 0 0 0 0 0 0 0 0 0 0 0 0 0 0 0 0 0 0 0 0 0
"month" 1 0 0 0 0 0 0 0 1 0 0 0 0 1 0 0 0 0 0 0 0 0 0 0 0 0 0 0 0 0 0 0 1 0 1 0 0 0 0 0 0 0 0 0 0 0 0 0 1 1 0 0 0 0 0 2 0 0 1 2
"hear" 1 0 0 0 1 0 0 0 0 0 0 0 0 0 0 0 0 0 0 0 0 0 0 0 0 0 0 0 0 0 0 0 0 0 0 0 0 0 1 0 0 0 0 0 0 0 0 0 1 1 1 1 0 0 0 0 2 1 3 0
"vener" 1 0 2 0 0 0 0 1 0 1 1 0 1 0 0 0 0 0 0 0 0 0 0 0 0 0 1 0 0 0 0 0 0 0 0 0 0 0 0 0 0 0 0 0 0 0 0 0 0 0 0 0 0 0 0 0 0 0 0 0
"chosen" 1 0 0 1 0 0 0 0 0 0 0 0 1 0 3 1 0 0 1 0 0 1 1 0 1 0 2 1 0 0 0 0 1 0 0 1 0 1 0 0 0 1 0 0 0 0 0 0 0 0 1 0 0 0 3 1 0 0 0 0
"fondest" 1 0 0 0 0 0 0 0 0 0 0 0 0 0 0 0 0 0 0 0 0 0 0 0 0 0 0 0 0 0 0 0 0 0 0 0 0 0 0 0 0 0 0 0 0 0 0 0 0 0 0 0 0 0 0 0 0 0 0 0
"predilect" 1 0 0 0 0 0 0 0 0 0 0 0 0 0 0 0 0 0 0 0 0 0 0 0 0 0 0 0 0 0 0 0 0 0 0 0 0 0 0 0 0 0 0 0 0 0 0 0 0 0 0 0 0 0 0 0 0 0 0 0
"flatter" 1 0 0 0 0 0 0 0 1 0 0 0 0 2 0 0 0 0 0 0 0 0 0 0 0 0 0 0 0 0 0 0 0 0 0 0 0 0 0 0 0 0 0 0 0 0 0 0 0 0 0 0 0 0 0 0 0 0 0 0
"decis" 1 0 0 1 1 1 0 0 5 0 0 1 0 2 0 1 1 1 4 0 0 0 2 1 0 1 0 0 0 0 0 1 0 1 2 0 1 1 1 0 1 0 0 0 0 0 1 0 1 1 1 0 0 0 0 1 1 1 0 0
"asylum" 1 0 0 0 0 0 0 0 0 0 0 0 0 0 0 0 0 0 0 0 0 0 0 0 0 0 0 0 0 0 0 0 0 0 0 0 0 0 0 0 0 0 0 0 0 0 0 0 0 0 0 0 0 0 0 0 0 0 0 0
"year" 1 0 5 0 4 0 0 2 10 8 0 1 3 6 2 0 1 2 4 4 4 3 2 4 1 3 0 11 4 0 5 3 3 0 3 2 1 5 7 2 2 0 1 2 3 6 9 2 2 8 2 0 3 2 3 3 5 2 5 8
"dear" 1 0 0 1 0 0 0 1 0 1 0 1 0 0 1 0 1 0 0 0 0 0 1 0 0 0 0 0 0 0 0 0 0 0 0 0 0 0 0 0 0 0 0 0 0 0 0 0 0 0 0 0 0 0 0 0 0 0 0 0
"addit" 1 0 0 0 0 0 0 1 1 0 0 0 0 3 2 0 2 0 0 0 0 0 0 0 0 0 0 2 0 0 3 0 0 0 0 2 0 0 0 0 2 0 0 0 0 0 0 0 0 0 0 0 0 0 0 0 0 0 0 0
"habit" 1 0 0 0 3 0 1 0 0 1 1 0 1 0 1 0 0 0 0 0 0 0 0 0 1 0 0 0 0 0 0 1 0 0 0 0 0 0 0 0 0 0 0 0 0 0 0 0 0 0 0 1 0 0 2 1 0 0 0 0
"inclin" 1 0 2 0 0 0 0 0 0 0 0 0 0 0 0 0 0 0 1 0 0 0 0 0 0 0 0 0 0 0 0 0 0 0 0 0 0 0 0 0 0 0 0 0 0 0 0 0 0 0 0 0 0 0 0 0 0 0 0 0
"frequent" 1 0 0 0 0 0 0 0 0 0 0 0 1 0 0 0 0 0 0 0 0 0 0 0 0 1 1 0 0 0 0 0 0 0 2 0 0 0 0 0 0 0 0 0 0 0 0 0 0 0 0 0 0 0 0 0 0 0 0 0
"interrupt" 1 0 0 0 0 0 0 0 0 0 0 0 0 2 0 0 0 0 0 0 0 0 0 0 0 0 0 0 0 0 0 0 0 0 0 0 0 0 0 0 0 0 0 0 0 0 0 0 0 0 0 0 0 0 0 0 0 0 0 0
"health" 1 0 0 0 0 0 0 1 0 0 0 0 0 2 0 0 0 0 0 0 0 0 0 0 0 0 2 0 0 0 0 2 0 0 0 4 0 0 0 0 0 1 0 0 0 0 1 0 0 0 0 1 1 1 1 2 1 0 1 1
"gradual" 1 0 0 0 0 0 0 0 0 0 1 0 1 0 0 0 0 0 0 0 0 0 0 0 0 0 0 0 0 0 0 0 0 0 2 0 0 0 0 0 0 0 0 0 0 0 0 0 0 0 0 0 0 0 0 0 0 0 0 0
"wast" 1 0 0 0 0 1 0 0 1 0 0 0 0 0 0 0 1 0 0 0 0 0 0 1 1 1 2 1 1 0 1 3 0 1 3 0 0 0 0 0 0 0 0 0 1 0 0 0 0 0 0 0 2 0 0 0 0 0 0 0
"commit" 1 0 1 1 0 0 0 1 2 1 0 0 1 5 1 1 0 0 0 0 0 1 0 1 1 0 0 1 1 0 0 0 0 3 1 1 0 0 0 0 0 0 0 2 0 3 2 2 1 0 1 0 0 5 1 0 2 0 0 0
"time" 1 0 3 0 6 1 0 5 8 6 1 2 7 11 5 1 7 7 5 1 0 3 7 6 4 4 1 6 3 0 8 1 3 1 4 3 5 3 2 1 4 5 6 2 4 7 7 5 9 13 9 7 13 7 8 6 11 2 4 5
"magnitud" 1 0 0 1 0 0 1 0 0 0 1 0 0 1 0 0 0 0 0 1 0 0 0 0 0 0 0 0 0 0 0 0 0 0 0 0 0 0 0 0 0 0 0 0 0 1 0 0 0 0 0 0 0 0 0 0 0 0 0 0
"difficulti" 1 0 0 2 0 3 0 2 1 1 0 1 3 6 1 0 0 1 2 0 0 0 0 0 0 3 0 2 1 0 0 0 0 0 1 0 1 0 0 0 0 0 0 0 0 0 0 0 0 1 0 0 0 0 1 0 0 0 0 0
"wisest" 1 0 0 0 0 0 0 0 0 0 0 0 0 0 2 0 0 1 0 0 0 0 0 0 0 0 0 0 0 0 0 0 0 0 1 0 0 0 0 0 0 0 0 0 0 0 0 0 0 0 1 0 0 0 0 0 0 0 0 0
"experienc" 1 0 0 0 1 0 0 2 1 0 0 0 0 0 1 0 0 0 0 0 0 0 0 0 0 0 0 0 0 0 0 0 0 0 0 0 0 0 0 0 0 0 0 0 0 0 0 0 0 0 0 0 0 0 0 0 0 0 0 0
"distrust" 1 0 0 0 0 0 0 0 0 0 0 0 0 1 1 0 0 0 0 0 0 0 0 0 1 0 0 1 1 0 0 0 0 0 0 1 1 0 0 0 0 1 0 0 0 0 0 0 0 0 0 0 0 0 0 0 0 0 1 0
"scrutini" 1 0 0 0 0 0 0 0 0 0 0 0 0 0 0 0 0 0 0 0 0 0 0 0 1 0 0 0 0 0 0 0 0 0 0 0 0 0 0 0 0 0 0 0 0 0 0 0 0 0 0 0 0 0 0 0 0 0 0 0
"overwhelm" 1 0 0 0 1 0 0 1 0 0 0 0 1 0 0 0 0 0 0 0 0 1 0 0 0 0 0 0 0 0 0 0 0 0 2 0 0 1 0 0 1 0 0 0 0 0 0 0 0 1 0 0 0 0 0 0 1 0 0 0
"despond" 1 0 0 0 0 0 0 0 0 0 0 0 0 0 0 0 0 0 0 0 0 0 0 0 0 0 0 0 0 0 0 0 0 0 0 0 0 0 0 0 0 0 0 0 0 0 0 0 0 0 0 0 0 0 0 0 0 0 0 0
"inherit" 1 0 0 0 0 0 0 0 0 1 0 0 0 0 0 0 2 1 0 0 0 0 0 2 0 0 0 0 0 0 1 0 0 2 0 1 1 0 0 0 0 0 0 0 0 0 0 0 0 0 0 1 0 0 0 0 0 0 0 0
"inferior" 1 0 0 0 0 0 0 0 0 0 0 0 0 1 0 0 0 0 0 0 0 0 0 0 0 0 0 0 0 0 0 0 0 0 0 0 0 0 0 0 0 1 0 0 0 0 0 1 0 0 0 0 0 0 0 0 0 0 0 0
"endow" 1 0 0 0 1 0 0 0 0 0 0 0 0 1 1 0 0 1 0 0 0 0 0 1 0 0 0 0 0 0 0 0 0 0 0 0 0 0 0 0 0 0 0 0 0 0 0 0 0 0 0 0 0 0 0 0 1 0 0 0
"unpract" 1 0 0 0 0 0 0 0 0 0 0 0 0 0 0 0 0 0 0 0 0 0 0 0 0 0 0 0 0 0 0 0 0 0 0 0 0 0 0 0 0 0 0 0 0 0 0 0 0 0 0 0 0 0 0 0 0 0 0 0
"civil" 1 0 0 1 1 2 1 1 3 2 1 0 2 4 1 3 1 3 2 1 2 7 3 2 5 5 1 4 5 1 1 0 0 13 2 6 1 2 1 1 1 0 0 1 0 1 1 0 0 0 1 3 1 6 0 1 0 1 2 1
"conscious" 1 0 1 1 0 1 0 2 0 1 0 0 3 0 0 1 2 0 0 0 1 0 0 0 0 0 0 0 0 0 1 0 3 0 2 0 1 0 0 0 0 1 0 0 0 0 0 0 0 0 0 0 0 0 0 0 0 0 0 0
"defici" 1 0 0 0 0 1 0 1 3 0 0 0 0 0 0 0 0 0 0 0 0 0 0 0 0 0 0 2 0 0 0 0 0 0 0 0 0 0 0 0 0 0 0 0 0 0 0 0 0 0 0 0 0 0 0 0 0 0 0 0
"conflict" 1 0 0 1 0 0 0 1 4 2 1 0 3 0 1 2 1 0 1 2 0 0 1 1 1 0 0 0 0 0 2 0 0 1 1 0 0 0 0 0 0 1 2 0 0 0 2 0 1 0 0 0 0 0 0 2 0 0 0 0
"emot" 1 0 0 0 0 0 0 0 1 0 0 0 0 0 0 0 0 0 0 0 0 0 0 0 0 0 0 0 0 0 0 0 0 1 0 1 0 0 0 0 0 0 0 0 0 0 0 0 0 0 0 0 0 0 0 0 0 0 0 0
"aver" 1 0 0 0 0 0 0 0 0 0 0 0 0 0 0 0 0 0 0 0 0 0 0 0 0 0 0 0 0 0 0 0 0 0 0 0 0 0 0 0 0 0 0 0 0 0 0 0 0 0 0 0 0 0 0 0 0 0 0 0
"faith" 1 0 3 3 1 0 1 6 1 3 2 0 4 3 2 2 3 2 4 0 3 1 2 2 3 3 2 4 7 1 2 0 0 0 6 5 1 2 4 1 4 14 0 2 5 1 4 2 3 3 2 2 1 3 2 3 2 0 3 2
"studi" 1 0 0 0 0 0 0 0 0 0 1 0 0 0 0 1 0 0 0 0 1 0 0 0 0 0 0 0 0 0 1 3 0 0 1 0 0 0 0 0 0 0 0 0 0 0 0 0 0 0 0 0 0 0 0 0 0 0 0 0
"collect" 1 0 0 0 3 0 0 0 2 0 0 0 0 1 4 0 1 1 1 0 3 0 0 0 0 0 0 0 0 0 1 0 0 1 1 1 0 0 0 0 1 0 0 0 0 0 0 0 1 0 0 0 0 0 0 1 1 0 0 1
"appreci" 1 0 0 0 0 0 0 1 0 0 0 0 0 0 1 0 0 0 0 0 0 0 0 1 2 0 0 1 1 0 1 0 0 0 0 0 0 0 0 0 0 1 0 0 0 0 0 0 0 0 1 0 0 0 0 0 0 0 0 0
"task" 1 0 0 1 0 0 0 0 0 0 2 0 1 0 1 0 0 0 1 0 0 0 1 0 0 0 2 0 2 3 0 3 3 8 0 1 4 1 3 0 1 1 0 0 0 3 0 1 0 1 0 1 1 1 3 2 2 0 1 0
"much" 1 0 1 2 0 0 0 5 5 1 0 0 2 10 2 1 3 4 5 0 0 0 0 2 1 1 1 2 0 3 5 2 0 1 12 3 1 1 0 0 0 0 2 1 1 0 1 0 4 4 3 2 1 2 0 1 0 1 8 6
"sway" 1 0 0 0 0 0 0 0 0 0 0 0 0 0 1 0 0 0 0 0 0 0 0 0 0 0 0 0 0 0 0 0 1 0 0 0 0 0 0 0 0 0 0 0 0 0 0 0 0 0 0 0 0 0 0 0 0 0 0 0
"grate" 1 0 0 1 0 1 0 1 1 1 0 0 1 0 0 0 1 1 0 0 0 1 0 1 0 0 1 0 0 0 0 0 0 1 0 0 0 0 0 0 0 0 0 0 0 0 0 0 1 0 0 0 1 0 1 1 0 1 0 0
"remembr" 1 0 0 0 0 0 0 0 0 0 0 0 0 1 0 0 0 0 0 0 0 0 0 0 0 0 0 0 0 0 0 0 0 0 0 0 0 0 0 0 0 0 0 0 0 0 0 0 0 0 0 0 0 0 0 1 0 0 0 0
"affection" 1 0 0 0 0 0 0 0 0 0 0 0 0 2 0 0 0 0 0 0 0 0 0 0 1 0 0 0 0 0 0 0 0 0 0 0 0 0 0 0 0 0 0 0 0 0 0 0 0 0 0 0 0 0 0 0 0 0 0 0
"sensibl" 1 0 0 1 1 0 0 1 0 0 1 0 1 0 0 0 0 0 0 0 0 0 0 0 1 0 0 0 0 0 0 0 0 0 0 0 0 0 0 0 0 0 0 0 0 0 0 0 0 0 0 0 0 0 0 0 0 0 0 0
"transcend" 1 0 0 1 0 0 0 0 1 1 1 0 0 0 0 0 0 0 0 0 0 0 0 0 0 0 0 0 0 0 0 0 1 0 0 0 0 0 0 0 0 0 0 0 0 0 0 0 0 1 0 0 0 0 0 0 0 0 0 0
"proof" 1 0 1 0 1 1 1 4 3 0 0 0 1 0 0 0 0 0 0 0 0 0 0 0 0 2 0 0 0 0 0 0 0 0 0 0 0 0 0 0 1 0 0 1 0 0 0 0 0 0 0 0 0 0 0 0 0 0 0 1
"thenc" 1 0 0 0 0 0 0 0 0 0 0 0 0 0 0 0 0 0 0 0 0 0 0 0 0 0 0 0 0 0 0 0 0 0 0 0 0 0 0 0 0 0 0 0 0 0 0 0 0 0 0 0 0 0 0 0 0 0 0 0
"littl" 1 0 3 1 0 0 1 0 0 1 0 0 1 0 0 0 0 2 3 1 0 0 0 2 1 0 0 0 0 0 1 1 0 2 3 2 1 1 2 0 0 1 0 2 0 0 1 0 0 0 0 0 0 0 0 0 1 1 1 0
"incapac" 1 0 0 0 0 0 0 0 1 0 0 0 0 0 0 0 0 0 0 0 0 0 0 0 0 1 0 0 0 0 0 0 0 0 0 0 0 0 0 0 0 0 0 0 0 0 0 0 0 0 0 0 0 0 0 0 0 0 0 0
"disinclin" 1 0 0 0 0 0 0 0 0 0 0 0 0 0 0 0 0 0 0 0 0 0 0 0 0 0 0 0 0 0 0 0 0 0 0 0 0 0 0 0 0 0 0 0 0 0 0 0 0 0 0 0 0 0 0 0 0 0 0 0
"weighti" 1 0 0 0 0 0 0 0 0 1 0 0 0 0 0 0 0 0 0 0 0 0 0 0 0 0 0 0 0 0 0 0 0 0 0 0 0 0 0 0 0 0 0 0 0 0 0 0 0 0 0 0 0 0 0 0 0 0 0 0
"untri" 1 0 0 0 0 0 0 0 0 0 0 0 0 0 0 0 0 0 0 0 0 0 0 0 0 0 0 0 0 0 0 0 0 0 0 0 0 0 0 0 0 0 0 0 0 0 0 0 0 0 0 0 0 0 0 0 0 0 0 0
"error" 1 0 0 4 1 1 0 0 1 1 0 0 2 7 2 0 0 0 0 0 0 0 0 0 0 0 0 0 0 0 0 0 1 0 0 0 0 0 0 0 0 0 0 0 0 0 0 0 0 1 0 0 0 0 0 0 0 0 0 0
"palliat" 1 0 0 0 0 0 0 0 0 0 0 0 0 0 0 0 0 0 0 0 0 0 0 1 0 0 0 0 0 0 0 0 0 0 0 0 0 0 0 0 0 0 0 0 0 0 0 0 0 0 0 0 0 0 0 0 0 0 0 0
"motiv" 1 0 0 0 1 1 0 1 0 0 0 0 1 4 0 0 1 1 0 0 0 0 3 0 0 2 0 0 0 0 1 0 1 0 0 0 0 0 0 0 0 0 0 0 0 0 0 0 0 0 1 0 0 0 1 0 0 0 0 0
"mislead" 1 0 0 0 0 0 0 0 0 0 0 0 0 0 0 0 0 0 0 0 0 0 0 0 0 0 0 0 0 0 0 0 0 0 0 0 0 0 0 0 0 0 0 0 0 0 0 0 0 0 0 0 0 0 0 0 0 0 0 0
"consequ" 1 0 1 1 0 0 0 0 2 0 0 0 3 6 3 0 2 2 2 0 0 0 1 0 0 1 0 0 2 0 1 1 1 1 2 0 0 0 0 0 0 0 0 0 0 0 1 0 0 0 0 0 0 0 0 1 0 0 0 0
"partial" 1 0 2 0 0 1 0 0 0 2 1 1 2 3 0 1 0 0 1 0 0 0 0 0 0 0 0 0 0 0 1 0 0 0 0 0 0 0 0 0 0 0 0 0 0 0 0 0 0 0 0 0 0 0 0 0 1 0 0 0
"origin" 1 0 0 0 0 0 1 1 1 2 0 0 0 2 1 1 1 1 2 0 1 0 0 1 0 1 0 0 1 0 1 0 0 0 1 0 0 0 0 0 0 0 0 1 0 0 0 0 0 1 0 0 0 0 0 0 1 0 0 0
"obedi" 1 0 0 1 0 0 0 0 0 0 0 0 0 1 0 0 1 0 0 0 0 0 1 1 0 1 2 1 0 0 0 0 0 0 2 0 0 0 0 0 0 0 0 0 0 0 0 0 0 0 0 0 0 0 0 0 0 0 0 0
"repair" 1 0 0 1 0 1 0 0 1 0 0 0 0 0 0 0 1 0 0 0 0 0 0 0 0 0 0 0 0 0 0 0 0 0 0 0 0 0 0 0 0 0 0 0 0 0 0 0 0 0 0 0 1 0 0 0 0 0 2 0
"improp" 1 0 0 0 0 0 0 0 0 0 0 0 0 0 0 0 0 0 0 0 0 0 0 0 0 0 0 0 0 0 0 0 0 0 0 0 0 0 0 0 0 0 0 0 0 0 0 0 0 0 0 0 0 0 0 0 0 0 0 0
"omit" 1 0 0 0 0 0 0 0 0 0 1 0 0 0 0 0 0 0 0 0 0 0 0 0 0 0 0 0 0 0 0 0 0 0 0 0 0 0 0 0 0 0 0 0 0 0 0 0 0 0 0 0 0 0 0 0 0 0 0 0
"act" 1 1 0 0 4 0 0 1 3 0 1 1 1 12 3 0 5 2 4 0 0 2 2 1 1 2 0 0 4 2 2 0 0 0 2 1 3 0 2 0 0 2 1 0 0 0 5 0 5 2 3 2 0 2 5 1 6 0 3 2
"now" 1 2 0 1 3 1 3 0 6 3 1 3 5 5 4 2 3 7 15 2 8 3 6 9 0 5 3 10 10 2 5 3 4 1 2 0 3 3 0 1 6 0 3 2 5 9 1 3 5 10 1 5 6 2 4 6 5 6 5 9
"oath" 0 2 0 0 0 0 1 0 0 0 0 1 0 1 0 1 0 2 6 1 2 0 0 0 3 3 2 2 0 0 2 0 1 1 0 2 0 1 0 1 0 1 1 1 1 2 0 1 1 1 1 1 0 1 1 3 4 2 3 0
"function" 1 1 0 1 1 1 0 1 0 2 1 0 1 1 0 1 0 0 0 0 0 0 0 1 2 0 1 0 1 0 1 0 0 0 0 1 0 0 1 0 0 0 0 0 0 0 0 0 0 0 0 0 0 0 0 0 0 0 0 0
"express" 1 1 2 1 1 1 0 2 1 0 1 4 2 4 1 0 4 3 4 0 2 0 2 1 0 1 1 1 0 1 1 0 0 7 4 5 0 0 1 0 1 2 0 0 0 0 0 0 0 1 4 0 0 0 0 0 0 0 0 1
"distinguish" 1 1 0 0 0 1 2 2 1 1 0 0 0 4 2 1 1 0 1 0 0 0 0 0 0 0 0 0 0 0 4 0 0 0 0 0 0 0 0 0 0 0 0 0 0 0 0 0 0 0 0 0 0 1 1 0 1 0 1 0
"besid" 1 1 0 0 0 0 0 1 0 0 0 0 0 0 0 0 0 2 0 0 0 0 0 0 0 0 0 0 0 0 0 0 0 0 0 0 0 0 0 0 0 0 0 0 0 0 0 0 0 0 0 0 0 0 0 0 0 0 0 0
"proper" 1 1 0 1 0 0 1 3 4 0 3 1 0 7 4 1 2 2 5 1 2 1 1 1 1 3 0 3 0 0 18 1 0 0 0 2 0 1 0 0 0 1 0 0 0 0 0 0 0 1 0 0 0 0 0 0 0 0 0 0
"occas" 1 1 2 0 4 1 0 0 1 0 1 1 2 3 1 0 0 2 0 2 0 0 1 0 1 5 1 0 1 0 1 1 0 2 0 2 0 0 0 0 1 0 0 0 1 0 0 0 1 1 0 0 0 0 0 0 0 0 1 0
"take" 1 1 0 1 1 0 0 1 2 0 1 2 0 4 3 2 1 3 7 1 0 0 0 0 2 2 1 3 3 0 6 1 0 3 1 2 3 2 1 0 2 0 0 1 0 1 1 1 3 2 3 2 1 1 0 2 1 1 2 3
"upon" 0 1 5 1 0 2 0 1 0 16 0 5 13 34 14 2 24 3 15 1 4 4 15 13 5 21 6 31 11 1 16 8 13 6 12 17 4 6 2 1 2 10 6 0 2 0 0 1 5 2 0 0 3 1 1 3 2 0 0 0
"chief" 0 1 0 0 0 0 1 1 1 0 0 0 0 6 2 1 0 0 1 0 0 1 1 1 1 1 0 1 1 0 1 1 0 0 1 0 0 0 0 1 1 0 1 1 0 1 1 0 1 1 1 0 0 0 1 0 1 1 1 2
"magistr" 0 1 0 0 0 0 0 0 1 1 0 0 0 4 2 1 0 0 1 0 0 0 0 0 1 0 0 0 0 0 0 0 0 0 0 0 0 0 0 0 0 0 0 0 0 0 0 0 0 0 0 0 0 0 0 0 0 0 0 0
"arriv" 0 1 0 0 0 0 0 0 0 0 0 0 0 0 0 0 0 0 0 0 0 0 0 0 0 0 0 0 0 0 0 0 0 0 1 0 0 0 0 0 1 0 0 0 0 0 0 0 0 0 0 0 0 1 0 0 0 1 0 0
"endeavor" 0 1 2 0 2 0 1 2 0 0 2 0 3 1 1 1 0 0 0 0 1 1 0 0 2 1 0 3 0 0 0 0 0 1 1 0 1 0 0 0 0 0 0 2 0 0 1 0 0 0 0 0 0 0 0 0 0 0 0 0
"high" 0 1 1 2 0 1 1 7 7 1 1 0 3 8 3 2 1 1 1 1 0 0 0 4 1 2 0 3 1 2 0 2 3 3 3 3 2 0 1 0 0 0 1 1 0 2 1 2 1 0 2 0 0 0 0 1 0 0 0 0
"sens" 0 1 2 2 2 1 3 0 1 0 0 0 3 3 1 0 1 1 2 0 0 0 1 2 2 4 1 1 1 0 1 0 0 3 0 2 0 1 2 0 0 4 1 0 0 0 0 2 0 1 1 0 2 0 1 0 0 0 0 2
"entertain" 0 1 2 1 1 0 0 0 1 2 0 0 2 1 1 0 1 0 0 0 1 1 0 1 0 1 0 0 0 0 0 0 0 1 0 0 0 0 0 0 0 0 0 0 0 0 0 0 0 0 0 0 0 0 0 0 0 0 0 0
"repos" 0 1 0 1 0 1 0 0 0 0 0 0 1 0 1 0 2 0 0 0 0 0 0 2 0 0 1 0 0 0 0 0 0 0 0 0 1 0 0 0 0 0 0 0 0 0 0 0 0 0 0 0 0 0 1 0 0 0 0 0
"america" 0 1 5 0 0 0 0 0 2 0 0 0 1 0 0 0 0 1 0 0 0 0 0 1 0 0 0 0 0 0 4 0 2 15 8 6 0 1 8 1 0 3 5 3 3 6 21 2 6 7 7 19 15 11 20 10 9 19 20 18
"previous" 0 1 0 0 0 0 0 0 0 0 0 0 0 0 0 0 0 0 0 0 0 0 0 0 0 0 0 0 0 0 1 0 0 0 0 0 0 0 0 0 0 0 0 0 0 1 0 0 0 0 0 0 0 0 0 0 0 0 0 0
"offic" 0 1 0 2 3 0 1 2 4 1 3 0 2 12 5 5 3 2 4 1 4 5 8 3 1 19 2 2 2 0 8 1 0 1 3 5 1 1 0 1 1 0 0 0 0 1 0 1 0 0 0 1 2 0 0 1 0 1 1 2
"presenc" 0 1 1 2 0 0 1 0 0 1 0 0 1 0 1 0 1 0 2 0 0 0 0 0 1 3 0 3 1 0 0 1 0 2 0 1 0 0 0 2 0 1 0 0 0 1 0 0 0 1 0 0 0 0 0 0 0 0 1 1
"found" 0 1 1 1 2 0 3 2 5 3 3 0 5 8 1 1 1 1 1 0 0 0 0 3 2 3 2 2 2 2 2 0 0 2 4 3 0 3 0 0 0 1 0 1 0 1 0 2 2 2 1 0 0 0 2 2 4 0 0 0
"violat" 0 1 0 1 0 0 1 0 1 0 0 0 0 5 1 0 0 0 2 0 0 0 0 2 0 2 0 1 0 0 0 1 0 0 3 2 0 0 0 0 0 0 0 0 0 0 0 1 0 0 0 0 0 0 0 0 0 0 0 1
"will" 0 1 0 0 0 0 0 1 0 0 0 0 2 0 0 0 0 0 0 2 0 0 0 0 0 2 0 1 0 0 0 1 0 0 1 0 2 1 0 0 0 1 0 0 0 1 0 0 0 0 1 0 0 0 1 2 0 0 1 0
"know" 0 1 0 1 3 0 1 0 3 1 0 0 2 2 0 0 1 0 0 0 1 0 0 0 0 0 2 0 1 2 0 1 1 5 3 4 2 3 10 1 1 8 7 4 2 10 1 3 4 1 6 2 2 5 6 5 7 0 8 1
"injunct" 0 1 1 0 0 0 0 0 0 1 0 0 0 0 0 0 0 0 0 0 0 0 0 0 0 0 0 0 0 0 3 0 0 0 0 0 0 0 0 0 0 0 0 0 0 0 0 0 0 0 0 0 0 0 0 0 0 0 0 0
"thereof" 0 1 0 0 0 0 0 0 0 0 0 0 0 0 0 0 0 1 1 0 0 0 0 3 0 0 0 0 0 0 0 0 0 0 0 0 0 0 0 0 0 0 0 0 0 0 0 0 0 0 0 0 0 0 1 0 0 0 0 0
"incur" 0 1 0 0 0 0 0 0 1 0 0 0 1 0 1 0 0 0 0 0 0 0 0 0 0 0 0 0 0 0 0 0 0 0 0 0 0 0 0 0 0 0 0 0 0 0 0 0 0 0 0 0 0 0 0 0 0 0 0 0
"punish" 0 1 0 0 2 0 1 1 2 0 0 0 1 1 0 0 1 0 0 0 0 0 0 0 0 0 1 0 0 0 1 0 0 0 0 0 0 0 0 0 1 0 0 0 0 0 0 0 0 0 0 0 0 0 0 0 0 0 0 0
"upbraid" 0 1 0 0 0 0 0 0 0 0 0 0 0 0 0 0 0 0 0 0 0 0 0 0 0 0 0 0 0 0 0 0 0 0 0 0 0 0 0 0 0 0 0 0 0 0 0 0 0 0 0 0 0 0 0 0 0 0 0 0
"wit" 0 1 0 0 3 0 0 1 0 0 0 0 2 0 0 0 0 1 0 0 0 0 0 1 0 2 1 0 0 0 0 0 0 1 0 0 0 1 0 0 0 2 2 1 0 0 0 0 0 0 0 0 0 0 3 0 1 0 0 1
"solemn" 0 1 2 0 0 2 1 0 1 2 1 3 3 2 1 0 0 1 1 0 0 0 0 0 2 3 1 1 0 0 0 2 1 2 0 1 0 1 0 1 0 0 2 1 0 0 1 0 1 0 0 0 0 1 1 0 1 0 0 0
"ceremoni" 0 1 0 0 0 0 0 0 0 0 0 0 0 0 0 0 0 0 0 0 0 0 1 0 1 1 0 0 0 0 0 0 0 0 0 0 0 0 0 0 0 1 0 0 0 0 0 2 2 0 0 2 0 0 1 0 0 1 0 0
"fervent" 1 0 0 0 0 1 0 1 1 2 0 1 1 1 2 0 1 0 0 1 0 0 0 1 0 0 0 0 1 0 0 0 0 0 0 0 0 0 0 0 0 0 0 0 0 0 0 0 0 1 0 0 0 0 0 0 0 0 0 0
"almighti" 1 0 0 0 0 1 0 1 1 0 0 1 0 2 2 0 0 0 1 1 1 0 0 1 1 1 0 1 1 0 1 0 0 0 1 2 0 0 0 1 1 2 1 1 0 0 0 0 0 0 0 1 0 0 0 0 0 1 0 0
"univers" 1 0 3 1 0 1 0 0 0 0 0 0 0 0 1 0 1 0 2 0 0 0 3 1 0 0 0 1 0 0 0 0 1 2 1 2 0 0 0 0 0 0 0 0 0 0 0 0 0 0 0 1 0 0 0 1 0 0 0 1
"council" 1 0 0 1 1 2 0 0 0 2 0 0 1 1 0 1 0 0 0 0 0 0 0 0 0 0 0 1 0 0 0 0 0 0 0 0 0 0 0 0 0 0 0 0 0 0 0 0 0 0 0 0 0 0 0 0 0 0 0 0
"aid" 1 0 0 0 1 2 0 3 4 0 2 0 1 4 2 1 2 1 0 1 1 1 2 3 2 1 3 1 0 0 3 0 1 1 0 1 0 3 0 0 5 0 0 0 0 0 0 0 0 1 0 1 0 0 0 0 0 1 0 0
"suppli" 1 0 1 0 0 1 1 1 2 0 0 0 0 0 0 0 0 0 0 0 0 0 0 0 0 0 0 3 0 0 1 0 0 0 0 1 1 0 0 0 1 0 0 0 0 0 0 0 0 0 0 0 0 0 0 0 0 0 0 0
"defect" 1 0 0 1 0 0 0 1 2 0 0 0 0 4 0 0 0 0 0 0 0 0 0 0 0 0 0 0 0 0 1 0 0 0 1 0 0 0 0 0 0 0 0 0 0 0 0 0 0 0 0 0 0 0 0 0 0 0 0 0
"benedict" 1 0 0 0 0 1 0 0 0 0 1 0 0 0 1 0 0 0 0 0 0 0 0 0 0 0 0 0 0 0 0 0 0 1 0 0 0 0 0 0 0 0 0 0 0 0 0 0 0 0 0 0 0 0 0 0 0 0 0 0
"consecr" 1 0 0 0 0 0 0 0 0 0 0 0 0 0 0 0 0 0 0 0 0 0 0 0 2 1 0 0 0 0 0 0 0 3 0 1 0 0 0 0 0 0 0 0 0 1 0 0 0 0 0 0 0 0 0 0 0 0 0 0
"institut" 1 0 3 0 1 1 1 2 1 3 0 1 17 10 11 1 3 3 4 0 0 0 1 2 1 4 4 5 2 0 2 0 0 0 1 4 0 0 1 0 0 1 0 0 0 0 0 0 0 0 0 0 0 0 3 0 1 0 0 1
"essenti" 1 0 1 1 0 2 0 5 2 0 1 0 1 4 1 1 1 0 1 0 0 0 2 0 0 0 0 2 2 1 1 1 2 3 1 1 3 2 0 1 1 0 0 0 0 0 0 1 0 0 0 0 0 0 1 0 0 0 0 0
"purpos" 1 0 0 0 0 1 1 5 8 4 0 1 1 5 2 1 2 1 6 1 0 1 4 2 0 4 4 5 6 1 2 3 9 3 1 9 1 6 2 1 2 6 5 0 3 1 1 1 0 1 2 1 0 4 1 2 2 0 1 3
"enabl" 1 0 1 1 4 0 0 1 3 0 0 0 0 1 1 0 1 0 0 0 1 1 0 1 0 0 0 0 1 1 1 0 0 0 0 0 0 0 0 0 0 0 0 0 0 0 0 1 0 0 0 0 0 0 0 0 0 0 0 0
"foreign" 0 0 8 0 4 2 1 9 4 6 3 1 6 6 11 2 3 3 2 0 2 0 3 0 3 1 0 6 1 0 5 0 0 0 2 1 2 0 0 0 1 0 0 0 1 0 0 1 0 0 1 1 0 0 0 0 0 3 0 5
"form" 1 0 7 4 0 0 1 6 2 3 1 0 5 11 7 0 2 5 3 0 0 0 2 1 3 1 1 2 1 1 4 1 0 0 1 2 3 0 3 1 2 0 0 3 0 0 0 0 0 0 1 0 1 0 0 0 0 1 0 1
"mind" 1 0 6 2 4 1 0 2 0 2 2 1 1 4 3 0 2 2 1 0 1 0 1 0 0 0 2 1 0 0 1 2 2 3 3 2 1 1 5 0 0 0 0 0 0 0 0 0 0 1 0 0 0 0 3 3 0 1 0 0
"legislatur" 0 0 6 0 0 0 0 2 0 2 1 0 0 6 1 0 0 0 0 0 0 0 0 0 0 0 0 0 0 0 0 0 0 0 0 0 0 0 0 0 0 0 0 0 0 0 0 0 0 0 0 0 0 0 0 0 0 0 0 0
"justic" 0 0 6 1 4 2 3 1 2 4 0 1 2 3 2 0 1 3 3 0 0 0 2 1 2 6 1 2 2 2 3 8 2 5 8 14 0 1 0 1 6 0 6 1 6 1 1 1 1 1 2 0 1 3 6 0 2 1 5 5
"ever" 0 0 6 0 2 0 0 2 2 2 0 1 4 4 1 0 2 8 4 0 1 1 0 0 1 0 0 4 1 4 1 0 0 3 2 3 0 0 0 0 0 1 1 0 0 2 2 1 2 2 1 2 2 1 1 0 1 1 4 6
"congress" 0 0 6 0 0 0 0 0 5 1 2 0 1 11 3 4 0 9 5 0 1 1 1 9 0 8 0 18 9 0 14 0 0 1 2 3 4 0 0 0 0 0 0 0 0 0 0 0 1 1 3 3 2 0 1 0 1 0 0 0
"spirit" 0 0 6 0 2 2 4 0 6 1 1 1 7 20 3 1 4 4 0 0 0 1 1 0 3 3 1 3 3 3 0 1 5 4 0 2 3 3 9 0 0 1 1 0 1 6 2 6 0 2 0 1 5 3 0 5 1 1 0 4
"parti" 1 0 5 0 1 0 0 3 11 7 0 0 1 12 2 0 1 2 7 2 0 0 14 1 2 5 2 8 2 0 2 5 1 1 11 6 0 0 0 0 0 0 0 1 0 0 0 0 1 1 1 0 1 0 1 0 1 2 1 0
"interest" 1 0 5 0 9 3 0 12 6 7 3 2 8 14 16 6 5 2 1 3 3 2 10 5 8 10 5 7 1 0 11 1 6 2 2 1 0 1 0 0 1 0 0 0 1 0 0 1 2 0 0 1 2 4 2 2 1 1 1 1
"peac" 0 0 5 6 4 4 0 6 10 9 2 3 2 1 12 1 3 6 3 1 0 1 8 2 3 7 0 5 8 3 4 0 6 7 16 16 0 4 0 6 16 12 11 5 0 13 19 2 2 8 4 2 1 2 2 4 5 1 5 1
"men" 1 0 4 3 1 0 0 3 1 3 1 0 3 8 3 0 1 2 0 2 1 0 2 1 1 6 3 2 1 4 6 11 3 1 2 5 2 8 5 4 6 7 5 1 2 1 0 0 2 3 4 1 0 0 2 4 3 2 0 1
"reflect" 1 0 4 1 1 1 2 2 0 0 0 0 1 1 0 1 0 1 1 0 1 0 0 0 0 0 0 0 0 0 0 0 0 6 1 0 0 0 0 0 0 0 0 0 0 1 0 1 2 0 1 0 0 0 1 0 0 0 0 0
"cours" 1 0 4 1 3 1 0 1 4 0 2 0 2 5 0 0 2 0 1 1 1 1 2 0 0 0 0 0 1 0 6 1 0 1 4 0 2 0 0 0 2 1 0 2 1 1 0 0 0 1 1 0 3 1 0 0 1 1 0 0
"preserv" 1 0 4 3 1 1 1 8 2 3 2 7 6 8 10 1 2 4 1 0 0 0 1 3 1 2 2 5 1 2 0 0 1 4 0 2 0 1 3 0 0 0 0 1 0 0 4 1 3 4 0 2 2 0 0 0 2 0 0 0
"pleas" 1 0 4 1 0 0 0 1 1 0 0 0 0 1 0 0 0 0 0 0 0 0 0 0 0 0 0 0 0 0 0 0 0 0 0 0 0 0 0 0 0 0 0 0 0 0 0 0 0 0 0 0 0 0 0 1 0 0 0 1
"determin" 0 0 4 0 0 1 0 0 0 0 0 0 3 2 0 1 0 2 0 0 4 0 1 1 2 0 1 0 2 1 4 2 0 1 9 4 0 1 1 0 3 0 0 0 0 1 2 0 1 1 0 1 0 1 3 1 2 1 0 0
"certain" 0 0 4 0 1 0 0 1 2 0 0 0 3 6 1 0 1 1 2 0 0 0 3 2 0 1 1 2 0 1 6 0 2 0 1 0 1 0 0 0 0 1 1 1 0 0 0 0 0 0 1 0 2 0 0 0 1 0 1 0
"general" 0 0 4 2 2 1 1 0 3 8 3 6 4 9 7 0 2 0 2 1 1 2 6 2 2 4 1 2 1 0 5 0 0 1 3 1 0 1 0 0 0 0 1 0 0 0 0 0 0 1 0 0 0 0 0 0 0 0 0 0
"elect" 0 0 4 1 0 0 0 1 4 2 1 0 2 6 1 1 0 1 1 0 1 0 4 0 0 8 0 6 2 0 5 0 0 1 4 6 0 1 1 0 0 1 0 0 0 0 0 0 0 2 1 0 0 0 0 0 0 0 1 3
"support" 0 0 4 3 2 2 2 4 6 1 1 4 3 5 5 1 1 2 2 0 0 4 2 3 0 2 7 6 2 0 2 0 1 0 10 6 2 1 0 0 3 0 0 4 0 0 1 0 3 2 0 0 0 0 2 0 1 0 3 1
"knowledg" 0 0 4 0 1 0 0 0 2 0 1 0 1 0 0 0 0 0 1 0 0 0 0 0 0 5 0 1 0 0 0 2 0 1 1 3 0 0 1 0 4 2 2 0 2 0 0 0 0 0 0 1 1 1 0 2 1 1 0 1
"virtuous" 0 0 4 0 0 1 1 1 0 0 0 0 0 1 0 0 0 0 0 0 0 0 0 1 0 1 0 0 0 0 0 0 0 0 0 0 0 0 0 0 0 0 0 0 0 0 0 0 0 0 0 0 0 0 0 0 0 0 0 0
"choic" 0 0 4 1 0 0 0 0 0 0 1 0 0 0 0 0 0 0 0 0 0 0 0 0 1 1 0 0 0 0 0 0 0 0 0 1 0 0 0 0 0 2 0 0 1 1 0 0 0 0 1 0 3 2 5 2 1 0 0 1
"author" 1 0 3 2 2 4 2 1 3 3 1 0 5 11 5 1 2 0 7 0 0 0 2 10 0 0 0 3 4 0 2 0 0 1 0 1 2 0 0 0 1 0 1 0 0 0 0 0 1 2 0 1 0 2 1 0 1 0 0 0
"independ" 1 0 3 0 2 1 1 3 3 2 2 1 1 6 7 0 1 4 1 0 0 0 0 2 1 3 2 0 2 0 0 0 1 2 11 3 0 0 1 0 0 0 1 0 0 0 0 0 2 2 0 1 0 1 3 0 1 0 0 1
"adopt" 1 0 3 0 1 0 1 1 2 1 0 1 1 8 5 2 0 0 0 0 1 1 1 2 1 3 0 0 0 0 5 0 0 0 3 1 1 0 0 0 0 0 0 0 0 0 1 0 0 0 0 0 0 0 0 0 0 0 0 0
"attach" 1 0 3 1 0 0 0 0 1 1 0 0 0 3 2 0 0 0 0 0 0 0 0 0 0 0 1 0 1 0 0 0 0 0 0 0 0 0 0 0 0 0 0 0 0 0 0 0 0 0 0 0 0 0 0 0 0 0 0 0
"principl" 1 0 3 9 4 2 1 9 6 7 1 1 8 21 8 2 2 5 2 0 0 0 6 0 2 1 4 5 3 0 3 1 6 0 6 0 0 0 0 1 3 6 2 0 0 0 1 2 1 0 1 0 0 4 0 1 4 0 0 0
"respect" 1 0 3 0 0 2 2 5 7 6 2 0 2 12 5 1 5 1 2 0 2 0 7 2 0 7 0 3 0 0 11 1 0 0 1 6 4 0 0 0 1 1 3 0 0 0 6 3 0 0 0 0 0 1 0 1 0 0 3 3
"world" 1 0 3 3 2 2 1 0 2 1 0 2 2 2 5 0 3 3 1 1 1 3 2 3 1 1 0 6 2 3 2 2 6 25 13 15 6 2 3 2 23 16 16 8 7 15 18 6 9 16 10 20 15 3 8 8 3 6 8 10
"virtu" 1 0 3 1 0 1 0 2 3 2 1 0 1 1 0 0 0 1 1 0 0 0 0 1 0 3 1 0 0 1 0 0 0 0 0 0 0 0 0 0 0 1 0 0 0 0 0 0 0 0 0 0 0 0 0 2 0 0 0 0
"consid" 1 0 3 0 1 0 2 0 3 0 2 0 0 6 0 0 1 3 2 0 0 1 2 0 0 0 0 2 0 0 1 0 0 0 1 2 0 2 1 0 0 0 0 0 0 0 0 0 0 0 0 0 0 0 1 1 0 0 0 1
"servic" 1 0 3 2 1 2 1 2 0 3 3 0 1 2 0 1 2 1 5 0 0 3 5 5 2 5 6 2 0 0 0 1 1 6 2 7 0 1 1 1 0 2 1 1 0 0 0 0 0 0 0 4 0 3 1 3 1 0 2 3
"resolut" 1 0 3 0 0 0 0 0 0 0 0 0 0 0 0 0 0 0 1 0 0 0 0 1 1 0 0 2 1 0 0 0 0 1 0 0 1 0 0 0 0 0 0 0 0 0 0 0 0 0 0 0 0 0 0 0 0 0 0 0
"earli" 0 0 3 0 0 0 0 2 2 0 0 0 1 4 0 0 1 0 0 0 0 0 1 0 0 0 0 4 0 0 2 0 0 0 0 0 0 0 2 0 0 0 0 0 0 0 0 0 0 0 0 0 0 0 0 0 0 0 0 0
"danger" 0 0 3 0 1 1 0 7 3 2 1 2 7 12 3 0 4 1 0 0 0 1 0 7 0 4 2 1 0 1 2 0 0 2 1 4 0 0 0 0 1 2 1 1 1 1 2 0 1 1 0 1 0 1 1 2 1 0 0 2
"whole" 0 0 3 2 1 0 0 3 9 6 0 0 3 9 7 1 1 4 4 1 0 1 3 0 1 4 0 0 0 0 1 1 2 0 0 9 1 2 0 0 0 2 3 0 0 1 0 0 1 0 1 0 1 0 2 0 0 0 3 0
"integr" 0 0 3 0 0 0 0 0 0 1 1 1 0 0 0 1 3 0 0 0 0 0 1 0 1 1 1 2 1 0 0 0 0 0 1 4 0 0 1 0 0 0 0 0 0 0 0 0 0 0 0 0 0 0 1 0 0 0 0 1
"provid" 0 0 3 2 3 0 0 3 3 3 2 0 3 1 1 2 4 4 3 1 2 1 0 1 0 4 0 4 2 0 2 0 1 2 2 2 1 1 0 1 2 2 0 0 1 0 2 1 3 0 0 2 0 0 0 0 0 0 0 2
"exampl" 0 0 3 0 0 2 1 5 1 3 1 0 2 2 2 3 2 1 0 0 0 0 3 0 1 2 0 3 0 0 0 0 0 3 2 1 0 1 0 0 1 0 0 0 0 0 0 0 0 0 0 0 0 1 0 1 0 1 2 0
"commerc" 0 0 3 3 0 2 0 3 11 2 1 0 1 0 3 1 2 1 0 0 1 4 0 2 1 2 0 2 0 0 8 1 1 0 0 0 0 0 0 0 1 2 1 1 0 0 0 0 0 0 0 1 1 0 0 1 1 0 0 0
"esteem" 0 0 3 0 0 0 0 0 0 0 0 0 0 0 0 0 0 0 0 0 0 0 0 0 0 1 0 1 0 0 0 0 0 0 0 0 0 0 0 0 0 0 0 0 0 0 0 0 0 0 0 0 0 0 0 0 0 0 0 0
"friend" 0 0 3 1 3 2 0 1 0 3 0 0 3 2 0 1 1 0 3 0 0 1 0 0 0 7 0 2 1 0 0 0 0 0 0 0 0 0 0 2 0 4 2 3 1 1 1 0 0 4 9 3 0 1 1 3 1 0 2 0
"idea" 0 0 3 0 0 0 0 0 0 0 0 0 0 4 0 0 1 0 1 0 0 0 0 0 0 0 1 0 0 0 0 0 0 0 0 0 0 0 0 0 0 1 0 0 0 1 1 1 1 1 3 6 1 0 0 1 2 0 0 0
"benevol" 0 0 3 0 0 1 0 0 0 0 0 0 0 0 0 0 0 1 0 0 0 0 0 0 0 0 0 0 0 0 0 0 0 0 0 0 0 0 0 0 0 0 0 0 0 0 0 0 0 0 0 0 0 0 0 0 0 0 0 0
"anyth" 0 0 3 0 0 0 0 0 0 0 0 0 0 3 0 0 0 0 0 0 0 1 0 0 0 1 0 0 0 0 1 0 0 0 0 0 0 0 0 0 0 0 0 0 0 0 0 0 0 0 0 0 0 1 0 0 0 1 0 1
"long" 0 0 3 1 0 2 3 2 3 0 3 1 3 6 2 0 1 2 0 0 1 1 1 3 0 2 1 3 2 0 2 3 0 2 2 2 0 1 1 0 2 3 3 2 1 2 4 1 2 1 2 1 3 2 5 4 3 2 1 0
"imparti" 0 0 3 1 0 1 0 0 1 0 0 0 0 1 1 1 0 0 0 0 0 0 0 0 0 1 0 1 0 0 0 0 0 0 0 0 0 0 0 0 0 0 0 0 0 0 0 0 0 0 0 0 0 0 0 0 0 0 0 1
"wish" 0 0 3 1 1 0 0 1 1 0 0 0 3 3 0 0 1 0 1 0 0 0 1 0 0 1 0 0 0 3 5 0 6 2 6 2 1 0 0 1 1 1 1 1 0 1 0 0 0 0 1 0 0 0 0 0 0 0 0 1
"toward" 0 0 3 1 0 1 0 0 1 1 1 0 1 0 0 0 0 2 0 1 4 3 0 0 0 1 0 1 0 2 2 0 0 0 1 8 1 1 1 1 2 2 0 0 2 3 2 1 0 2 2 0 2 1 2 1 1 0 0 0
"gratitud" 1 0 2 1 0 2 0 0 0 1 1 1 2 0 1 1 0 0 0 0 0 0 0 0 0 0 1 0 0 1 0 0 0 1 0 0 0 0 0 0 0 0 0 0 0 0 0 0 0 0 0 0 0 0 0 1 0 0 0 0
"consider" 1 0 2 0 0 0 2 1 4 0 1 2 2 0 1 0 1 2 1 0 0 0 2 1 0 4 1 5 0 0 9 0 0 0 1 1 1 0 0 0 0 0 0 0 0 0 0 0 0 0 0 0 0 0 1 0 0 0 0 0
"attent" 1 0 2 0 0 0 0 4 2 0 1 1 0 2 0 1 1 0 1 1 0 0 3 2 2 2 0 3 0 0 4 0 1 0 1 0 0 0 0 0 0 0 0 0 0 0 0 0 0 0 0 0 0 0 0 0 0 0 0 0
"consist" 1 0 2 0 0 0 0 2 0 1 2 0 0 0 3 0 2 0 1 0 0 0 0 0 1 2 1 0 0 0 1 0 0 0 0 0 0 0 1 0 1 0 0 0 0 0 0 0 0 1 1 0 0 0 0 0 0 0 0 0
"feel" 1 0 2 1 1 2 0 2 2 2 1 0 6 8 2 1 2 1 0 0 1 4 2 0 0 1 0 0 1 1 11 1 1 3 0 0 0 2 0 0 0 1 0 0 0 0 1 0 0 0 1 1 1 0 2 0 0 0 0 0
"animos" 1 0 2 0 0 0 0 0 0 1 0 0 0 0 0 0 0 0 0 0 0 0 0 0 1 0 0 0 0 0 0 0 0 0 0 1 0 0 0 0 0 0 0 0 0 0 0 0 0 0 0 1 0 0 0 0 0 0 0 0
"command" 1 0 2 1 0 1 1 1 2 0 1 0 0 3 0 1 0 0 0 0 1 1 0 0 0 0 2 4 0 0 0 0 0 0 0 0 0 0 0 0 0 1 0 1 0 0 0 0 1 0 0 0 0 0 0 0 1 0 0 1
"satisfact" 1 0 2 0 0 0 1 1 2 3 0 0 0 0 0 0 0 0 0 0 1 0 0 0 0 0 0 0 1 0 0 0 0 0 1 1 1 1 0 0 0 0 1 0 0 0 0 0 0 0 2 0 0 0 0 0 0 0 0 0
"prosper" 1 0 2 2 1 2 1 6 2 0 0 1 6 2 5 1 3 4 0 0 1 0 5 1 4 4 1 3 1 0 1 0 0 1 6 5 1 3 0 0 4 0 2 0 1 0 0 0 2 0 3 1 1 1 1 6 1 3 1 3
"expect" 1 0 2 1 1 0 0 1 1 1 0 0 3 5 1 1 6 0 0 1 0 0 2 0 1 9 1 2 0 1 3 0 0 1 5 0 1 0 0 0 0 0 0 1 0 1 3 0 0 0 0 1 0 1 0 0 0 0 0 1
"ordain" 1 0 2 0 0 0 0 0 0 0 0 1 0 0 0 0 0 0 1 0 0 0 0 0 0 0 0 0 0 0 0 0 0 0 0 0 0 0 0 0 0 0 0 0 0 0 0 0 0 0 0 0 0 0 0 0 0 0 0 0
"remain" 1 0 2 0 3 0 0 0 4 1 0 1 5 2 4 1 0 2 1 0 0 0 2 0 0 2 0 1 3 1 1 0 2 0 0 0 1 0 1 0 0 1 0 1 0 2 2 0 0 3 1 0 1 1 0 4 1 0 0 1
"judgment" 1 0 2 1 2 0 0 0 2 0 0 0 1 3 2 0 1 1 2 1 1 2 3 3 0 2 2 2 1 0 1 0 1 2 0 0 0 0 0 0 0 0 0 0 2 0 1 0 0 0 0 0 0 0 0 0 1 0 0 0
"degre" 1 0 2 0 0 0 0 5 4 0 0 0 0 2 2 0 3 2 0 0 0 0 0 1 0 1 0 0 1 1 1 1 0 1 1 2 0 0 1 0 0 0 0 0 0 0 0 1 1 0 0 0 0 0 0 0 0 0 0 0
"alter" 1 0 2 0 0 0 0 0 0 0 0 0 0 0 0 0 0 0 0 0 0 0 0 0 0 0 0 0 0 0 0 3 2 1 0 0 0 0 0 0 0 0 0 1 0 0 0 0 0 0 0 0 0 0 0 0 0 0 0 0
"effect" 1 0 2 1 2 0 1 4 6 4 0 0 1 15 1 0 1 0 3 1 2 3 0 1 0 2 1 4 0 0 8 1 0 0 5 6 1 2 0 0 2 2 0 0 0 0 0 0 0 0 1 0 0 0 0 1 0 0 0 1
"regard" 1 0 2 0 1 0 1 1 3 1 2 0 4 4 4 0 7 3 1 1 2 0 8 0 2 1 2 0 1 3 3 0 0 0 0 0 0 1 0 0 0 1 0 0 0 0 0 0 0 0 0 0 0 0 0 1 0 0 0 0
"promot" 1 0 2 0 0 1 0 4 2 5 2 3 0 0 1 1 0 4 0 0 0 2 2 2 4 8 0 2 1 0 3 0 0 8 3 4 0 1 0 0 0 1 0 0 0 0 0 0 0 0 0 0 0 0 1 0 0 0 0 0
"person" 1 0 2 2 1 1 1 1 3 1 1 0 0 7 2 0 4 1 5 0 1 1 1 0 0 5 2 0 0 0 1 0 0 0 1 0 1 1 3 0 1 1 0 0 0 0 1 2 1 0 0 1 1 2 0 0 3 0 2 0
"continu" 1 0 2 0 0 1 0 1 6 1 2 4 1 10 4 2 2 1 5 2 0 1 1 3 0 3 0 3 2 0 4 0 0 1 11 4 0 3 1 0 4 1 0 0 0 1 3 2 2 3 3 1 0 2 0 1 1 0 0 1
"us" 1 0 2 10 7 2 1 14 6 4 2 4 12 10 4 4 9 0 0 3 5 2 5 6 4 7 10 6 8 12 3 5 8 9 8 4 6 5 8 1 5 11 2 12 12 20 26 8 25 27 13 13 27 11 3 23 21 2 27 2
"secur" 1 0 2 0 1 0 1 5 5 4 1 0 2 9 5 1 5 3 3 0 6 1 4 5 4 7 1 6 4 1 18 0 1 3 11 5 0 2 2 1 11 6 2 1 0 1 1 0 1 5 2 0 2 1 5 1 4 0 5 0
"claim" 0 0 2 0 0 0 0 2 4 1 0 0 1 10 1 0 3 0 2 1 0 0 1 0 2 0 0 0 0 0 0 0 1 0 1 1 0 0 0 0 0 0 0 0 0 0 0 0 0 0 0 0 1 1 0 0 1 0 0 0
"puriti" 0 0 2 0 1 0 0 0 0 1 0 0 0 0 0 2 0 1 0 0 0 0 0 0 0 0 0 0 0 0 0 0 0 0 0 0 0 0 0 0 0 0 0 0 0 0 0 0 0 0 0 0 0 0 0 0 0 0 0 0
"intent" 0 0 2 1 0 1 0 0 0 1 0 2 0 3 0 0 0 0 1 0 0 0 0 0 1 0 0 0 0 0 1 0 1 1 1 0 0 0 0 0 0 0 0 0 0 0 0 0 3 0 0 0 0 0 0 0 0 0 0 0
"caus" 0 0 2 0 0 0 0 4 6 1 1 1 5 9 0 1 1 0 2 2 0 0 1 2 0 2 0 3 0 4 3 0 0 3 2 5 0 0 1 0 1 3 0 0 1 2 0 0 1 2 0 2 0 2 6 1 0 0 4 2
"intellig" 0 0 2 0 0 1 1 2 1 0 1 0 4 1 0 1 1 0 1 0 0 0 1 3 1 2 0 2 0 1 2 0 0 2 2 0 0 0 0 0 0 0 0 0 0 0 0 0 0 0 0 0 0 0 1 0 0 0 0 0
"societi" 0 0 2 0 2 0 2 0 1 0 0 1 0 0 1 0 2 0 0 0 0 1 0 0 0 1 0 0 0 0 1 2 0 0 3 0 0 1 1 0 1 0 1 1 1 1 0 3 1 3 1 0 1 2 3 1 1 0 0 3
"prepar" 0 0 2 0 1 0 0 3 5 3 0 0 0 2 1 0 0 0 0 0 0 1 0 0 0 0 0 0 4 0 1 0 0 0 2 2 1 0 0 0 0 1 0 0 0 0 0 0 0 0 0 0 0 0 1 1 0 0 0 0
"singl" 0 0 2 0 0 0 0 1 1 2 0 0 1 3 0 0 1 1 2 0 0 0 0 0 0 0 0 2 0 1 0 2 1 0 0 1 0 0 1 0 0 1 0 0 0 1 0 0 1 1 0 0 0 1 3 0 2 0 0 2
"regul" 0 0 2 1 0 1 0 2 2 0 2 0 0 0 0 1 0 1 1 0 0 2 0 1 0 0 0 0 0 0 3 0 0 0 0 1 0 0 0 0 0 0 0 0 0 0 0 0 0 0 0 0 0 0 0 0 0 0 0 0
"individu" 0 0 2 0 2 0 0 4 1 3 0 1 5 6 3 1 2 3 1 0 1 2 1 0 0 2 1 2 0 2 1 4 0 5 1 2 0 3 1 0 3 1 0 0 0 0 4 2 5 1 0 0 0 0 0 1 2 0 0 1
"appear" 0 0 2 0 0 0 0 0 3 2 1 0 0 11 0 1 0 2 1 1 0 0 1 0 1 1 0 1 0 0 0 0 0 0 1 1 0 0 0 0 0 0 1 0 0 0 0 0 0 0 0 0 0 1 0 0 0 0 0 0
"manufactur" 0 0 2 0 1 2 0 3 2 0 1 0 0 0 4 1 0 1 0 0 0 1 1 1 0 5 0 2 1 0 2 0 0 0 0 1 0 0 0 0 0 0 0 0 0 0 0 0 0 0 0 0 0 0 0 0 0 0 1 2
"length" 0 0 2 0 2 0 0 1 1 0 0 0 1 1 0 0 0 0 1 0 0 0 0 0 0 0 0 0 0 0 0 0 0 0 0 0 0 0 0 0 0 0 0 0 0 0 0 0 0 0 0 0 0 0 0 0 0 0 0 0
"pursu" 0 0 2 1 0 0 0 1 3 1 1 2 0 0 1 0 1 0 0 1 0 2 2 0 0 2 0 3 1 0 3 0 0 0 2 0 0 0 0 0 0 0 1 0 1 1 0 0 0 0 0 0 0 1 0 1 0 1 0 1
"common" 0 0 2 2 0 0 2 2 0 6 0 0 3 4 4 1 3 2 0 0 2 1 2 1 1 0 0 1 0 0 0 1 2 5 5 2 3 2 1 0 2 6 2 1 1 0 0 1 0 1 0 0 3 5 1 6 3 0 3 2
"defens" 0 0 2 0 0 0 0 2 6 5 1 0 0 2 0 0 1 3 0 0 0 0 0 0 0 5 1 0 0 0 5 0 0 5 2 1 0 0 1 0 3 3 1 0 0 0 0 0 0 2 0 0 1 1 0 2 1 0 0 2
"anim" 0 0 2 1 0 0 1 0 0 1 1 0 0 1 1 0 1 2 0 0 0 0 1 0 0 0 0 1 0 0 0 0 0 0 0 0 0 0 0 0 0 0 0 0 0 0 0 0 0 0 0 0 0 0 0 0 0 0 0 0
"heart" 0 0 2 1 0 1 0 1 0 1 0 1 0 0 1 1 3 1 1 0 0 0 0 1 0 1 0 0 1 0 1 3 1 2 2 0 1 1 0 2 0 2 2 0 2 5 1 0 1 5 7 1 4 1 2 1 1 4 5 1
"better" 0 0 2 1 1 0 0 1 1 0 0 0 1 2 0 0 1 0 4 0 0 1 0 1 0 6 2 3 1 0 3 0 0 2 3 1 1 3 1 1 2 0 0 0 0 3 7 2 0 4 5 3 4 0 0 2 1 0 4 0
"suffrag" 0 0 2 1 1 1 0 1 1 0 0 1 1 0 2 0 0 0 0 0 2 0 3 6 1 1 0 0 0 0 1 0 0 0 0 0 0 0 0 0 0 0 0 0 0 0 0 0 0 0 0 0 0 0 0 0 0 0 0 0
"poster" 0 0 2 0 0 1 0 0 1 1 0 1 0 0 0 0 0 0 0 0 1 0 0 0 0 0 0 0 0 0 0 0 0 0 0 0 0 0 0 0 0 0 0 0 0 0 0 0 0 0 0 3 0 0 0 0 1 0 0 0
"hesit" 0 0 2 0 0 0 0 0 1 0 0 0 0 0 0 0 0 0 0 0 0 0 0 0 0 0 0 0 0 0 0 0 0 0 2 0 0 0 0 0 0 0 0 0 0 0 0 0 0 1 0 0 0 0 0 0 0 0 0 0
"serious" 0 0 2 0 0 0 0 2 2 0 0 0 0 0 2 0 1 1 1 0 0 0 0 1 0 2 1 0 0 1 2 0 0 0 0 0 1 0 0 0 0 0 0 1 0 0 0 1 0 0 0 0 0 1 0 1 0 0 0 0
"oblig" 0 0 2 0 0 1 2 0 1 3 0 1 2 2 2 1 4 0 1 0 1 2 1 1 2 3 0 4 6 1 3 0 1 2 3 2 3 1 0 0 0 0 0 0 0 0 0 1 0 0 0 0 1 0 1 0 2 0 1 0
"habitu" 0 0 2 0 0 0 0 0 0 0 0 0 0 0 0 0 0 0 0 0 0 0 0 0 0 1 0 0 0 0 0 0 0 0 0 0 0 0 0 0 0 0 0 0 0 0 0 0 0 0 0 0 0 0 0 0 0 0 0 0
"sight" 0 0 2 0 0 0 0 0 0 0 0 0 0 0 0 0 0 0 0 0 0 0 0 0 0 0 0 0 0 0 0 0 0 0 0 0 1 0 0 0 0 2 1 0 0 1 0 0 0 0 0 1 1 0 0 1 0 1 1 0
"often" 0 0 2 2 0 0 0 0 1 2 0 0 1 3 1 1 0 0 0 0 0 0 0 1 0 2 0 1 1 0 0 2 0 0 1 0 2 0 1 0 0 1 0 0 0 0 1 0 0 0 1 1 0 0 0 2 0 0 0 0
"law" 0 0 2 4 7 1 0 2 6 3 2 1 3 7 11 2 5 4 27 0 7 1 8 16 4 25 6 16 5 0 22 4 0 7 11 20 0 0 0 0 2 5 6 1 0 3 1 3 0 1 0 1 1 2 2 1 2 1 0 3
"amiabl" 0 0 2 0 0 0 0 0 0 0 0 0 0 0 0 0 0 0 0 0 0 0 0 0 0 0 0 0 0 0 0 0 0 0 0 0 0 0 0 0 0 0 0 0 0 0 0 0 0 0 0 0 0 0 0 0 0 0 0 0
"spring" 0 0 2 0 0 1 0 0 0 0 0 0 2 0 0 0 1 0 1 0 0 0 0 0 0 0 0 1 0 0 0 0 1 0 0 0 0 0 0 0 0 0 0 0 0 0 0 0 0 1 0 3 0 0 0 0 0 0 0 0
"whatev" 0 0 2 1 0 0 0 1 2 1 0 1 0 1 2 1 1 1 1 0 0 0 1 1 0 0 0 2 1 0 1 0 0 1 0 0 0 0 0 0 0 3 0 1 0 0 0 0 1 0 1 0 0 1 0 0 0 0 0 0
"throughout" 0 0 2 0 0 0 0 0 0 1 0 0 2 0 1 0 1 4 0 0 1 3 2 1 0 0 0 2 2 1 1 0 2 0 1 2 0 0 0 1 0 0 0 0 0 0 0 0 1 1 2 0 1 0 1 2 0 1 0 0
"glori" 0 0 2 0 0 1 0 1 0 1 0 0 0 1 0 0 0 1 0 0 0 0 0 0 0 1 0 0 0 0 0 0 0 1 0 0 0 0 0 0 0 1 0 0 0 1 0 1 0 1 0 0 0 0 0 0 0 0 0 0
"corrupt" 0 0 2 0 0 0 0 1 0 0 0 0 0 2 0 0 0 2 0 0 0 0 0 2 1 0 0 0 0 0 0 0 0 0 0 0 0 0 0 0 0 0 0 0 0 0 0 0 0 0 0 0 0 0 0 1 0 0 0 1
"end" 0 0 2 0 0 0 0 0 1 1 1 1 2 1 1 0 0 1 0 0 1 2 3 1 1 3 0 1 1 0 0 0 0 1 0 2 3 1 1 0 3 0 0 2 1 0 3 2 3 1 3 1 4 2 3 4 1 0 1 8
"obtain" 0 0 2 0 0 0 0 1 0 0 0 0 0 1 0 0 1 2 0 0 0 0 0 0 0 3 0 0 0 0 0 0 0 0 0 0 0 1 0 0 0 0 0 0 0 0 0 0 0 0 0 0 0 0 0 0 0 0 0 0
"intrigu" 0 0 2 0 0 1 0 0 0 0 0 0 0 1 0 0 0 0 0 0 0 0 0 1 0 0 0 0 0 0 0 0 0 0 0 0 0 0 0 0 0 0 0 0 0 0 0 0 0 0 0 1 0 0 0 0 0 0 0 0
"increas" 0 0 2 0 3 1 0 2 2 1 1 1 2 5 8 0 2 2 0 0 0 1 0 1 0 6 0 6 1 0 12 0 1 0 0 7 0 2 0 0 4 0 0 0 1 0 0 0 0 4 0 1 0 0 1 0 0 0 0 2
"live" 0 0 2 0 1 0 0 1 1 1 0 0 2 1 1 0 1 1 2 1 0 1 0 1 0 1 0 0 0 0 2 5 1 3 3 1 2 3 7 2 9 7 6 0 3 7 6 0 5 4 5 2 9 7 5 1 3 3 2 2
"open" 0 0 2 0 1 0 1 0 2 0 0 0 2 1 1 0 4 0 1 0 0 0 0 2 0 1 1 1 2 0 1 0 0 1 2 2 0 0 0 0 0 0 0 0 0 4 0 2 2 1 0 0 2 0 0 0 1 2 1 0
"enemi" 0 0 2 0 0 0 2 0 3 0 0 0 1 0 0 0 0 0 2 0 0 0 0 0 0 0 0 0 0 0 0 0 0 1 0 0 0 0 0 0 1 1 0 2 3 1 0 1 1 0 0 1 0 1 3 1 1 0 0 2
"prefer" 0 0 2 0 0 1 0 1 0 0 0 0 0 0 3 0 2 0 1 0 0 0 0 0 0 0 0 2 0 0 0 0 0 0 0 0 0 0 0 0 0 0 0 0 0 0 0 1 0 0 0 0 0 0 1 1 0 0 0 0
"opinion" 0 0 2 5 5 0 0 2 3 6 0 2 6 10 8 1 3 4 2 0 1 0 2 4 0 1 2 2 0 0 0 0 0 1 0 3 1 0 0 0 0 0 0 0 1 0 0 0 0 0 0 0 0 0 0 0 0 0 0 0
"patron" 0 0 2 0 0 0 0 1 0 0 0 0 0 0 0 0 0 0 0 0 0 0 0 0 0 0 0 0 0 0 0 0 0 0 1 2 0 0 0 0 0 0 0 0 0 0 0 0 0 0 0 0 0 0 0 0 0 0 0 0
"religion" 0 0 2 2 1 1 0 0 0 0 0 0 0 2 0 1 1 0 0 0 0 0 1 1 0 1 0 0 0 0 1 0 0 0 1 0 0 0 0 0 1 0 0 0 0 0 0 1 0 0 0 0 0 0 0 0 0 0 0 2
"class" 0 0 2 0 0 0 2 0 0 0 0 1 0 1 4 0 0 0 1 0 1 0 0 1 1 4 0 0 0 0 1 0 0 1 2 3 0 0 0 0 1 0 0 0 0 0 0 0 0 0 0 0 3 0 0 0 1 1 1 0
"improv" 0 0 2 1 3 3 0 4 4 5 2 0 2 1 1 1 0 2 0 0 0 0 1 1 1 1 0 2 0 0 5 0 0 0 1 0 0 1 1 0 2 0 0 0 0 1 0 0 0 0 0 0 0 0 0 0 0 0 0 0
"maintain" 0 0 2 0 4 1 1 4 5 1 0 2 3 2 1 1 3 1 2 0 1 3 1 2 0 2 2 2 0 0 8 0 0 4 8 2 0 2 2 0 3 0 0 0 0 0 1 1 4 0 0 0 2 0 0 0 1 0 0 0
"friendship" 0 0 2 1 2 0 0 1 1 1 1 0 2 0 0 0 0 2 0 0 0 0 0 0 1 0 0 0 0 1 0 0 0 1 0 0 0 0 0 0 0 0 2 0 0 0 1 0 1 0 2 0 0 0 1 0 0 1 0 0
"energi" 0 0 2 1 0 1 0 0 1 1 0 0 2 0 0 0 3 0 0 1 0 0 0 1 0 0 0 0 0 1 1 3 1 0 0 0 0 0 0 0 1 1 0 1 0 2 0 0 2 0 1 1 0 0 0 1 1 1 0 3
"lay" 0 0 2 0 1 0 0 0 0 0 0 0 0 1 1 0 0 0 0 0 0 1 1 1 0 0 0 0 0 1 0 0 0 0 0 0 0 0 0 0 0 0 0 0 0 0 0 0 0 0 0 0 0 0 0 1 0 0 0 1
"age" 0 0 2 1 0 0 0 0 0 4 0 0 1 1 2 0 0 0 0 0 1 0 0 1 0 0 0 0 0 1 0 2 0 0 0 0 0 1 1 0 0 1 3 1 0 0 1 0 0 3 2 0 3 0 1 3 0 0 2 2
"christian" 0 0 2 0 0 0 0 0 0 0 0 0 0 1 0 0 0 1 1 0 0 0 0 0 0 0 0 0 0 0 0 0 0 0 0 0 0 0 0 0 0 0 0 0 0 0 0 0 0 0 0 0 0 0 0 1 0 0 0 0
"let" 0 0 0 7 2 0 1 2 0 0 0 3 0 1 1 2 4 2 0 4 1 1 1 3 2 2 0 2 0 0 0 2 3 4 1 0 1 1 1 0 0 0 0 16 2 11 22 4 6 7 2 9 9 0 0 7 2 3 6 2
"man" 0 0 0 6 2 0 1 0 0 2 0 0 0 3 3 0 2 3 1 1 1 1 0 1 2 4 1 0 0 1 2 2 1 2 3 2 0 0 1 0 4 6 1 4 10 10 0 1 6 4 5 0 1 0 1 3 0 0 0 0
"safeti" 0 0 0 5 2 0 1 1 0 0 0 1 1 2 5 0 1 1 0 0 0 0 0 1 2 1 1 2 2 0 2 0 1 0 0 0 0 1 0 0 0 1 0 0 0 0 0 1 0 1 1 0 0 1 0 1 0 0 0 2
"other" 0 0 0 5 4 2 1 0 1 0 0 0 1 9 3 0 2 1 3 0 1 1 0 0 0 3 0 1 1 2 1 1 0 1 3 0 1 0 0 0 1 3 3 0 2 0 5 2 2 1 4 2 1 1 3 0 1 0 0 0
"honest" 1 0 1 4 1 0 0 1 0 1 0 0 2 0 0 1 1 1 0 0 0 0 2 2 4 3 2 0 1 0 0 1 0 0 0 1 1 1 0 0 0 1 0 0 0 0 0 0 0 0 1 0 0 0 0 0 1 1 0 1
"republican" 1 0 1 4 0 1 0 1 0 2 0 0 0 5 2 1 0 0 1 0 0 1 1 0 1 0 1 0 0 0 1 0 0 0 0 1 0 0 1 0 0 0 0 0 0 0 0 0 0 1 0 0 0 0 0 0 0 0 0 0
"freedom" 0 0 0 4 2 1 0 0 0 5 1 0 0 6 2 0 3 0 0 0 0 0 0 7 0 2 0 1 4 0 2 0 2 5 6 5 0 0 6 1 12 10 11 4 2 2 4 4 8 14 6 3 2 5 27 3 7 1 0 3
"favor" 1 0 0 3 3 1 1 8 3 1 1 0 3 2 3 0 0 1 3 0 2 1 2 0 1 2 3 2 2 0 5 0 0 2 6 0 1 0 0 0 0 0 0 0 1 0 0 0 0 0 0 0 0 1 0 1 0 0 0 0
"differ" 0 0 1 3 0 1 0 1 6 3 1 0 3 8 3 1 2 2 6 0 0 1 3 1 1 1 1 3 2 1 2 0 0 1 2 0 0 1 0 0 5 5 0 1 3 0 3 1 0 2 4 0 4 1 1 1 3 1 1 0
"inde" 0 0 1 3 1 1 0 0 0 0 0 1 3 7 0 0 1 0 1 0 0 0 0 0 0 0 0 0 0 0 1 1 0 0 0 0 0 0 0 0 0 1 0 0 0 0 0 0 0 0 0 1 0 0 0 0 0 0 0 2
"polit" 0 0 1 3 1 0 3 1 0 6 1 2 5 8 1 1 1 5 2 0 2 1 10 2 2 3 4 2 2 1 5 2 5 3 6 4 2 3 0 0 0 4 0 0 0 0 0 1 3 2 0 2 4 1 0 2 1 1 3 3
"best" 0 0 1 3 2 3 0 9 2 3 1 1 0 7 1 2 4 5 2 0 5 6 6 3 3 2 2 7 2 1 3 1 0 4 4 0 1 0 0 0 0 0 1 2 2 0 2 3 2 4 1 1 0 4 2 0 0 0 2 1
"industri" 0 0 0 3 2 0 0 3 1 1 0 0 1 1 5 0 0 1 0 0 1 3 1 3 2 2 0 4 2 2 8 5 4 9 2 0 2 0 0 0 4 1 2 0 0 1 0 0 2 1 0 0 2 0 0 0 1 3 0 1
"reason" 0 0 0 3 6 2 1 0 5 0 0 0 3 1 6 0 3 2 3 1 0 1 0 0 1 5 0 3 0 2 6 0 0 1 7 1 0 1 1 0 1 0 0 0 1 0 0 0 0 0 0 0 0 0 0 0 1 1 1 1
"fear" 0 0 0 3 2 0 0 0 0 0 0 0 5 3 2 1 4 0 1 0 1 0 0 1 1 0 0 1 1 3 1 1 0 0 0 4 2 1 1 2 3 2 3 2 0 3 0 0 0 0 1 1 1 0 1 2 1 1 3 0
"enough" 0 0 0 3 0 0 0 0 0 0 0 0 1 2 0 0 0 0 0 0 0 0 0 0 0 0 0 1 0 0 0 2 0 0 2 2 0 1 2 0 0 0 0 0 2 1 0 0 1 0 0 1 6 0 0 0 0 0 2 0
"charg" 1 0 0 2 2 0 1 1 0 0 0 0 1 1 1 1 0 0 0 0 0 0 1 0 1 0 0 1 1 0 1 0 0 1 1 0 0 0 0 0 1 0 0 0 0 0 0 0 0 0 0 0 0 0 0 0 0 0 0 0
"step" 1 0 0 2 0 0 0 0 0 0 0 0 0 0 0 0 1 0 2 0 0 0 0 0 0 1 0 0 2 0 2 2 0 1 0 1 0 0 0 0 0 0 0 0 0 0 0 1 1 3 1 1 0 0 0 0 0 1 1 0
"revolut" 1 0 0 2 0 0 0 2 1 2 0 1 2 1 1 0 2 0 1 0 0 1 4 0 0 1 0 0 0 0 0 0 1 3 0 0 0 0 0 0 0 0 0 2 0 0 0 0 0 2 0 2 2 0 0 1 0 0 0 1
"strong" 1 0 0 2 0 0 0 2 1 0 0 0 0 2 1 0 1 0 0 0 1 0 1 1 0 1 2 0 1 2 4 0 0 0 2 1 0 2 1 1 2 1 2 2 0 3 2 3 1 0 6 1 5 2 0 0 1 1 1 2
"think" 1 0 0 2 2 0 0 0 0 0 0 1 0 1 0 0 0 0 4 0 1 0 0 0 0 1 0 0 0 1 0 0 1 0 0 0 0 0 0 0 1 0 1 0 1 0 3 0 3 3 2 0 0 1 0 0 0 1 2 1
"sacr" 1 0 0 2 0 0 1 0 0 1 0 2 5 2 3 0 3 2 0 0 0 0 0 2 1 0 0 1 0 0 1 0 0 1 0 1 2 0 3 0 0 0 0 0 0 1 0 0 0 0 0 1 0 0 0 1 0 0 3 1
"destini" 1 0 1 2 0 1 0 1 0 1 0 0 0 0 2 0 1 2 0 0 0 0 1 2 2 0 0 2 1 0 0 0 0 3 1 1 1 0 3 0 0 1 3 0 2 5 0 0 0 0 0 0 1 0 1 1 0 2 0 2
"undertak" 1 0 0 2 0 0 0 0 0 1 1 0 0 0 0 0 0 0 0 0 0 0 1 0 0 0 0 0 1 0 0 1 0 0 0 1 0 0 0 0 2 1 0 0 0 0 0 1 0 0 0 1 0 0 0 0 0 0 0 0
"give" 1 0 1 2 2 1 1 1 4 3 1 1 2 7 0 1 1 1 0 2 1 2 2 2 1 6 1 3 2 0 3 0 0 4 0 1 2 1 0 0 1 2 1 1 2 1 0 0 0 1 1 2 5 1 2 2 1 1 2 2
"concern" 1 0 1 2 0 0 0 1 1 2 0 2 3 4 2 0 0 1 1 0 0 1 1 4 1 0 2 1 0 0 1 1 1 5 2 5 1 1 0 0 2 2 1 0 0 3 0 0 1 0 0 0 0 1 0 0 0 0 0 0
"contempl" 1 0 0 2 1 0 0 1 1 0 0 0 1 0 1 0 1 0 2 0 0 0 0 0 1 1 1 0 0 0 0 0 0 2 2 0 0 0 0 0 0 0 0 0 0 1 0 0 0 0 0 0 0 0 0 0 0 0 0 0
"reli" 0 0 1 2 0 0 0 1 1 0 0 0 1 1 1 0 0 0 0 0 0 0 0 1 0 1 0 2 0 0 0 0 0 0 3 0 0 0 0 0 1 0 0 0 0 0 0 0 0 0 0 0 0 0 3 1 0 0 0 0
"protect" 0 0 1 2 1 0 1 6 6 2 1 0 4 4 23 4 3 6 3 0 2 0 3 6 4 4 4 4 3 0 11 0 0 1 4 1 2 1 1 0 1 0 0 0 0 1 0 0 0 3 1 0 1 1 2 2 1 7 2 3
"histori" 0 0 1 2 2 0 0 1 0 0 0 0 2 2 0 1 4 4 1 0 0 1 3 2 2 1 0 2 1 0 0 0 1 0 0 2 0 0 3 0 5 6 0 2 1 4 7 0 4 9 3 1 3 3 7 3 2 0 7 3
"land" 0 0 1 2 2 1 0 4 2 3 0 0 1 1 2 0 0 3 2 0 2 1 1 3 2 2 1 2 0 0 1 0 0 1 1 2 2 2 3 1 1 3 2 1 6 0 0 2 3 2 2 2 11 0 2 1 2 2 1 1
"issu" 0 0 1 2 0 0 2 0 0 0 0 0 0 1 1 0 0 0 1 0 0 0 1 3 0 0 0 0 0 0 7 0 1 0 2 0 0 0 0 0 1 0 0 1 0 0 0 0 1 0 0 0 0 0 1 0 0 1 0 0
"see" 0 0 1 2 2 0 0 1 1 0 0 1 1 4 3 0 2 0 0 1 0 0 0 1 0 0 1 0 0 0 1 3 3 0 1 3 0 9 0 2 1 0 1 0 1 7 1 0 1 0 3 2 2 2 2 2 1 0 2 1
"thing" 0 0 1 2 2 0 0 0 0 0 0 0 1 3 0 0 3 0 0 0 0 1 2 1 0 2 0 0 1 2 2 8 6 4 2 2 3 4 3 1 0 0 1 0 0 5 0 0 0 2 10 0 1 2 0 3 2 0 5 1
"seen" 0 0 1 2 1 1 1 1 2 0 0 0 1 1 0 0 0 0 1 0 0 0 0 0 0 0 0 0 0 1 0 0 0 3 1 0 0 0 2 0 0 0 0 0 0 1 0 0 1 0 2 0 0 0 6 0 0 1 0 2
"make" 0 0 1 2 0 0 0 3 3 0 2 1 3 10 4 2 1 1 6 1 0 2 2 8 2 6 1 4 5 0 16 2 2 10 9 2 2 5 1 1 3 7 1 1 0 10 8 0 4 3 8 3 5 4 5 2 9 6 3 4
"major" 0 0 1 2 0 0 0 0 0 0 0 0 1 5 4 0 0 2 6 0 0 0 0 0 0 1 0 0 0 0 1 1 0 0 2 2 0 0 1 0 4 0 0 0 0 0 0 0 0 0 2 0 0 0 0 0 0 0 0 0
"abus" 0 0 1 2 2 0 0 0 0 1 1 0 0 0 1 0 0 0 0 0 0 2 1 0 0 0 0 0 0 0 3 0 1 0 0 3 0 1 0 0 0 0 0 0 0 0 0 0 0 1 0 0 0 1 0 0 0 0 0 0
"retir" 0 0 1 2 0 0 0 1 1 0 0 0 0 1 0 0 0 0 0 0 0 0 0 0 0 0 0 1 0 0 0 0 0 0 0 0 0 0 0 0 0 0 0 0 0 0 0 0 0 1 0 0 1 0 1 1 0 0 0 0
"encourag" 0 0 1 2 1 1 0 2 0 1 2 1 1 2 0 1 4 0 0 1 1 2 0 1 1 4 2 4 2 0 5 0 1 2 5 2 0 0 0 0 2 1 0 1 0 0 1 0 0 1 1 0 0 1 1 0 0 0 0 0
"look" 0 0 0 2 1 2 0 3 0 2 1 0 9 3 1 2 3 0 0 1 1 2 1 0 0 4 0 0 0 0 4 6 0 0 1 0 0 0 1 0 1 0 1 0 3 1 0 0 2 4 2 0 1 0 1 1 0 2 4 1
"wide" 0 0 0 2 0 0 0 0 0 0 0 0 1 0 0 0 0 0 0 0 0 0 1 0 0 0 0 0 0 0 0 0 1 1 0 0 0 0 0 0 0 0 1 0 0 1 1 0 0 0 0 0 1 0 0 0 0 0 0 0
"reach" 0 0 0 2 1 0 0 0 0 0 0 0 2 0 0 0 1 3 2 0 1 0 1 0 0 0 1 0 0 0 2 1 0 1 2 2 0 1 0 0 0 2 0 0 1 7 2 0 1 3 1 0 3 1 1 1 1 0 0 0
"wisdom" 0 0 0 2 2 0 0 0 1 0 1 1 0 1 2 1 6 3 1 0 0 0 1 2 0 1 0 3 0 0 2 1 1 1 1 0 1 0 0 1 0 2 1 0 1 1 0 2 0 0 0 0 1 0 1 0 0 1 0 0
"sometim" 0 0 0 2 2 0 0 0 0 2 0 1 2 2 0 0 0 0 0 0 0 0 0 0 0 0 0 0 0 0 0 0 0 0 0 0 0 0 1 1 0 0 1 0 0 0 0 0 0 0 3 0 0 4 0 0 1 0 0 0
"bear" 0 0 0 2 1 0 1 1 3 0 0 1 3 2 1 0 1 0 0 0 1 0 0 1 0 0 1 1 1 0 4 0 0 0 4 0 0 0 0 0 0 0 0 3 1 0 1 0 2 0 0 1 0 1 1 0 1 0 0 0
"possess" 0 0 0 2 0 0 0 1 2 1 1 0 3 10 2 0 3 3 1 0 0 1 0 0 0 0 0 0 1 0 0 0 0 1 1 0 1 0 0 0 1 0 0 0 0 1 0 0 0 0 1 0 1 1 0 1 1 0 0 0
"even" 0 0 0 2 0 1 0 1 1 1 0 2 4 5 2 0 3 4 0 2 1 1 0 1 0 3 2 2 0 0 2 0 1 1 3 0 0 0 2 0 2 3 1 1 4 1 0 2 0 0 1 1 2 2 1 2 0 2 1 4
"religi" 0 0 0 2 3 0 0 0 0 2 0 0 1 4 3 0 0 3 0 0 2 0 0 2 0 0 0 1 0 0 0 0 0 1 3 1 0 0 0 0 0 0 0 0 0 0 0 0 0 0 0 0 2 0 0 0 0 0 0 0
"intoler" 0 0 0 2 0 0 0 0 0 0 0 0 0 2 0 0 0 0 0 0 0 0 0 0 0 0 1 0 0 0 0 0 1 0 0 1 0 0 0 0 0 0 0 0 0 0 0 0 0 0 1 0 0 0 0 0 0 0 0 0
"despot" 0 0 0 2 0 0 0 0 0 1 0 1 0 3 2 0 0 0 2 0 0 0 0 0 0 0 0 0 0 0 0 0 0 0 1 0 0 0 0 0 0 0 0 0 0 0 0 0 0 0 0 0 0 0 0 0 0 0 0 0
"blood" 0 0 0 2 0 0 1 0 0 0 0 1 0 0 0 0 0 0 0 1 0 0 0 1 0 0 0 0 0 0 0 0 1 1 1 2 0 0 0 0 0 0 0 0 0 0 0 0 0 1 0 0 0 1 0 2 2 1 0 0
"firm" 0 0 0 2 1 0 0 0 1 0 1 1 2 1 1 0 2 1 1 1 0 1 0 0 1 0 0 2 0 0 0 1 1 0 0 1 1 0 0 1 2 2 1 0 0 1 0 0 1 0 0 0 0 0 1 1 0 0 0 0
"believ" 0 0 0 2 2 0 0 1 2 0 0 0 4 5 4 1 3 1 3 1 0 2 1 3 0 0 0 2 1 1 3 1 0 2 3 3 1 1 2 1 8 0 1 1 7 2 0 1 10 4 0 1 0 2 2 1 5 0 3 2
"thousandth" 0 0 0 2 0 0 0 0 0 0 0 0 0 0 0 0 0 0 0 0 0 0 0 0 0 0 0 0 0 0 0 0 0 0 0 0 0 0 0 0 0 0 0 0 0 0 0 0 0 0 0 0 0 0 0 0 0 0 0 0
"labor" 0 0 0 2 1 0 0 0 0 1 0 0 1 3 2 0 1 0 5 0 0 1 2 2 4 2 2 4 3 0 7 2 0 1 1 1 0 0 0 0 3 3 2 0 0 0 0 0 1 2 0 0 2 0 1 1 1 1 0 0
"vital" 0 0 0 2 0 0 0 0 2 0 0 0 0 1 1 0 1 2 4 0 0 0 0 0 0 0 2 0 0 0 0 2 3 0 0 2 0 1 2 0 1 1 0 0 0 0 2 0 0 0 0 1 0 0 1 1 1 0 0 1
"moment" 0 0 0 2 0 1 1 0 0 1 0 0 0 1 0 0 1 0 1 0 1 0 1 1 0 0 0 1 2 0 0 0 0 0 0 0 1 1 1 0 1 3 1 0 3 7 0 0 1 3 3 0 1 0 0 4 2 2 6 1
"lead" 0 0 0 2 1 0 0 0 0 0 0 2 1 4 1 0 1 0 0 0 1 0 1 2 0 0 3 1 1 0 3 1 0 0 5 1 0 1 0 1 1 0 0 1 2 1 3 0 0 2 2 2 1 3 0 1 1 1 3 1
"greatest" 0 0 0 2 0 0 0 1 0 0 0 0 3 3 0 0 0 0 0 0 3 1 1 0 2 1 0 1 0 0 1 0 1 0 2 0 1 1 1 0 1 0 0 0 0 2 1 0 2 2 0 1 4 0 1 0 1 0 1 4
"ask" 0 0 0 2 2 0 0 1 0 0 0 0 0 1 0 0 0 1 0 1 2 4 2 1 0 1 0 0 0 0 0 0 0 1 0 1 4 2 0 0 2 2 1 6 2 2 4 0 0 2 4 1 2 2 2 1 0 0 2 0
"wrong" 0 0 0 2 0 0 1 0 0 1 0 1 0 0 1 0 1 1 1 0 0 2 1 2 0 0 1 0 0 1 0 2 3 1 1 0 0 0 0 0 1 1 0 0 0 0 1 0 0 0 0 1 1 1 1 1 0 0 1 0
"instrument" 1 0 0 1 0 0 1 2 2 1 1 0 1 11 3 1 0 1 2 0 0 0 1 1 0 1 1 0 0 0 2 3 0 0 3 7 2 3 0 1 0 0 0 2 0 0 0 0 0 0 0 0 0 0 0 1 0 0 0 0
"acknowledg" 1 0 1 1 1 1 0 0 1 2 1 0 0 3 1 1 3 0 0 0 0 1 0 0 1 0 0 0 0 1 0 0 0 0 0 0 0 0 0 0 0 0 0 0 0 0 0 0 0 0 0 0 0 0 0 0 0 0 0 0
"ador" 1 0 0 1 0 0 0 0 0 0 0 0 0 0 0 0 0 0 0 0 0 0 0 0 0 0 0 0 0 0 0 0 0 0 0 0 0 0 0 0 0 0 0 0 0 0 0 0 0 0 0 0 0 0 0 0 0 0 0 0
"affair" 1 0 0 1 3 0 0 0 0 1 0 0 1 3 2 0 3 0 0 0 0 1 3 0 2 1 2 1 0 3 1 1 2 1 3 1 0 0 0 0 1 0 1 0 0 0 1 0 0 0 0 0 1 0 0 0 0 1 0 0
"mani" 1 0 1 1 0 1 0 4 6 1 0 1 2 8 6 1 2 3 3 0 1 1 1 2 0 5 0 1 1 0 3 3 2 0 5 8 2 3 2 1 1 0 0 1 0 1 0 0 3 2 1 1 0 5 1 3 1 5 3 7
"result" 1 0 1 1 2 1 0 2 2 3 1 1 6 7 0 0 1 2 0 1 0 0 2 0 2 2 3 1 3 0 3 0 0 0 8 0 0 0 0 1 1 1 0 0 0 0 2 0 1 0 0 0 0 0 0 0 0 0 0 0
"past" 1 0 0 1 1 1 0 0 1 1 0 0 2 2 0 0 4 2 0 0 0 3 2 1 0 1 0 3 2 2 1 0 0 0 3 1 0 0 0 0 1 2 0 1 0 3 2 0 1 4 1 0 2 0 0 0 1 1 1 1
"forc" 1 0 0 1 0 1 2 8 11 4 1 0 0 2 1 0 1 0 5 0 0 1 1 3 0 0 0 1 4 1 6 3 2 3 8 2 0 4 1 0 3 5 6 0 0 2 2 1 0 0 1 4 2 0 3 3 2 0 3 1
"none" 1 0 0 1 0 0 0 1 2 0 0 1 2 4 3 0 0 0 2 1 1 0 0 1 2 1 1 4 1 0 0 0 0 2 0 0 0 0 0 0 1 0 0 0 0 0 0 0 0 0 0 0 0 0 0 0 1 0 0 0
"meet" 1 0 0 1 1 0 0 2 2 1 0 0 0 2 1 0 0 1 0 0 3 0 1 2 1 1 0 3 2 0 3 0 0 1 2 0 3 0 0 1 0 2 3 2 0 0 4 1 2 3 1 1 2 1 0 4 1 0 3 1
"enter" 1 0 0 1 2 0 0 3 2 1 0 1 2 2 3 0 0 2 3 0 0 0 0 0 0 2 0 3 2 0 2 0 0 1 3 0 0 0 0 0 0 0 1 0 0 1 2 0 0 0 0 0 0 0 0 0 0 0 1 1
"assembl" 1 0 1 1 0 0 1 0 1 1 0 0 1 4 1 1 0 0 0 0 0 0 1 0 0 0 0 0 1 0 0 1 0 0 0 1 0 0 0 0 0 0 1 1 0 0 0 0 0 0 0 0 0 0 0 0 0 1 0 0
"due" 1 0 0 1 4 0 0 2 2 1 0 0 0 0 0 0 0 1 1 1 0 0 0 0 3 1 0 1 0 0 4 0 0 1 0 3 0 0 0 0 1 0 0 0 0 0 0 0 0 1 0 1 0 0 0 0 0 0 0 0
"talent" 1 0 0 1 0 1 0 1 1 3 1 0 0 1 0 1 0 0 0 0 0 0 0 0 0 0 0 0 0 0 0 0 0 1 0 1 0 0 0 0 0 0 0 0 1 1 0 0 0 0 1 0 0 0 0 0 0 0 0 1
"limit" 1 0 0 1 6 2 0 2 5 4 2 0 6 5 10 1 4 0 2 0 0 1 1 1 3 3 3 0 0 0 2 1 1 0 2 4 0 0 1 0 2 1 0 0 0 1 2 2 3 3 1 0 0 1 0 0 0 0 0 0
"fals" 0 0 0 0 5 0 0 0 0 0 0 0 0 2 0 0 0 0 0 0 0 0 0 0 0 0 0 0 0 1 0 0 0 0 1 0 2 0 0 0 2 1 0 0 0 0 1 0 0 0 0 0 0 0 0 2 0 0 0 0
"moral" 1 0 1 0 4 0 0 0 0 1 0 0 0 1 3 1 2 0 2 0 0 1 2 3 1 0 0 1 0 0 1 2 0 1 2 3 2 7 0 1 1 3 1 0 0 0 0 3 1 1 2 0 0 0 1 0 0 0 0 0
"truth" 1 0 1 1 4 1 0 0 0 0 0 1 0 0 0 0 0 1 2 0 0 0 1 1 0 0 1 0 0 0 0 0 0 1 0 1 3 3 0 2 1 3 2 0 0 0 0 0 0 0 0 2 0 0 1 1 3 0 5 0
"therefor" 1 0 0 0 4 0 0 3 3 1 1 2 1 5 1 0 2 1 1 0 0 2 0 1 0 2 0 4 0 1 5 0 1 0 0 1 0 1 0 0 2 0 0 0 0 0 0 0 1 0 0 0 0 0 0 0 0 0 0 0
"war" 0 0 1 1 4 2 15 13 18 7 1 0 3 3 6 0 1 6 2 12 1 4 0 5 0 3 0 7 7 0 6 0 4 14 3 3 3 1 0 2 3 5 1 4 1 3 5 2 1 1 3 2 2 1 0 2 3 0 7 4
"within" 0 0 0 1 4 1 0 5 5 3 1 2 0 5 13 0 6 0 2 0 0 2 1 4 1 1 2 0 1 0 5 0 0 3 2 2 1 3 3 0 1 2 0 0 1 3 0 2 1 1 1 0 2 0 0 0 0 0 1 1
"press" 0 0 0 1 4 1 0 0 0 1 1 0 1 3 0 0 0 1 1 0 0 0 0 0 0 1 0 1 0 0 1 0 0 0 0 1 0 0 0 0 0 1 0 0 0 0 0 0 0 0 0 0 0 0 0 0 0 0 1 0
"need" 0 0 0 0 4 0 1 1 1 1 0 1 1 0 3 0 3 0 2 2 0 0 2 1 6 5 0 5 3 1 7 2 1 3 4 2 6 3 1 0 4 5 3 1 1 9 3 1 3 1 7 3 2 3 3 1 3 0 4 0
"import" 1 0 0 0 3 0 1 10 7 1 3 3 1 8 3 1 5 7 0 0 1 1 9 3 0 0 2 5 2 2 12 0 1 1 5 3 3 0 0 1 0 0 0 0 1 1 2 0 1 1 1 0 1 2 0 0 0 1 1 3
"proceed" 1 0 0 0 3 1 1 1 2 1 0 0 0 2 0 0 0 1 0 0 0 0 1 0 0 1 0 0 0 0 2 0 1 1 1 0 0 0 0 1 0 0 0 0 0 0 0 0 0 0 0 0 0 0 0 0 0 0 0 0
"made" 1 0 0 0 3 2 1 5 15 6 0 1 4 11 2 1 3 0 5 0 0 6 4 9 1 5 2 3 3 2 11 4 1 5 5 1 2 2 0 0 1 1 0 0 4 1 2 0 1 6 5 1 3 0 0 0 3 2 0 2
"exercis" 1 0 1 1 3 0 0 1 0 0 0 5 0 9 9 0 2 1 4 0 1 2 0 1 2 2 1 0 1 0 6 0 0 2 0 0 0 1 0 0 1 0 0 0 0 0 0 0 0 0 1 0 0 0 1 0 1 0 0 0
"harmoni" 1 0 0 1 3 0 0 2 1 3 0 0 1 5 3 0 2 1 1 0 0 1 1 0 1 0 1 0 1 0 0 0 0 0 0 0 0 0 0 0 2 0 0 0 0 0 0 0 0 0 1 0 0 0 0 0 0 0 0 0
"produc" 1 0 1 0 3 0 0 4 5 0 0 0 2 10 2 0 0 2 1 0 0 1 0 0 0 0 0 2 0 0 1 0 0 0 1 0 2 0 0 0 2 1 0 0 0 1 1 0 1 0 2 0 1 0 0 0 0 0 0 0
"zeal" 0 0 1 1 3 0 0 1 0 1 1 0 0 0 0 0 0 0 0 0 0 0 0 0 1 0 0 3 0 0 0 0 0 0 0 0 0 0 0 0 0 0 0 0 0 0 0 0 0 0 0 0 0 0 0 0 0 0 0 0
"desir" 0 0 1 0 3 0 0 1 2 0 2 1 5 3 2 0 4 2 1 0 4 1 3 0 0 0 1 1 0 1 2 0 3 0 3 4 0 0 0 0 5 0 0 0 0 0 0 0 0 1 0 0 0 0 0 0 0 0 0 0
"fact" 0 0 1 0 3 0 0 0 0 0 0 0 0 2 0 0 1 0 2 0 0 0 5 1 1 1 0 1 1 1 1 1 0 0 1 1 1 2 1 1 0 2 0 0 0 0 0 0 1 0 5 0 0 0 0 0 0 0 2 0
"left" 0 0 0 1 3 0 0 0 0 1 1 0 3 3 0 0 0 0 1 0 0 0 0 0 0 1 0 0 0 1 0 0 0 2 0 0 0 1 0 0 0 0 0 0 0 2 0 0 1 2 0 0 0 0 0 0 1 3 1 0
"use" 0 0 0 1 3 2 0 2 2 0 0 0 0 10 0 0 0 1 3 0 1 1 1 3 1 7 3 1 1 0 7 6 2 0 2 3 3 4 0 0 3 2 2 0 0 2 2 2 3 1 3 0 0 0 2 2 0 0 1 3
"expens" 0 0 0 1 3 0 0 2 1 0 0 0 1 1 1 0 0 1 0 0 0 1 0 0 0 1 0 0 1 0 1 0 0 0 1 0 0 0 0 0 0 0 0 0 0 0 0 0 0 0 0 0 0 0 0 0 0 1 0 0
"done" 0 0 0 0 3 0 0 4 0 0 0 0 0 1 2 0 0 1 1 0 0 1 0 2 0 0 0 2 1 1 3 0 4 0 7 1 0 0 0 0 0 1 0 0 0 4 0 1 3 2 3 5 0 1 0 2 0 2 0 0
"whether" 0 0 0 0 3 0 0 1 1 1 0 0 2 1 5 0 2 3 1 0 2 0 0 1 0 0 0 1 0 0 5 3 2 0 0 1 0 2 0 0 0 0 1 2 0 1 0 0 0 0 1 1 0 0 0 4 0 3 0 0
"cover" 0 0 0 0 3 0 0 0 1 0 1 0 0 0 0 0 0 0 0 0 0 0 0 2 0 0 0 0 0 0 0 0 0 0 0 0 0 0 0 0 0 0 0 0 0 0 0 0 0 0 0 0 0 0 0 0 0 0 0 0
"approv" 0 0 0 0 3 0 0 0 0 0 0 0 1 2 0 0 0 1 0 0 1 0 0 0 0 1 1 1 1 0 3 0 0 0 1 0 0 0 0 0 0 0 0 0 0 0 0 0 0 1 0 0 0 0 0 0 0 0 0 0
"revenu" 0 0 0 0 3 1 0 2 9 1 3 0 0 5 14 0 0 2 0 0 2 0 0 0 1 6 1 15 1 0 4 0 0 0 3 0 0 0 0 0 0 0 0 0 0 0 0 0 0 0 0 0 0 0 0 0 0 0 0 2
"comfort" 0 0 0 0 3 0 1 1 0 1 0 0 0 0 0 0 0 0 0 0 0 0 0 0 0 2 1 0 0 0 1 0 0 0 0 2 0 3 0 0 0 1 0 1 0 0 0 0 0 0 0 0 0 1 0 0 0 0 0 0
"art" 0 0 0 0 3 1 1 0 1 0 0 0 0 0 3 0 1 0 0 0 0 1 0 0 0 0 0 0 0 0 0 0 0 0 0 1 0 0 0 0 1 0 0 1 0 0 0 0 1 0 0 0 0 0 0 0 0 0 0 0
"reserv" 0 0 0 0 3 1 0 0 0 0 1 0 0 5 4 0 0 1 1 0 1 0 1 1 1 0 1 3 0 0 0 0 0 0 0 2 0 0 0 0 0 0 0 0 0 0 0 0 1 0 0 0 0 0 0 0 1 0 0 1
"direct" 0 0 0 0 3 1 0 0 3 2 0 2 2 5 2 1 2 1 2 1 0 2 0 2 0 2 1 3 2 0 6 1 0 1 5 6 3 0 1 0 1 1 0 0 0 0 0 0 1 0 0 0 0 3 1 0 0 0 0 2
"whatsoev" 0 0 0 0 3 0 0 0 0 2 0 0 0 0 0 0 0 0 0 0 0 0 0 0 0 0 0 0 0 0 0 0 0 0 0 0 0 0 0 0 0 0 0 0 0 0 0 0 0 0 0 0 0 0 0 0 0 0 0 0
"larg" 1 0 1 0 2 1 0 0 1 0 0 0 1 1 2 1 1 3 0 0 1 0 1 0 2 5 0 4 0 2 5 1 0 0 2 6 0 0 0 0 1 0 0 0 0 0 0 0 0 0 1 0 0 0 0 0 0 1 0 0
"conduct" 1 0 1 0 2 0 2 3 4 0 0 1 6 2 1 2 1 2 1 0 0 1 1 1 0 1 1 0 0 0 1 0 0 0 2 0 1 0 0 0 0 1 0 0 0 0 0 0 0 1 0 0 0 1 1 0 0 0 0 0
"return" 1 0 1 0 2 0 0 0 0 0 1 0 1 2 1 0 0 1 1 0 1 2 3 0 0 1 3 1 0 0 1 0 1 1 2 3 3 0 0 0 0 0 0 0 0 0 0 0 1 2 0 0 1 0 0 1 0 0 0 3
"select" 1 0 1 1 2 0 0 0 0 0 2 0 0 1 1 0 1 0 0 0 0 0 0 0 1 1 0 0 0 0 1 0 0 0 0 4 0 0 0 0 0 0 0 0 0 0 0 0 0 0 0 0 0 0 0 0 0 0 0 0
"inspir" 1 0 1 1 2 0 0 0 0 0 1 1 0 1 0 1 0 1 0 0 1 0 0 2 1 1 0 2 1 0 0 0 0 8 1 1 0 0 0 0 1 2 1 0 1 1 0 0 0 0 0 0 0 1 0 0 0 0 1 3
"guid" 1 0 0 1 2 0 0 0 0 0 0 0 1 0 1 1 0 0 0 0 0 1 1 0 1 0 1 0 1 0 0 0 1 0 0 0 2 1 0 0 0 1 0 0 0 0 0 0 0 0 1 0 1 1 1 1 3 1 1 0
"add" 1 0 1 0 2 0 1 2 3 0 0 0 2 0 0 0 1 0 2 0 0 0 0 0 1 1 0 0 0 0 0 0 1 2 0 0 0 1 0 0 0 0 0 0 0 1 0 0 1 0 0 0 0 0 1 0 0 0 1 0
"domest" 0 0 1 1 2 0 0 3 0 3 0 1 5 5 3 1 2 6 2 0 0 0 0 0 1 3 0 1 0 0 2 0 2 0 1 0 0 0 0 0 0 1 0 0 0 0 0 1 0 1 0 1 0 0 0 1 0 0 1 0
"transact" 0 0 1 0 2 0 0 1 0 0 0 0 0 1 0 0 0 0 0 0 0 0 0 0 0 0 0 0 0 0 0 0 0 0 1 1 0 0 0 0 0 0 0 0 0 0 0 0 0 0 0 0 0 0 0 0 0 0 0 0
"nativ" 0 0 1 0 2 0 1 0 0 0 0 0 0 0 2 0 0 0 0 0 1 0 0 0 0 0 0 0 2 0 1 0 1 0 0 0 0 0 0 0 0 0 0 0 0 0 0 0 0 0 0 0 0 0 0 0 0 0 1 0
"enlighten" 0 0 1 1 2 0 1 2 3 1 0 1 1 3 1 1 0 0 0 0 0 0 1 0 0 0 1 1 0 0 0 0 0 0 3 0 0 0 1 0 0 1 0 0 0 0 0 0 0 0 0 0 0 0 0 0 0 0 0 0
"full" 0 0 1 1 2 3 0 3 4 0 0 1 1 3 1 0 0 0 1 0 0 0 0 4 2 4 0 1 3 1 4 0 2 4 2 4 0 0 2 0 1 4 3 0 0 1 1 1 1 1 0 0 1 1 0 1 0 0 1 3
"pride" 0 0 1 0 2 0 0 0 1 0 0 0 0 0 0 0 0 0 0 0 2 0 0 0 0 0 1 1 0 0 0 1 1 1 1 0 1 0 0 0 0 1 1 0 1 0 0 0 0 0 0 0 0 0 1 0 2 1 0 2
"fair" 0 0 1 0 2 1 0 3 3 0 1 0 1 2 1 0 1 4 1 0 0 1 0 0 2 2 4 3 1 0 2 1 1 0 3 0 0 0 0 0 1 0 0 0 0 0 0 1 2 2 0 1 0 2 0 1 1 0 0 2
"candid" 0 0 1 0 2 0 0 0 0 3 0 0 1 1 0 0 0 1 1 0 0 0 1 0 0 0 0 0 0 0 0 1 0 0 2 0 0 0 0 0 0 0 0 0 0 0 0 0 0 0 0 0 0 0 0 0 0 0 1 0
"merit" 0 0 1 0 2 0 0 2 1 0 0 0 0 0 0 0 0 0 0 0 0 0 1 0 1 0 0 0 1 0 0 0 0 0 1 0 0 0 0 0 0 0 0 0 0 0 0 0 0 0 0 0 0 0 0 0 0 0 0 0
"doubt" 0 0 1 0 2 0 0 2 0 3 0 0 3 2 4 0 0 1 0 0 1 0 0 2 0 2 1 1 0 0 1 0 0 0 1 0 0 0 2 0 1 0 0 2 0 1 0 0 0 1 0 0 0 1 1 1 0 0 0 0
"declar" 0 0 0 1 2 0 2 0 2 2 0 0 3 5 2 1 1 1 5 1 0 0 2 2 0 1 0 2 1 0 2 0 0 0 1 1 0 0 1 0 1 0 1 0 0 0 0 0 2 1 0 1 1 1 2 0 3 0 0 2
"find" 0 0 0 1 2 1 2 4 2 0 0 1 0 2 2 0 2 0 2 0 0 1 0 1 0 5 1 1 2 0 1 0 0 2 3 5 1 3 2 0 1 1 0 2 4 2 1 0 1 2 1 0 1 2 3 2 2 0 0 0
"associ" 0 0 0 1 2 1 1 0 0 2 0 0 1 1 0 0 0 0 2 0 0 0 0 0 0 1 0 0 0 0 1 0 1 1 0 1 0 0 0 0 0 1 0 0 0 0 0 0 0 0 0 0 0 0 0 0 0 0 0 0
"intercours" 0 0 0 1 2 1 0 1 0 2 0 0 3 3 4 0 2 1 3 0 0 0 0 0 0 1 0 0 0 0 0 0 0 0 1 0 0 0 0 0 0 0 0 0 0 0 0 0 0 0 0 0 0 0 0 0 0 0 0 0
"brethren" 0 0 0 1 2 0 0 0 1 0 0 1 0 0 0 0 0 0 0 0 0 0 0 0 0 0 0 0 0 0 0 0 0 0 0 0 0 0 0 0 0 0 0 0 0 0 0 0 0 0 0 0 0 0 0 0 0 0 0 0
"chang" 0 0 0 1 2 1 0 0 3 0 0 0 1 4 0 0 1 0 4 0 0 2 3 3 0 1 0 3 0 1 10 4 1 2 1 1 2 5 0 0 1 2 4 1 12 1 0 1 0 4 2 11 2 1 0 2 3 1 1 5
"faculti" 0 0 0 1 2 1 1 0 1 1 0 1 0 0 1 0 0 0 0 0 0 0 0 0 1 0 0 0 0 0 0 0 0 0 0 0 0 0 0 0 0 1 0 0 0 0 0 0 0 0 0 0 0 0 0 0 0 0 0 0
"restrain" 0 0 0 1 2 0 0 1 0 0 0 0 0 0 1 0 0 0 0 0 0 0 0 0 0 1 1 0 0 0 2 0 0 0 0 0 0 0 0 0 0 0 0 0 0 0 0 0 0 0 0 0 0 0 0 0 0 0 0 0
"understand" 0 0 0 1 2 0 0 0 0 0 0 0 0 3 1 0 1 0 1 0 0 0 1 0 0 0 0 1 0 0 1 1 0 8 2 1 1 3 3 2 0 1 0 0 0 1 3 0 1 0 1 0 0 0 0 3 2 2 2 0
"correct" 0 0 0 1 2 0 0 0 2 0 1 0 0 6 0 0 0 1 0 0 0 3 0 0 1 1 0 0 0 0 1 1 1 1 1 1 1 0 0 0 1 0 0 0 0 0 0 0 0 0 0 0 0 0 0 0 0 0 0 0
"debt" 0 0 0 1 2 2 0 1 2 2 1 0 1 0 5 1 0 1 0 0 5 0 0 1 0 2 0 3 0 0 0 0 0 1 0 0 0 0 0 0 0 0 0 0 0 0 0 0 0 1 0 1 0 0 0 0 0 0 0 0
"reform" 0 0 0 1 2 0 0 0 0 0 2 0 0 0 2 0 0 0 0 0 0 2 5 0 2 3 2 1 0 0 6 0 1 1 2 1 0 0 0 0 0 0 0 0 0 0 0 0 0 0 0 1 2 2 3 1 1 0 0 0
"alon" 0 0 0 1 2 1 1 1 0 1 0 0 2 2 1 0 2 1 0 0 0 0 1 1 1 0 0 1 0 0 0 0 0 2 1 4 1 0 3 1 2 1 2 0 1 1 0 0 1 1 1 1 2 0 0 1 3 0 0 0
"satisfi" 0 0 0 0 2 0 0 0 4 0 0 0 1 1 0 1 0 0 0 0 0 0 1 0 0 0 0 0 0 0 0 0 0 0 2 0 0 0 0 0 2 0 1 0 0 0 0 0 0 0 0 0 0 0 0 1 0 0 0 0
"cultiv" 0 0 0 0 2 1 0 3 1 1 1 0 1 1 1 1 2 1 0 0 0 0 0 0 0 0 0 2 1 0 0 0 0 0 1 0 0 0 0 0 0 0 0 0 0 0 0 0 0 0 0 0 0 0 0 0 0 0 0 0
"cherish" 0 0 0 0 2 1 1 2 0 2 0 0 0 1 2 0 1 1 1 1 0 0 2 0 0 1 0 1 0 0 0 0 0 2 2 0 0 0 0 0 0 2 1 0 0 0 1 0 0 0 0 0 0 0 0 0 1 0 0 0
"sound" 0 0 0 0 2 0 0 1 1 0 0 0 1 1 3 0 1 1 0 0 0 0 0 1 1 0 1 1 1 0 0 2 0 2 3 1 2 0 0 0 1 0 0 0 0 0 0 0 0 3 2 1 0 0 1 0 0 0 2 0
"tax" 0 0 0 0 2 0 0 1 3 1 0 1 0 0 6 0 0 0 0 0 0 0 0 0 0 0 2 1 0 0 2 0 0 1 9 0 1 0 0 0 0 0 0 0 0 0 0 0 4 6 0 0 0 1 0 0 1 1 0 2
"properti" 0 0 0 0 2 0 0 4 2 0 1 0 0 1 0 0 0 0 3 0 1 0 0 0 2 0 0 0 2 0 2 1 0 0 7 1 1 0 0 0 0 0 0 0 0 0 0 0 0 0 0 0 0 0 0 0 0 0 0 0
"paid" 0 0 0 0 2 0 0 1 0 0 0 0 1 0 1 0 0 0 0 1 2 0 0 0 0 0 2 0 0 0 1 0 0 0 0 0 0 0 0 0 0 0 0 0 0 0 0 0 1 0 0 0 0 0 0 0 1 0 0 0
"consumpt" 0 0 0 0 2 0 0 0 0 0 0 0 0 0 0 0 0 0 0 0 0 0 0 0 0 0 0 1 0 0 0 0 0 0 0 0 0 0 0 0 0 0 0 0 0 0 0 0 0 0 0 0 0 0 0 0 0 0 0 0
"current" 0 0 0 0 2 0 0 0 1 0 0 0 0 0 0 0 0 0 1 0 0 0 0 0 0 0 0 1 1 0 1 0 3 0 1 0 1 0 0 0 0 0 0 0 0 0 0 0 0 0 0 0 0 0 0 1 0 0 0 0
"extend" 0 0 0 0 2 0 0 5 3 4 0 0 3 0 12 1 1 3 2 2 0 0 1 2 0 0 0 1 0 0 1 0 0 0 2 4 0 1 0 0 1 0 0 0 0 1 0 0 0 0 0 0 2 0 1 2 1 0 0 0
"appli" 0 0 0 0 2 1 0 0 1 0 0 0 0 6 0 0 0 1 0 0 0 0 0 0 0 3 0 0 0 0 0 0 0 0 3 0 1 0 0 0 1 1 0 0 0 0 0 0 0 0 0 0 0 0 0 1 0 0 0 0
"short" 0 0 0 0 2 0 1 0 3 0 0 0 0 2 1 0 0 1 2 0 0 0 0 1 0 1 0 0 0 0 0 0 0 1 0 1 0 0 0 0 0 0 0 0 1 1 0 0 1 1 0 0 0 0 0 2 0 0 0 1
"redempt" 0 0 0 0 2 0 0 0 0 0 0 0 0 0 0 0 0 0 0 0 0 0 0 1 0 1 1 1 0 0 1 0 0 0 0 0 0 0 0 0 0 0 0 0 0 0 0 0 0 0 0 0 0 0 0 0 0 0 0 0
"liber" 0 0 0 0 2 3 1 1 1 3 1 2 1 3 0 2 0 1 0 0 0 0 1 1 0 0 0 2 2 0 0 0 2 0 0 1 0 0 0 0 0 0 0 0 1 0 0 0 0 1 0 0 0 1 1 0 1 0 1 2
"popul" 0 0 0 0 2 0 0 0 2 1 1 0 3 1 6 0 4 0 0 1 0 0 0 3 1 4 0 1 1 1 1 0 0 0 0 1 1 1 0 0 0 0 1 0 0 0 0 0 0 0 0 0 0 0 0 0 0 0 0 0
"meantim" 0 0 0 0 2 0 0 0 0 0 0 0 0 0 1 0 0 0 0 0 0 0 0 0 0 0 2 0 0 0 3 0 0 0 0 1 0 0 0 0 0 0 0 0 0 0 0 0 0 0 0 0 0 0 0 0 0 0 0 0
"keep" 0 0 0 0 2 1 0 0 1 1 1 0 0 7 0 0 0 0 1 0 0 0 0 1 1 0 0 3 1 0 2 1 1 0 1 2 0 1 0 0 2 0 0 0 1 1 0 0 2 0 2 1 1 1 0 0 2 0 0 2
"passion" 0 0 0 0 2 1 0 0 0 2 0 0 1 7 0 0 2 1 1 0 0 0 0 0 0 1 1 1 0 0 0 1 1 2 0 0 0 0 0 0 0 0 1 0 0 1 0 1 0 0 0 0 0 0 0 0 1 0 0 0
"sever" 0 0 0 0 2 1 1 3 4 1 0 2 0 4 0 0 1 1 1 0 0 0 3 1 0 2 0 3 1 0 1 0 0 0 0 0 1 0 0 0 0 0 0 0 0 0 0 0 1 0 0 0 0 0 0 0 0 0 0 1
"ignor" 0 0 0 0 2 0 0 1 1 0 0 0 0 0 0 0 0 0 1 0 0 0 0 3 0 2 0 1 0 0 3 1 0 0 2 0 0 0 0 0 0 0 0 0 0 0 0 1 0 0 0 0 0 1 1 0 0 1 0 0
"wholesom" 0 0 0 0 2 0 0 1 0 1 0 0 0 1 0 0 0 0 0 0 0 0 0 0 0 0 1 0 0 0 0 0 0 1 0 0 0 0 0 0 0 0 0 0 0 0 0 0 0 0 0 0 0 0 0 0 0 0 0 0
"resourc" 0 0 1 1 1 3 2 4 4 1 0 0 4 1 1 0 1 0 0 0 0 0 1 0 1 1 1 1 0 0 2 1 0 2 6 1 1 1 1 0 6 2 1 0 2 0 0 0 0 0 1 1 0 0 0 1 0 0 0 0
"observ" 1 0 0 0 0 2 0 0 1 1 2 2 0 10 2 0 3 1 0 0 0 0 2 0 1 7 0 3 2 0 2 0 0 0 2 1 0 0 0 0 0 2 0 1 0 0 0 0 0 0 0 0 0 0 0 0 0 0 0 0
"least" 0 0 1 0 0 2 0 1 0 0 0 0 3 4 0 0 0 0 0 0 0 1 0 0 0 1 0 1 0 0 1 0 0 0 0 0 0 0 0 0 1 0 1 0 0 0 0 0 0 1 0 0 0 0 0 0 0 0 0 0
"enjoy" 0 0 1 0 0 2 0 5 3 3 0 0 3 1 3 0 1 4 0 0 0 0 3 4 1 0 2 2 0 1 0 0 0 0 1 0 0 0 0 0 1 1 1 0 0 0 0 0 0 1 0 0 0 0 0 1 0 1 0 0
"agricultur" 0 0 1 1 1 2 0 2 1 0 1 0 0 0 2 1 0 0 0 0 0 0 0 1 0 2 0 2 1 0 4 1 0 1 1 1 1 0 0 0 1 0 1 0 0 1 0 0 0 0 0 0 0 0 0 0 0 0 0 0
"neutral" 0 0 1 0 0 2 0 1 5 0 0 0 1 0 0 1 0 0 0 0 0 0 0 0 1 0 0 0 0 0 0 0 1 0 0 0 0 0 0 0 0 0 0 0 0 0 0 0 0 0 0 0 0 0 0 0 0 0 0 0
"belliger" 0 0 1 0 0 2 0 0 0 0 0 0 0 0 0 0 0 0 0 0 0 0 0 0 0 0 0 0 0 0 0 0 0 0 0 0 0 0 0 0 0 0 0 0 0 0 0 0 0 0 0 0 0 0 0 0 0 0 0 0
"avail" 0 0 0 1 0 2 0 0 0 0 1 0 1 0 0 0 0 1 0 0 0 2 0 0 0 1 0 0 1 0 4 0 1 0 0 1 0 0 0 0 2 0 0 0 0 0 0 0 1 0 0 0 0 0 0 0 0 0 0 0
"stand" 0 0 0 1 0 2 0 1 0 2 1 3 2 1 2 0 4 0 1 0 0 3 0 1 0 0 2 0 0 0 1 0 7 4 7 0 1 0 1 1 1 2 1 0 3 2 2 0 3 5 2 2 3 2 3 3 1 1 7 4
"degrad" 0 0 0 1 0 2 0 0 0 0 0 0 0 0 0 0 0 0 0 0 0 0 0 0 0 0 2 0 0 0 1 0 0 0 0 0 0 0 0 0 0 0 0 0 0 0 0 0 0 0 0 0 0 0 0 0 0 0 0 0
"republ" 0 0 0 1 0 2 1 0 1 1 0 2 5 8 2 2 5 2 0 0 0 2 0 4 3 1 0 2 4 4 1 0 0 11 3 2 0 4 2 0 0 0 0 1 0 0 0 0 1 1 0 0 0 0 0 0 1 0 1 2
"devot" 0 0 0 1 0 2 1 0 1 2 0 0 3 5 4 1 2 0 0 1 0 0 1 1 2 0 3 2 1 1 1 0 0 2 0 1 1 0 0 0 2 3 0 1 0 0 0 0 0 0 0 0 0 0 1 0 0 0 2 0
"indulg" 0 0 0 1 1 2 0 1 1 3 1 0 0 0 1 0 0 0 0 0 0 0 0 0 0 0 0 0 0 0 0 0 0 0 0 0 0 0 0 0 0 0 0 0 0 0 0 0 0 0 0 0 0 0 0 0 0 0 0 0
"fulfil" 0 0 0 0 1 2 0 0 0 2 0 1 1 1 0 0 4 0 0 0 0 0 0 1 0 0 0 0 0 0 1 0 0 1 0 0 1 1 0 0 0 1 1 0 0 2 1 0 0 1 1 0 0 2 3 0 0 0 0 0
"true" 0 0 0 0 1 2 1 0 0 0 0 0 3 9 3 1 1 2 2 1 1 0 2 1 0 0 1 4 1 0 1 0 3 0 3 2 2 2 2 0 0 0 2 0 1 0 1 2 0 0 0 0 1 0 1 2 2 0 0 1
"arm" 0 0 0 0 0 2 3 0 2 1 2 0 0 1 2 1 0 1 1 1 0 0 0 0 0 0 0 1 2 0 3 0 3 2 2 1 1 0 0 1 3 1 1 4 0 1 2 0 0 3 0 1 0 0 2 0 1 0 0 1
"manner" 0 0 0 0 0 2 0 2 3 0 0 1 1 2 2 0 1 4 1 0 0 0 0 0 0 0 0 0 0 0 1 0 0 0 0 0 0 0 1 1 0 0 0 0 0 0 0 0 0 0 0 0 0 0 0 0 0 0 0 0
"allot" 1 0 0 0 0 1 0 0 0 2 0 0 0 0 0 0 0 0 0 0 0 0 0 0 0 0 0 0 0 0 0 0 0 0 0 0 0 0 0 0 0 0 0 0 0 0 0 0 0 0 0 0 0 0 0 0 0 0 0 0
"bound" 1 0 1 0 0 1 0 0 0 2 0 0 0 3 2 0 2 0 0 0 0 0 1 0 1 0 2 1 1 0 0 0 0 0 0 1 0 0 0 0 0 0 0 0 1 0 0 0 1 0 0 0 0 1 1 0 1 0 0 0
"mean" 1 0 1 0 1 1 2 1 1 0 1 0 0 6 7 0 0 4 2 0 0 0 1 1 1 2 0 2 0 1 2 5 2 3 7 2 2 2 0 0 2 6 2 0 2 1 0 1 5 0 8 1 1 1 3 2 5 1 1 1
"anticip" 1 0 0 0 0 1 0 1 2 0 0 0 4 2 0 0 1 0 1 1 0 0 1 1 0 0 0 0 1 0 1 0 0 0 0 0 0 0 0 0 0 0 0 0 0 0 0 0 0 0 0 0 0 0 0 0 0 0 0 0
"suppress" 1 0 0 0 1 1 0 0 1 1 0 0 0 0 0 0 0 1 2 0 0 0 0 0 0 0 0 0 1 0 1 0 1 0 0 0 0 0 0 0 0 0 0 0 0 0 0 0 0 0 0 0 0 0 0 0 0 0 0 0
"pledg" 1 0 1 0 0 1 1 0 1 2 0 0 1 3 1 0 3 0 0 0 0 0 1 0 2 0 3 0 1 0 1 0 0 2 1 0 2 2 0 0 0 1 4 7 0 0 2 1 2 1 0 1 2 2 0 1 2 0 2 1
"prejudic" 1 0 0 0 1 1 0 0 0 3 0 0 0 2 1 0 2 0 0 0 2 0 1 0 1 2 0 1 0 0 2 0 0 1 1 0 0 0 0 0 0 0 0 0 0 0 0 0 0 1 0 0 2 1 0 0 1 1 0 0
"exist" 1 0 1 0 1 1 0 1 4 2 1 1 8 15 9 1 3 3 8 0 0 3 2 2 0 4 2 1 2 2 8 1 0 1 1 2 1 0 0 0 0 0 0 0 1 0 0 0 0 0 0 0 0 0 1 0 0 2 0 0
"economi" 1 0 0 1 0 1 0 1 2 1 1 1 0 0 1 1 1 0 0 0 0 0 1 1 1 1 3 2 1 0 1 1 0 1 6 1 1 0 0 0 0 0 0 0 0 1 0 0 4 5 0 3 2 2 0 3 1 0 0 0
"reward" 1 0 0 0 0 1 0 1 0 0 0 0 0 0 0 0 1 0 0 0 0 0 1 0 2 0 1 0 0 0 0 0 0 2 2 1 0 0 0 0 1 1 1 1 0 0 0 0 0 1 1 0 1 1 1 0 1 1 1 0
"whilst" 1 0 0 0 0 1 0 0 0 0 0 0 1 3 0 0 1 6 0 0 1 0 0 0 0 0 0 0 0 0 0 0 0 0 0 0 0 0 0 0 0 0 0 0 0 0 0 0 0 0 0 0 0 0 0 0 0 0 0 0
"avoid" 1 0 0 0 0 1 0 0 0 0 0 0 2 1 2 0 0 1 1 0 0 0 0 0 1 2 1 3 1 0 4 0 1 0 0 1 0 0 0 0 0 0 0 0 0 0 0 0 0 0 0 0 1 0 1 0 1 0 0 0
"rever" 1 0 1 0 1 1 0 0 0 1 1 0 1 1 0 1 0 0 0 0 0 0 0 1 0 1 1 1 1 1 0 0 0 2 0 0 0 0 0 0 0 0 0 0 0 0 0 0 0 0 0 0 0 0 0 0 0 0 0 0
"question" 1 0 0 1 0 1 0 1 2 2 0 0 1 1 3 1 4 12 7 0 5 4 10 5 0 1 1 5 3 0 5 3 1 2 2 2 0 0 0 0 0 2 0 0 0 0 1 1 1 2 0 1 1 0 4 3 0 0 0 0
"safe" 1 0 0 1 0 1 0 1 0 0 0 0 0 2 1 0 2 1 1 0 0 0 1 4 0 3 1 2 0 0 0 0 1 0 0 0 0 0 0 0 0 1 1 0 0 1 1 0 0 2 0 0 0 0 0 1 2 2 1 1
"address" 1 0 0 0 0 1 0 0 0 1 0 0 0 0 0 1 0 0 3 2 0 0 0 0 0 0 0 0 0 0 1 0 1 0 0 0 2 0 1 0 0 0 0 0 0 1 0 0 1 0 0 0 0 0 0 0 0 0 0 0
"arduous" 1 0 0 0 0 1 1 0 0 2 1 0 1 0 0 1 0 0 0 0 0 0 0 0 0 0 0 1 0 0 0 0 0 0 0 0 1 0 0 0 0 0 0 0 0 0 0 0 0 0 0 0 0 0 0 0 0 0 0 0
"provis" 1 0 0 0 0 1 0 0 4 2 0 0 2 3 0 0 1 0 9 0 0 0 1 0 0 1 0 3 0 0 3 0 0 0 0 1 1 0 0 0 0 0 0 0 0 0 0 0 0 0 0 0 0 0 0 0 0 0 0 0
"expenditur" 1 0 0 0 0 1 0 0 1 4 1 1 0 0 1 1 0 1 0 0 1 0 0 1 1 4 2 4 1 0 6 0 0 2 2 2 0 0 0 0 0 0 0 0 0 0 0 0 0 0 0 0 0 0 0 0 0 0 0 0
"bring" 1 0 0 1 0 1 1 2 0 0 0 0 1 3 1 0 0 0 0 0 1 1 0 0 1 3 0 0 0 1 2 0 0 0 0 2 1 1 0 0 2 2 1 2 0 1 2 1 0 2 3 2 0 2 2 1 1 4 1 8
"benign" 1 0 1 1 0 1 0 1 0 0 0 0 0 0 1 0 1 0 0 0 0 1 0 0 0 0 0 0 0 0 0 0 0 0 0 0 0 0 0 0 0 0 0 0 0 0 0 0 0 0 0 0 0 0 0 0 0 0 0 0
"disposit" 1 0 1 0 1 1 1 0 1 0 0 0 1 0 1 0 0 0 0 0 0 0 1 0 0 2 1 1 0 0 1 0 0 1 0 0 0 0 0 0 0 0 0 0 0 0 0 0 0 0 0 0 0 0 0 0 0 0 0 0
"conspicu" 1 0 0 0 0 1 1 1 1 0 0 0 0 0 0 0 0 0 0 0 0 0 0 0 0 1 0 0 0 0 0 0 0 0 0 0 0 0 0 0 0 0 0 0 0 0 0 0 0 0 0 0 0 0 0 0 0 0 0 0
"wise" 1 0 1 1 0 1 0 3 0 1 0 1 4 1 2 1 2 3 3 0 0 1 4 0 0 4 3 3 2 0 2 0 0 1 1 1 1 0 0 0 1 0 1 0 0 0 0 0 0 0 0 0 0 0 0 1 0 0 0 0
"armi" 0 0 1 0 0 1 0 2 0 1 1 1 0 2 0 2 3 1 0 0 0 2 0 1 0 0 0 0 2 0 8 0 0 0 0 0 2 0 0 0 0 0 0 0 0 0 0 0 0 0 0 0 1 0 0 0 0 1 0 0
"howev" 0 0 1 0 0 1 0 0 1 0 0 0 1 17 0 1 1 2 2 0 0 2 1 1 0 4 1 2 2 0 4 0 0 1 0 1 1 1 0 0 0 0 2 0 0 1 0 0 1 1 0 0 0 1 0 0 0 1 0 0
"felt" 0 0 1 1 0 1 1 2 1 1 0 0 2 0 1 0 1 0 0 0 0 0 0 0 0 1 0 0 1 1 0 0 0 1 0 0 0 0 0 0 0 0 0 0 0 0 0 0 0 0 0 0 0 0 1 0 0 0 0 1
"british" 0 0 0 0 0 0 5 0 2 0 0 0 0 1 0 0 0 0 0 0 0 0 0 0 0 0 0 1 0 0 0 0 0 0 0 0 0 0 0 0 0 1 0 0 0 0 0 0 0 0 0 0 0 0 0 0 0 0 0 0
"part" 0 0 1 1 0 0 3 4 9 2 0 2 2 16 10 1 1 1 4 1 3 2 2 1 0 1 1 2 5 0 4 4 4 4 1 7 3 2 1 0 0 0 0 0 1 2 1 0 1 1 6 1 1 0 0 2 0 1 0 0
"carri" 0 0 0 0 0 1 3 0 5 1 0 0 3 3 1 0 3 0 0 0 1 3 1 0 0 1 1 4 1 0 4 1 0 2 0 1 0 2 2 0 2 1 1 0 0 0 0 0 2 2 0 0 0 1 1 4 3 1 2 1
"savag" 0 0 0 0 0 1 3 0 0 0 0 0 0 0 0 0 0 0 0 0 0 0 0 0 0 0 0 0 0 0 0 0 0 0 0 0 0 0 0 0 0 0 0 0 0 0 0 0 0 0 0 0 0 0 0 0 0 0 0 0
"stake" 1 0 0 0 0 0 2 0 0 0 0 1 0 0 0 0 0 0 0 0 0 0 0 0 0 0 0 0 0 0 0 0 0 0 0 0 0 0 1 0 0 0 0 0 0 0 0 0 0 0 0 0 0 2 1 0 1 0 0 0
"still" 1 0 1 1 1 0 2 1 4 2 0 0 3 4 0 0 1 2 4 2 0 0 3 2 2 0 1 2 2 1 1 0 2 1 1 2 3 0 3 1 0 1 1 1 1 0 0 3 0 2 1 4 1 1 2 2 6 0 2 2
"repeat" 0 0 1 0 0 0 2 0 0 1 0 0 0 2 0 0 0 0 0 0 0 0 3 0 0 0 0 1 0 0 0 0 0 1 0 0 0 1 0 0 0 0 0 0 1 0 0 0 0 1 1 0 0 0 0 0 0 0 0 0
"period" 0 0 1 0 0 1 2 2 2 4 1 1 3 6 6 0 3 1 1 0 0 0 1 0 0 0 0 1 0 0 0 0 1 0 0 1 0 0 0 1 2 0 0 1 0 1 1 0 1 0 0 0 0 0 0 0 0 0 2 0
"element" 0 0 0 1 0 0 2 1 0 1 0 0 1 1 0 0 2 0 1 0 0 0 0 1 0 1 1 0 1 0 2 0 0 0 2 1 1 0 0 0 0 0 0 0 0 0 0 0 0 0 0 0 0 0 0 0 0 0 0 1
"suffer" 0 0 0 1 0 0 2 1 3 1 0 0 1 3 0 0 1 2 0 0 0 0 1 1 1 1 0 2 0 0 1 1 0 2 3 2 0 2 0 0 1 0 1 0 1 3 0 0 2 0 0 0 0 2 0 1 0 0 0 2
"practic" 0 0 0 1 0 0 2 2 3 2 0 1 2 0 7 2 2 5 4 0 1 0 3 3 1 4 0 4 1 1 3 1 1 3 5 2 3 4 0 0 1 2 2 0 0 0 0 0 1 0 0 0 0 0 0 0 0 0 0 1
"relianc" 0 0 0 1 0 0 2 0 1 0 1 0 1 0 1 0 0 0 1 0 0 0 0 0 0 0 0 2 0 0 0 0 0 0 0 0 0 0 0 0 0 0 0 0 0 0 0 0 0 0 0 0 0 0 0 0 0 0 0 0
"progress" 0 0 0 0 1 1 2 1 5 1 1 0 2 2 1 0 1 4 0 1 0 2 1 1 0 2 0 2 2 0 7 0 0 5 0 17 2 8 1 0 2 0 3 1 1 1 5 0 2 6 1 0 2 0 2 1 1 0 2 0
"sympathi" 0 0 0 0 0 1 2 0 0 1 0 0 0 0 0 0 2 0 1 0 0 0 1 0 0 1 0 0 0 0 5 1 0 0 1 2 0 0 0 0 0 0 0 0 0 0 0 0 0 0 0 0 0 0 0 0 0 0 0 0
"belong" 0 0 0 0 0 0 2 1 1 1 1 0 1 1 2 0 2 1 2 0 0 0 1 0 0 0 0 0 0 0 0 0 0 0 2 0 0 0 0 0 0 2 0 0 1 0 0 0 0 1 1 1 0 1 0 0 0 2 0 1
"compel" 0 0 0 0 0 0 2 0 2 0 0 0 0 0 0 0 0 0 0 0 1 0 0 1 0 1 0 0 0 0 0 0 0 0 1 0 0 0 0 0 0 0 0 0 0 0 0 0 0 0 0 0 0 0 0 0 2 0 0 0
"last" 0 0 0 0 0 0 2 0 3 2 0 1 2 2 2 0 2 0 0 1 0 1 0 2 1 0 0 4 0 1 2 1 1 1 2 0 0 2 0 1 3 0 2 1 0 4 2 1 1 2 1 0 3 1 0 3 2 0 2 0
"cruel" 0 0 0 0 0 0 2 0 0 0 0 0 0 0 0 0 0 0 0 0 0 0 0 0 0 0 0 0 0 0 1 0 0 0 0 0 0 0 0 0 0 0 0 0 0 0 0 0 0 0 0 0 0 0 0 0 0 0 0 0
"usag" 0 0 0 0 0 0 2 0 0 1 0 0 0 0 0 0 0 0 0 0 0 0 2 0 0 0 0 0 0 0 0 0 0 0 0 0 0 0 0 0 0 0 0 0 0 0 0 0 0 0 0 0 0 0 0 0 0 0 0 0
"prison" 0 0 0 0 0 0 2 0 0 0 0 0 0 0 0 0 0 0 0 0 0 0 0 0 0 0 0 0 0 0 0 0 0 0 0 0 0 0 0 0 0 2 1 0 0 0 0 0 0 0 0 0 0 1 1 0 0 0 0 1
"fight" 0 0 0 0 0 0 2 0 0 0 0 0 0 0 0 0 0 0 2 0 0 0 0 0 0 0 0 0 0 1 0 0 0 1 0 0 0 0 0 1 0 1 0 0 0 0 0 1 1 0 0 0 0 0 2 0 1 2 2 1
"battl" 0 0 0 0 0 0 2 0 0 0 0 0 1 0 0 0 0 0 0 1 0 0 0 2 0 2 0 0 0 0 0 0 0 0 1 0 0 0 0 0 0 0 0 1 0 1 0 0 0 0 1 0 0 1 0 0 1 0 1 1
"massacr" 0 0 0 0 0 0 2 0 0 0 0 0 0 0 0 0 0 0 0 0 0 0 0 0 0 0 0 0 0 0 0 0 0 0 0 0 0 0 0 0 0 0 0 0 0 0 0 0 0 0 0 0 0 0 0 0 0 0 0 0
"captiv" 0 0 0 0 0 0 2 0 0 0 0 0 0 0 0 0 0 0 0 0 0 0 0 0 0 0 0 0 0 0 0 0 0 0 0 0 0 0 0 0 0 0 1 0 0 0 0 0 0 0 0 0 0 0 1 0 0 0 0 0
"disorgan" 0 0 0 0 0 0 2 0 0 0 0 0 0 0 0 0 0 0 0 0 0 0 0 0 0 0 0 0 0 0 0 0 0 1 0 0 0 0 0 0 0 0 0 0 0 0 0 0 0 0 0 0 0 0 0 0 0 0 0 0
"recoil" 0 0 0 0 0 0 2 0 0 0 0 0 0 0 0 0 0 0 0 0 0 0 0 0 0 0 0 0 0 0 0 0 0 0 0 0 0 0 0 0 0 0 0 0 0 0 0 0 0 0 0 0 0 0 0 0 0 0 0 0
"employ" 1 0 1 0 0 0 1 0 1 0 0 0 1 3 1 1 0 0 0 0 0 0 2 4 2 0 0 3 2 0 3 0 0 0 1 2 1 0 0 0 0 0 0 1 0 1 0 0 0 1 0 0 0 0 0 0 0 0 0 0
"either" 1 0 0 0 0 0 1 1 5 1 1 0 0 6 1 1 1 1 6 0 0 2 1 1 0 1 0 3 0 0 1 1 0 0 2 2 0 0 1 0 0 0 0 0 0 0 0 0 0 2 0 0 0 0 0 0 0 0 0 0
"presag" 1 0 0 0 0 0 1 0 1 0 0 0 0 0 0 0 0 0 0 0 0 0 0 0 0 0 0 0 0 0 0 0 0 0 0 0 0 0 0 0 0 0 0 0 0 0 0 0 0 0 0 0 0 0 0 0 0 0 0 0
"commenc" 1 0 0 0 0 0 1 3 6 2 0 0 0 2 0 0 0 1 0 0 1 0 1 0 0 0 0 0 0 0 0 0 0 0 0 0 0 0 0 0 0 0 0 0 0 0 0 0 0 0 0 0 0 0 0 0 0 0 0 0
"patriot" 1 0 1 1 1 0 1 1 3 2 1 1 8 11 3 3 3 0 3 0 0 0 1 1 4 8 4 4 2 0 0 1 0 1 0 0 0 0 0 0 0 1 0 0 0 0 0 0 1 0 1 0 0 0 0 2 1 2 1 2
"side" 1 0 0 0 0 0 1 0 2 0 0 0 0 1 0 0 2 1 4 0 0 0 0 0 0 0 1 0 0 0 0 2 0 1 1 1 1 1 0 0 0 0 0 8 1 1 0 0 3 1 0 0 0 1 1 1 0 0 0 0
"anoth" 1 0 0 1 1 0 1 1 1 1 0 1 0 6 5 0 0 0 3 1 1 0 0 0 1 2 1 0 0 0 2 0 1 2 1 1 0 0 0 0 0 4 0 0 1 2 3 1 0 2 0 1 3 1 3 0 1 2 9 0
"propiti" 1 0 0 0 0 0 1 0 0 0 0 0 0 1 0 0 0 0 0 0 0 0 0 0 0 0 0 0 0 0 0 0 0 0 0 0 0 0 0 0 0 0 0 0 0 0 0 0 0 0 0 0 0 0 0 0 0 0 0 0
"smile" 1 0 0 0 0 0 1 0 0 0 0 0 0 0 0 0 1 0 0 0 0 0 0 0 0 0 0 0 0 0 0 0 0 0 0 0 0 0 0 0 0 0 0 0 0 0 0 0 0 0 0 0 0 0 0 0 0 0 0 0
"deepli" 1 0 1 0 1 0 1 1 1 2 0 1 2 1 1 0 0 1 0 0 0 0 1 0 0 0 1 0 0 0 0 1 2 0 0 1 0 0 1 0 1 1 0 0 0 0 0 0 1 0 0 0 0 0 0 0 0 0 0 0
"way" 1 0 0 0 0 0 1 0 1 0 0 0 2 1 1 0 1 2 1 0 0 0 2 0 1 2 0 1 3 0 6 1 2 8 3 3 3 5 1 4 1 4 0 0 5 2 4 1 1 3 3 3 2 3 1 3 2 2 6 3
"await" 1 0 0 0 1 0 1 1 0 0 0 0 0 0 0 0 0 0 0 0 0 0 0 1 0 0 1 0 0 0 0 0 0 0 0 0 0 0 0 0 0 1 1 0 1 0 0 1 0 0 1 0 1 0 0 0 0 0 0 0
"struggl" 1 0 0 0 0 0 1 0 1 0 0 0 1 0 0 0 2 0 0 0 0 1 1 1 0 1 0 0 0 0 3 2 1 0 0 0 0 0 0 0 0 1 1 3 1 0 0 1 3 3 0 0 0 1 0 1 0 1 2 0
"estim" 1 0 0 0 0 0 1 2 0 1 0 0 0 0 0 0 0 2 0 0 0 0 0 0 1 2 0 0 0 0 0 0 0 0 0 0 0 0 0 0 0 0 0 0 0 0 0 0 0 0 0 0 0 0 0 0 0 0 0 0
"resort" 1 0 0 0 0 0 1 0 4 2 0 0 1 0 0 1 0 1 0 0 0 0 0 0 0 0 0 1 0 0 1 0 0 1 0 0 1 0 0 0 0 0 0 0 0 0 0 0 0 1 0 0 0 0 0 0 0 0 0 0
"half" 0 0 1 0 0 0 1 0 0 0 0 0 1 1 1 0 0 0 0 0 0 0 0 1 0 0 0 0 0 1 1 0 0 0 0 0 0 2 0 0 2 0 0 0 0 0 0 0 0 0 0 0 0 0 1 0 0 0 0 0
"number" 0 0 1 0 0 0 1 0 1 1 1 1 3 1 2 0 1 1 1 0 1 0 0 0 1 3 0 1 0 0 4 0 0 0 1 2 1 0 0 0 2 0 0 0 0 0 0 0 1 3 0 1 1 0 0 0 0 0 0 0
"confeder" 0 0 1 0 0 0 1 0 0 2 1 0 0 1 5 0 1 0 1 0 0 0 0 1 0 0 0 0 0 0 0 0 0 0 0 0 0 0 0 0 0 0 0 0 0 0 0 0 0 0 0 0 0 0 0 0 0 0 0 0
"precis" 0 0 1 0 0 0 1 0 0 1 0 0 1 2 1 0 0 0 3 0 1 0 0 0 0 0 0 0 0 0 0 0 0 0 0 0 0 0 0 0 0 0 0 1 0 1 0 0 0 0 0 0 0 0 0 1 1 0 0 0
"valu" 0 0 1 0 0 0 1 2 0 1 0 0 2 0 2 0 0 1 0 0 0 2 2 3 0 2 0 4 0 0 0 0 0 0 0 0 5 0 0 0 0 1 1 0 1 0 0 1 1 2 0 0 3 3 2 1 3 0 0 0
"contempt" 0 0 1 0 0 0 1 0 0 0 0 0 0 0 0 0 0 0 0 0 0 0 0 0 0 0 1 0 0 0 0 0 0 0 0 0 0 0 0 0 0 0 0 0 0 0 0 0 0 0 0 0 1 0 0 0 0 0 0 0
"insurrect" 0 0 1 0 0 0 1 0 0 0 0 0 0 0 0 0 0 0 0 0 0 0 0 0 0 0 0 0 1 0 0 0 0 0 0 0 0 0 0 0 0 0 0 0 0 0 0 0 0 0 0 0 0 0 0 0 0 0 0 0
"threaten" 0 0 1 0 0 0 1 0 0 1 0 0 2 0 1 0 2 0 0 0 0 1 1 1 0 1 1 1 0 0 0 0 0 3 2 0 0 0 0 0 0 1 0 0 0 0 0 0 1 3 0 2 0 0 0 1 0 0 0 0
"situat" 0 0 1 0 0 1 1 2 3 0 1 0 0 2 0 0 0 0 0 0 0 0 1 0 0 0 1 3 0 0 0 0 0 0 0 1 1 0 0 0 0 0 0 0 0 0 0 0 0 0 0 0 0 0 0 0 0 0 0 0
"contribut" 0 0 1 0 1 0 1 2 2 2 0 1 2 0 0 0 0 0 0 0 0 0 0 0 0 2 0 0 0 0 0 0 0 1 6 5 0 0 0 0 3 0 0 0 0 0 0 0 0 0 0 0 0 0 0 0 0 0 0 0
"bosom" 0 0 1 0 0 0 1 0 1 0 0 0 0 4 0 0 0 0 0 0 0 0 0 0 0 0 0 0 0 0 0 0 0 0 0 0 0 0 0 0 0 0 0 0 0 0 0 0 0 0 0 0 0 0 0 0 0 0 0 0
"nobl" 0 0 1 0 0 0 1 0 0 0 0 0 0 2 0 0 1 2 0 0 0 0 0 0 0 0 0 0 1 0 0 1 0 0 0 0 1 0 0 0 0 1 0 0 0 0 0 0 0 0 0 0 0 0 0 1 0 0 0 0
"like" 0 0 1 0 1 1 1 0 6 0 0 0 0 7 1 1 6 0 0 0 1 1 0 0 0 1 0 3 0 1 11 1 0 6 0 1 1 0 3 0 0 1 1 0 3 0 0 0 0 0 6 1 2 0 1 2 2 3 4 8
"depend" 1 0 1 0 0 0 0 7 3 0 1 0 2 2 2 0 2 0 1 1 0 0 2 1 1 1 2 1 0 1 4 0 1 2 2 1 0 1 0 1 1 0 1 0 0 0 0 0 2 1 0 0 1 1 3 2 0 0 1 0
"put" 0 0 0 0 0 0 0 7 0 0 0 0 0 1 0 0 0 0 0 0 0 0 1 0 0 2 0 2 0 0 4 2 0 1 1 0 3 0 1 0 0 0 0 0 0 0 0 0 2 2 3 1 1 0 0 1 0 1 2 2
"invas" 0 0 0 1 0 0 0 6 2 0 0 0 1 0 0 0 0 4 2 0 0 0 0 0 0 0 0 0 0 0 2 0 0 0 0 0 0 0 0 0 0 0 0 0 0 0 0 0 0 0 0 0 0 0 0 0 0 0 0 2
"alway" 0 0 0 0 0 1 0 6 4 0 0 0 2 3 0 1 4 0 2 1 1 0 1 1 0 1 1 7 0 0 3 2 1 0 6 0 1 2 0 2 0 0 0 4 4 0 1 0 0 3 2 1 3 0 3 1 2 2 2 0
"highest" 0 0 1 0 0 1 0 5 3 0 0 0 2 0 1 2 1 1 0 0 0 1 0 1 0 1 0 1 1 0 3 0 0 4 2 3 0 0 1 0 0 0 0 0 0 0 0 0 1 0 0 0 1 0 1 0 0 0 0 0
"naval" 0 0 0 0 0 0 1 5 5 0 0 0 0 0 0 1 0 1 0 0 0 0 0 0 0 2 0 0 1 0 0 0 0 1 0 0 0 0 0 0 0 0 0 0 0 0 0 0 0 0 0 0 0 0 0 0 0 0 0 0
"portion" 0 0 0 1 0 0 1 4 1 1 0 2 2 3 4 0 2 3 3 0 1 0 1 0 0 1 1 1 1 0 0 0 0 2 1 0 0 0 0 0 0 0 0 0 0 0 0 0 0 0 0 0 0 0 0 0 0 0 0 0
"complet" 0 0 0 0 1 0 0 4 4 0 0 1 1 1 2 0 0 0 0 0 0 0 2 0 0 0 2 0 3 0 4 1 0 1 2 1 0 0 0 0 0 1 0 0 0 0 0 0 0 0 0 0 0 0 1 0 5 0 1 3
"connect" 0 0 0 0 0 0 0 4 2 1 0 2 0 3 1 0 1 0 0 0 0 0 1 2 0 2 0 0 0 0 0 0 0 0 0 0 0 0 0 0 0 0 0 0 0 0 0 0 0 0 1 0 1 0 0 0 0 0 0 0
"deriv" 1 0 0 0 0 0 0 3 2 2 0 0 2 2 0 0 0 0 1 0 0 0 0 0 0 1 1 0 0 0 3 0 1 0 0 1 0 0 0 0 0 0 0 0 0 0 0 0 0 0 0 0 0 0 0 0 0 0 0 0
"thus" 1 0 0 0 1 0 0 3 3 0 1 0 2 2 0 0 2 4 0 0 0 0 1 1 1 1 1 3 0 0 1 0 0 0 0 1 0 0 0 0 0 0 3 0 2 0 0 0 0 0 0 0 0 0 0 0 0 0 0 0
"branch" 0 0 1 0 0 0 0 3 2 0 2 0 1 5 3 2 1 1 1 0 0 0 0 0 2 0 2 1 1 0 1 0 0 0 0 1 0 0 1 0 0 1 0 0 0 0 0 0 0 0 0 0 0 0 0 0 0 0 0 0
"becom" 0 0 1 1 1 1 0 3 2 1 1 2 0 12 4 1 2 3 1 0 0 2 1 0 0 3 0 2 0 1 1 0 1 0 2 4 1 1 1 1 1 1 0 2 5 0 1 0 1 1 2 0 1 0 0 0 0 1 1 0
"condit" 0 0 1 0 1 1 0 3 3 4 0 0 4 3 2 1 0 3 0 0 0 1 5 2 0 6 2 7 3 3 10 1 0 2 6 1 1 2 0 0 2 1 0 0 0 0 0 1 0 0 0 0 0 0 0 0 0 0 0 0
"approach" 0 0 0 1 0 0 0 3 0 0 0 0 1 1 0 0 0 1 0 0 1 0 0 0 0 0 1 1 1 1 0 1 0 0 0 0 0 0 0 1 1 0 0 0 0 2 0 0 0 0 0 0 1 0 0 0 0 0 0 0
"product" 0 0 0 1 0 0 0 3 2 0 1 0 3 4 3 0 0 2 0 0 0 3 0 0 0 5 1 5 3 0 5 1 0 5 1 0 1 2 1 0 2 6 1 0 0 0 0 1 4 2 0 0 1 0 0 2 0 1 0 0
"engag" 0 0 0 1 0 1 1 3 2 0 0 0 0 2 2 0 1 0 1 0 0 1 1 1 1 0 0 1 0 0 2 0 0 0 1 1 1 0 0 0 0 1 0 0 0 0 2 1 0 0 4 0 0 1 0 0 1 0 1 0
"arrang" 0 0 0 1 0 0 0 3 1 0 0 0 0 1 0 0 0 0 1 0 0 0 0 1 0 0 0 1 1 0 1 0 0 0 1 0 1 0 0 0 2 0 0 0 0 0 0 0 0 0 0 0 0 0 0 0 0 0 0 0
"want" 0 0 0 1 1 0 1 3 0 0 1 0 3 8 0 0 0 0 0 0 0 0 0 0 1 0 0 1 0 0 0 0 0 4 4 0 1 0 0 0 1 0 5 0 1 4 0 1 1 0 2 1 0 0 2 0 0 1 0 2
"compet" 0 0 0 1 0 0 0 3 2 1 0 0 0 1 2 0 0 0 2 0 0 0 0 0 3 0 1 0 0 0 1 0 0 0 0 0 0 1 0 0 0 0 0 0 0 0 0 1 0 0 0 2 0 0 0 0 0 0 1 2
"militia" 0 0 0 1 0 1 0 3 1 0 2 0 0 0 0 0 1 1 0 0 0 0 0 0 0 0 0 0 0 0 1 0 0 0 0 0 0 0 0 0 0 0 0 0 0 0 0 0 0 0 0 0 0 0 0 0 1 0 0 0
"trial" 0 0 0 1 0 0 0 3 0 1 0 0 0 1 0 0 1 0 0 0 0 0 0 2 0 0 0 5 0 0 0 0 0 0 1 0 0 0 0 0 1 3 1 0 0 0 0 0 0 0 0 0 0 0 0 0 0 0 0 0
"attain" 0 0 0 1 0 1 0 3 2 0 1 1 0 0 1 1 2 0 0 1 1 0 2 1 0 2 0 2 0 0 0 0 0 1 0 3 0 0 0 0 0 0 1 0 0 0 0 0 0 0 0 0 0 0 1 0 0 0 0 0
"work" 0 0 0 1 1 1 1 3 2 2 0 0 1 1 0 0 1 1 0 1 0 0 1 1 1 3 2 2 1 1 7 2 0 2 3 2 3 3 0 2 7 6 2 1 4 0 4 2 7 8 10 7 8 5 6 8 4 1 6 3
"afford" 0 0 0 0 1 0 0 3 8 1 0 0 0 3 3 0 1 1 1 0 0 1 0 2 0 0 0 0 1 0 2 1 0 0 0 0 0 0 0 0 1 0 0 0 0 1 0 3 0 0 1 0 0 1 0 2 1 0 0 0
"extent" 0 0 0 0 1 0 0 3 7 2 1 1 1 3 0 1 0 0 2 0 0 0 0 0 0 1 2 1 0 0 1 0 0 0 0 1 1 0 0 0 0 0 0 0 0 0 0 0 1 0 0 0 0 0 0 0 0 0 0 0
"noth" 0 0 0 0 1 0 1 3 0 0 0 0 1 6 2 0 3 1 2 0 0 0 0 0 2 1 1 6 0 0 2 0 3 0 2 0 0 0 0 0 0 2 1 0 1 1 0 0 2 0 1 2 1 0 0 2 0 0 0 2
"strength" 0 0 0 0 2 0 0 3 3 0 0 0 2 0 1 2 4 0 0 0 0 1 0 1 1 2 3 0 0 1 0 1 0 2 0 2 0 0 0 0 2 10 3 1 2 1 1 7 5 1 3 2 2 1 1 1 2 2 3 1
"respons" 0 0 0 0 0 1 1 3 1 0 0 1 1 1 5 1 3 1 0 0 1 1 0 4 2 1 3 4 4 4 5 0 2 5 6 9 0 0 0 0 2 3 1 1 0 0 17 1 0 3 0 4 5 5 1 2 3 0 2 1
"foster" 0 0 0 0 0 1 0 3 0 0 0 1 1 1 2 0 0 0 0 0 0 0 0 0 0 0 0 0 0 0 0 0 0 0 0 0 0 0 0 0 1 1 0 0 0 0 0 0 1 0 0 0 0 0 0 0 0 0 0 0
"discharg" 0 0 0 0 0 1 1 3 0 3 1 1 3 3 3 2 1 0 1 0 0 0 1 0 1 2 0 2 2 0 1 0 0 0 1 1 0 0 0 0 0 1 0 0 0 0 0 0 0 0 0 0 0 0 0 0 0 0 0 0
"fail" 0 0 0 0 0 1 0 3 2 0 0 0 3 1 1 0 0 1 0 0 0 0 0 1 1 3 0 2 0 2 1 2 0 0 5 4 3 0 1 1 0 0 0 0 1 0 2 0 0 2 0 1 0 1 0 2 0 1 2 2
"explain" 0 0 0 0 0 0 0 3 1 0 1 0 0 0 0 0 0 0 0 0 0 0 0 0 0 0 0 0 0 0 0 0 0 0 0 0 0 0 0 0 0 0 0 0 0 0 0 0 0 0 0 0 0 0 0 0 0 0 0 0
"flourish" 0 0 0 0 0 0 0 3 0 0 0 0 1 0 0 0 0 0 0 0 0 0 0 0 0 0 0 0 0 0 0 0 0 0 0 0 0 0 0 0 0 0 0 0 1 0 0 0 0 0 0 0 0 0 0 1 0 1 0 1
"vast" 0 0 0 0 0 0 0 3 3 0 0 0 3 0 3 0 3 1 0 0 0 0 0 0 2 1 0 2 0 1 0 0 0 0 1 1 2 2 0 0 0 1 1 0 0 0 0 0 0 0 0 0 0 0 0 0 0 0 0 2
"market" 0 0 0 0 0 0 0 3 1 0 0 0 0 0 2 0 0 0 0 0 0 1 0 1 0 1 0 3 2 0 1 0 0 2 0 0 1 0 0 0 0 1 0 0 0 0 0 0 0 0 2 0 0 0 0 2 1 0 0 0
"money" 0 0 0 0 0 0 0 3 0 1 2 1 0 2 3 0 0 4 0 0 0 0 0 4 0 0 2 4 1 0 0 0 0 0 2 0 5 0 0 0 0 0 0 0 0 1 0 0 0 1 1 0 0 0 0 0 0 0 0 4
"accomplish" 1 0 0 0 0 0 0 2 1 1 1 0 0 3 3 0 1 3 0 0 1 1 2 2 1 1 1 0 1 0 3 0 0 0 0 2 3 0 0 0 1 1 0 0 0 0 0 1 0 1 0 0 0 1 0 0 0 0 0 0
"local" 1 0 0 0 1 0 0 2 0 0 0 1 2 2 3 1 0 1 1 1 1 0 4 4 1 3 0 1 1 0 3 0 0 0 1 4 1 1 0 0 0 0 0 0 0 0 0 0 0 2 0 0 0 0 0 1 0 0 0 0
"perhap" 1 0 0 0 0 0 0 2 0 2 2 0 1 2 0 0 1 0 1 0 0 0 1 1 0 0 0 1 0 0 0 1 1 2 0 0 0 0 0 0 1 0 0 1 0 0 0 0 0 0 2 0 0 0 0 0 0 0 1 1
"term" 0 0 0 0 1 0 1 1 7 0 1 2 1 4 5 0 0 1 4 0 0 1 3 1 0 1 1 0 1 0 0 0 1 0 1 0 0 0 0 0 1 0 0 0 1 0 0 1 0 0 0 0 0 0 0 0 0 0 0 0
"especi" 0 0 0 0 1 0 0 0 6 0 0 1 0 0 1 1 0 1 2 0 0 0 0 1 1 0 2 3 0 0 1 0 0 0 1 0 0 0 0 0 0 2 1 0 0 0 0 0 0 0 0 0 0 0 0 0 0 0 1 0
"sovereignti" 0 0 0 0 0 0 1 2 6 1 0 0 1 5 3 0 0 1 0 0 0 0 0 0 0 1 0 0 2 0 0 0 0 1 2 0 0 0 1 0 0 0 2 0 0 0 0 0 2 0 0 0 0 0 0 0 0 0 0 1
"late" 0 0 0 0 0 0 0 2 6 0 0 0 0 0 1 1 1 0 0 0 0 2 0 1 0 0 0 2 0 0 1 0 0 0 0 1 0 0 1 0 0 0 0 0 0 0 0 0 0 0 1 0 0 0 0 0 0 0 0 0
"perman" 1 0 1 0 0 0 0 1 5 1 0 0 1 1 0 0 0 0 1 0 0 1 2 2 0 1 0 3 3 0 1 0 0 1 3 3 2 0 1 0 0 0 0 0 0 1 0 0 0 1 0 0 1 0 3 0 0 0 0 0
"contest" 0 0 1 1 0 0 0 1 5 0 0 0 1 0 0 0 0 1 0 1 0 0 4 0 0 0 0 1 1 0 0 0 0 0 0 0 0 0 0 0 0 0 0 0 0 0 0 0 0 0 0 0 0 1 0 0 0 0 0 0
"relat" 0 0 1 0 1 0 0 2 5 4 1 0 4 10 1 2 2 0 0 0 0 2 2 3 2 1 3 4 4 3 0 0 0 1 4 3 2 0 0 0 3 0 0 0 0 0 0 0 1 0 0 0 0 0 2 1 0 0 0 0
"intern" 0 0 1 0 1 1 0 1 5 4 1 1 2 0 0 1 2 0 0 0 0 1 1 0 0 1 0 4 2 0 6 0 0 5 4 2 3 0 0 0 5 0 2 0 0 0 0 1 0 0 0 1 0 0 0 0 0 0 0 0
"river" 0 0 0 0 1 0 0 2 5 0 0 0 0 0 1 1 0 1 0 0 0 0 0 0 0 0 0 0 0 0 1 0 0 0 0 0 0 0 0 0 0 1 1 0 0 0 0 0 1 0 0 0 0 0 0 1 0 0 0 0
"territori" 0 0 0 0 1 0 0 2 5 1 0 0 2 1 9 0 3 12 3 1 0 4 0 2 2 7 0 1 0 0 0 0 0 1 0 1 1 0 0 0 1 0 0 0 0 1 0 0 0 0 0 0 0 0 0 0 0 0 0 1
"coast" 0 0 0 0 0 0 0 2 5 0 0 0 0 0 0 0 0 2 0 0 0 0 0 1 0 0 0 0 0 0 6 0 0 0 0 0 0 0 0 0 0 0 0 0 0 0 0 0 0 0 0 0 2 0 0 0 0 0 0 0
"fortif" 0 0 0 0 0 0 0 1 5 1 0 0 0 0 0 0 0 0 0 0 0 0 0 0 0 0 0 0 0 0 2 0 0 0 0 0 0 0 0 0 0 0 0 0 0 0 0 0 0 0 0 0 0 0 0 0 0 0 0 0
"augment" 0 0 0 0 0 0 0 1 5 0 0 0 1 0 0 0 2 0 0 0 0 0 0 0 0 0 0 1 0 0 0 0 0 0 0 0 0 0 0 0 0 0 0 0 0 0 0 0 0 0 0 0 0 0 0 0 0 0 0 0
"soon" 0 0 1 0 0 0 0 1 4 0 0 1 0 1 1 0 0 1 0 0 2 0 0 2 0 1 0 0 1 0 1 0 1 0 0 0 0 0 0 0 1 1 0 0 0 0 0 0 0 0 1 0 0 0 0 1 0 0 0 2
"point" 0 0 1 0 1 0 0 1 4 1 0 1 2 3 0 0 2 3 2 1 0 0 2 0 0 1 0 0 1 0 1 1 0 0 1 0 1 0 0 0 1 1 0 0 0 0 0 0 0 1 2 0 0 0 0 0 0 0 0 0
"also" 0 0 0 0 1 0 1 0 4 0 0 0 4 4 2 0 1 2 2 0 1 0 2 0 0 0 3 1 0 1 3 2 0 1 0 1 0 1 1 0 1 1 1 0 0 2 2 1 0 1 0 0 0 1 3 2 2 0 1 5
"permit" 0 0 0 0 0 0 1 0 4 0 0 0 3 3 1 0 0 0 1 0 0 0 2 1 0 1 1 2 2 0 5 0 0 1 2 0 0 0 0 0 0 2 0 1 0 0 0 0 0 0 0 0 0 1 0 0 0 0 0 0
"treati" 0 0 0 0 0 0 0 1 4 1 0 0 0 0 1 1 0 1 2 0 0 0 0 0 0 0 0 4 4 0 5 0 0 0 4 1 0 0 0 0 2 1 0 0 0 0 1 0 0 0 1 0 0 0 0 0 0 0 0 1
"adequ" 0 0 0 0 0 0 0 2 4 0 1 1 2 0 1 0 0 0 0 0 0 0 0 0 0 3 0 2 0 0 2 0 0 1 1 1 2 0 0 0 0 0 0 0 0 0 0 0 0 1 0 0 0 0 0 0 0 0 0 0
"preced" 0 0 0 0 0 0 0 1 4 0 0 0 1 0 0 0 0 0 3 0 2 0 1 0 0 0 0 0 0 0 1 0 0 0 0 0 0 0 0 0 0 0 0 0 0 0 0 0 0 0 0 0 0 0 0 0 0 0 0 0
"occurr" 0 0 0 0 0 0 0 0 4 0 0 0 1 0 0 0 0 0 0 0 0 0 0 0 0 0 0 0 0 0 0 0 0 0 0 0 0 0 0 0 0 0 0 0 0 0 0 0 1 0 0 0 0 0 0 0 0 0 0 0
"conclud" 0 0 0 0 0 0 0 0 4 1 0 0 0 1 0 0 0 0 0 0 0 0 0 0 0 0 0 0 0 0 0 0 0 0 0 0 0 0 0 0 0 0 0 0 0 0 0 0 0 0 0 0 0 0 0 0 0 0 0 0
"spain" 0 0 0 0 0 0 0 0 4 0 0 0 0 0 0 0 0 0 0 0 0 0 0 0 0 0 0 0 2 0 0 0 0 0 0 0 0 0 0 0 0 0 0 0 0 0 0 0 0 0 0 0 0 0 0 0 0 0 0 0
"coloni" 0 0 0 0 0 0 0 0 4 0 0 0 0 0 0 0 0 0 0 0 0 0 0 0 0 1 0 0 0 0 0 0 0 0 1 0 0 0 0 0 0 0 0 1 0 0 0 0 0 0 0 0 0 0 0 0 0 0 0 1
"accord" 1 0 1 1 1 0 0 1 3 0 0 0 1 2 2 0 3 0 3 0 1 0 2 1 1 0 0 2 0 0 3 0 0 3 0 0 0 0 0 0 0 0 1 0 0 0 0 0 0 0 0 0 0 0 0 0 0 0 0 0
"perfect" 1 0 1 0 0 0 0 2 3 2 0 0 3 4 3 0 0 3 6 0 0 0 0 0 0 3 0 0 1 0 1 2 0 0 1 3 0 0 0 3 0 1 0 0 0 0 0 0 0 0 0 0 2 0 0 0 0 0 1 0
"adapt" 0 0 1 0 0 0 0 0 3 0 0 0 1 2 0 0 0 0 0 0 0 0 0 0 0 0 0 0 1 0 0 1 0 0 0 3 0 0 0 0 0 0 0 0 0 0 0 0 0 0 0 0 0 0 0 0 0 0 0 0
"citi" 0 0 1 0 0 0 0 1 3 1 0 0 0 0 0 0 0 0 0 1 0 0 0 0 0 0 0 0 0 0 2 0 0 1 0 0 1 1 1 0 0 1 1 0 1 1 0 0 1 0 0 1 0 0 0 1 0 3 0 4
"neighbor" 0 0 1 0 0 1 0 0 3 0 0 0 0 1 0 0 1 0 0 0 0 1 0 0 0 1 0 0 1 0 1 0 0 0 0 0 4 1 1 0 0 1 0 1 2 2 0 0 2 0 2 0 1 1 1 0 0 0 2 0
"recollect" 0 0 1 0 0 0 0 0 3 0 0 0 0 0 0 0 0 0 0 0 0 0 0 0 0 0 0 0 0 0 0 0 0 0 0 0 0 0 0 0 0 0 0 0 0 0 0 0 0 0 0 0 0 0 0 0 0 0 0 0
"western" 0 0 1 0 0 0 0 0 3 0 0 0 0 0 0 0 0 0 0 0 0 0 0 0 0 1 0 0 0 0 3 0 0 0 1 2 0 0 0 0 1 2 0 0 0 0 0 0 1 0 0 0 0 0 0 0 0 0 0 0
"destruct" 0 0 1 0 0 0 0 1 3 0 0 1 1 5 3 0 0 0 2 0 0 0 0 0 1 0 0 0 0 0 0 0 0 3 0 1 0 0 0 0 0 0 0 1 1 1 1 0 0 2 0 0 1 1 1 0 0 0 0 0
"earnest" 0 0 1 0 0 0 0 1 3 0 0 0 0 2 1 0 4 1 0 0 0 1 3 1 0 0 0 2 2 1 0 0 0 1 1 0 0 0 0 0 0 0 0 0 0 0 0 0 0 0 1 0 0 0 0 0 0 0 0 0
"pretens" 0 0 1 1 0 0 0 0 3 0 0 0 0 3 0 0 0 0 0 0 0 0 0 0 0 0 0 0 0 0 1 0 0 0 0 0 0 0 0 0 0 0 0 0 0 0 0 0 0 0 0 0 1 0 1 0 0 0 0 0
"demand" 0 0 1 0 0 0 0 1 3 0 1 0 0 1 1 0 1 0 1 0 1 0 2 3 4 8 2 6 1 0 1 0 1 2 0 1 2 2 0 0 0 0 1 0 2 0 0 1 1 1 0 2 2 1 0 3 2 1 0 0
"sea" 0 0 0 1 0 0 1 0 3 3 0 0 0 0 0 0 2 1 0 0 0 0 0 2 0 1 0 1 1 0 0 0 2 0 2 0 0 0 1 0 0 0 0 0 0 0 0 0 0 0 0 0 0 1 0 0 0 0 0 0
"impos" 0 0 0 1 0 0 1 0 3 1 0 0 3 3 2 2 2 0 0 0 0 0 0 0 0 0 1 2 2 0 1 0 1 0 1 1 0 0 0 0 1 0 0 0 0 0 1 1 1 0 0 0 0 0 1 0 0 1 0 0
"kind" 0 0 0 1 0 0 0 2 3 0 0 1 3 1 0 0 2 3 0 0 0 0 0 0 0 2 0 0 0 0 3 0 0 0 0 0 1 0 1 0 0 0 0 0 0 3 0 0 2 0 0 0 0 0 0 1 0 0 0 0
"generat" 0 0 0 1 1 0 0 0 0 6 0 0 2 0 1 0 0 1 0 0 0 0 1 3 0 0 0 0 0 1 1 1 0 0 3 0 1 1 1 0 0 1 1 4 5 2 3 0 0 1 4 4 1 3 4 9 7 0 1 1
"feder" 0 0 0 1 1 0 0 0 0 5 3 2 4 3 11 0 3 1 3 0 0 1 0 0 4 0 3 0 0 0 10 0 0 0 0 9 1 1 0 0 0 0 0 0 0 0 0 0 4 5 1 0 0 0 0 0 0 0 0 3
"welfar" 0 0 1 0 0 0 0 1 1 4 0 0 5 0 1 1 0 0 0 0 0 0 3 1 3 0 1 0 0 2 1 0 0 3 3 2 0 2 0 0 2 0 0 0 0 0 1 0 0 0 1 0 2 0 0 0 0 1 0 0
"legisl" 0 0 0 1 1 0 0 0 0 4 0 0 2 16 3 2 0 3 0 0 1 1 1 1 1 0 3 9 2 0 11 0 1 1 4 2 1 0 0 0 0 1 0 0 0 0 0 0 0 0 0 0 0 0 0 0 0 0 0 0
"pass" 0 0 0 1 0 0 0 1 2 4 0 1 3 3 0 0 0 2 2 1 0 0 4 1 0 0 0 1 0 0 12 0 1 0 1 0 0 0 0 1 0 4 2 2 0 1 1 0 0 2 2 1 0 4 0 3 0 0 1 0
"earth" 0 0 0 1 0 0 0 0 0 4 0 1 0 0 2 1 2 0 0 0 1 1 0 0 0 2 0 0 0 2 0 0 0 2 3 0 0 0 0 1 2 2 5 2 1 9 0 1 3 6 1 1 1 0 2 3 2 2 0 3
"militari" 0 0 0 1 0 1 1 0 0 4 2 2 1 0 1 1 2 3 0 0 0 0 0 0 0 0 0 0 2 0 0 0 0 3 2 0 0 0 0 0 1 2 2 0 0 0 0 0 0 1 0 0 0 0 0 0 0 2 0 2
"predecessor" 0 0 0 0 0 1 0 1 2 4 1 0 2 1 3 0 0 0 0 0 0 0 3 2 0 0 0 0 1 0 7 0 0 0 0 0 0 0 0 0 0 0 0 0 0 0 0 1 0 0 0 1 0 0 0 0 0 0 1 0
"perform" 0 0 0 0 0 0 0 2 2 4 2 0 4 4 1 2 3 0 1 0 0 2 1 0 0 0 1 0 3 0 4 0 1 1 0 0 2 0 0 1 1 0 1 0 0 0 0 1 1 0 0 0 0 0 0 0 0 0 0 0
"dissens" 0 0 1 0 0 0 0 0 0 3 0 0 0 0 0 0 0 0 0 0 0 0 0 0 0 0 0 0 0 0 0 0 0 0 0 0 0 0 0 0 0 0 0 0 0 0 0 0 0 0 1 0 0 0 0 0 0 0 0 0
"format" 0 0 1 0 0 0 0 0 0 3 0 1 0 2 1 1 1 1 0 0 0 0 0 0 0 0 0 0 1 0 0 0 0 0 0 0 0 0 0 0 0 0 0 0 0 0 0 0 0 0 0 0 0 0 0 0 0 0 0 0
"action" 0 0 1 1 1 0 0 1 0 3 1 1 5 2 2 1 2 0 3 0 0 0 0 0 1 0 1 7 1 0 2 1 7 1 9 1 6 2 1 0 4 1 0 0 1 1 0 0 1 0 2 0 0 0 0 1 1 2 0 2
"admit" 0 0 1 0 0 0 0 2 1 3 0 0 0 1 1 0 2 1 1 0 0 0 1 1 0 0 0 0 0 0 1 0 0 0 0 0 1 1 0 0 0 0 0 0 0 0 0 0 0 0 0 0 0 0 0 0 0 0 0 0
"europ" 0 0 1 0 0 0 0 2 2 3 0 0 0 1 0 0 0 0 0 0 0 0 1 0 0 0 0 0 0 0 2 0 0 0 1 0 0 0 0 0 2 3 1 0 0 0 0 0 0 0 0 0 0 0 0 0 0 0 0 0
"subordin" 0 0 0 1 0 0 0 0 0 3 1 0 0 0 1 0 0 0 0 0 0 0 0 0 0 0 0 0 1 0 0 0 0 0 0 0 0 1 0 0 0 0 0 0 0 0 0 0 0 0 0 0 0 0 0 0 0 0 0 0
"soil" 0 0 0 0 1 0 0 2 1 3 0 0 0 1 4 0 1 0 1 0 0 0 0 1 0 0 0 0 0 0 0 0 0 1 0 0 0 0 0 0 0 1 1 0 0 0 0 0 0 0 0 0 0 1 0 1 0 0 0 1
"sustain" 0 0 0 0 0 0 0 2 0 3 0 0 3 0 2 1 1 1 0 0 0 0 0 1 0 0 0 1 0 0 3 1 1 0 0 1 0 0 0 0 0 0 1 0 0 1 1 0 2 0 0 0 2 0 2 0 1 0 1 0
"construct" 0 0 0 0 0 0 0 0 2 3 0 0 2 3 0 0 0 4 0 0 0 1 0 1 1 1 0 0 0 0 3 0 0 0 0 0 0 0 1 0 2 0 0 0 0 0 0 0 0 0 0 1 0 0 0 0 0 0 0 0
"countrymen" 0 0 0 0 0 0 0 0 0 3 0 1 6 6 2 1 3 2 1 0 0 1 2 1 2 0 5 2 2 0 0 0 1 1 2 4 0 0 0 1 0 0 1 0 1 1 0 0 1 0 0 0 0 0 0 0 0 0 0 0
"away" 0 0 0 0 0 0 0 0 0 3 0 0 1 0 1 0 0 1 0 1 0 0 1 0 0 0 1 0 0 1 3 0 0 0 2 0 0 0 1 1 0 0 0 1 0 1 3 0 4 1 1 0 0 0 0 0 1 0 0 0
"million" 0 0 0 0 0 0 0 0 0 3 1 0 0 0 7 0 0 0 0 0 0 0 0 0 0 0 0 0 1 0 0 0 0 1 0 2 0 7 1 0 2 0 1 0 0 0 0 0 2 3 0 4 3 0 2 0 0 3 1 4
"specul" 0 0 0 0 0 0 0 0 0 3 0 0 1 1 0 0 1 1 0 0 0 0 0 0 0 0 0 1 0 0 0 0 0 0 0 0 1 0 0 0 0 0 0 0 0 0 0 0 0 0 0 0 0 0 0 0 0 0 0 0
"theori" 0 0 0 0 0 0 0 0 0 3 0 0 0 1 1 0 1 1 0 0 0 1 0 0 0 0 1 0 0 0 0 0 0 1 0 0 0 0 0 0 0 0 0 0 0 0 0 0 1 0 0 0 0 0 0 0 0 0 0 1
"embrac" 0 0 0 0 0 0 0 0 0 3 0 0 1 1 1 0 1 0 0 0 0 0 0 0 0 1 0 0 0 0 0 0 0 1 1 0 0 0 0 0 0 0 0 0 0 0 0 0 0 0 0 2 1 1 0 0 1 0 0 0
"pure" 1 0 0 0 0 0 0 0 0 2 0 0 0 2 0 0 0 0 0 0 0 0 0 1 1 2 0 0 0 0 0 2 0 1 0 0 0 0 0 0 0 0 0 0 0 0 1 1 0 0 0 0 0 0 0 0 0 0 0 0
"possibl" 1 0 1 1 1 0 0 0 0 2 0 0 1 1 3 1 0 2 6 0 0 1 0 4 0 2 0 2 0 0 8 0 0 1 0 0 2 0 0 0 0 3 1 0 2 2 0 0 0 1 0 1 1 0 1 0 1 0 2 1
"ocean" 0 0 1 1 0 0 0 0 2 2 0 0 0 0 2 0 3 0 0 0 0 1 0 1 0 0 0 1 0 0 0 0 0 0 0 0 0 0 0 0 0 1 0 1 0 0 0 0 0 0 0 1 0 0 0 1 0 2 0 0
"jealousi" 0 0 1 0 0 0 0 0 0 2 0 0 1 1 2 0 0 0 0 0 0 0 0 0 0 0 0 0 0 0 0 0 0 1 1 0 0 0 0 0 0 0 0 0 0 0 0 0 0 0 0 0 0 0 0 0 0 0 0 0
"oper" 0 0 1 0 1 0 0 0 0 2 1 0 2 8 4 0 0 0 0 0 0 0 0 0 2 2 1 1 0 0 3 0 0 0 0 1 0 0 0 0 0 0 0 0 0 0 0 0 0 0 0 0 0 0 0 0 0 0 0 1
"acquir" 0 0 1 0 0 0 0 0 0 2 0 0 0 1 2 0 0 2 0 0 0 0 0 0 1 0 0 0 0 0 0 0 0 0 0 0 0 0 0 0 0 1 0 0 0 0 0 0 0 0 0 0 0 0 0 0 0 0 0 0
"lot" 0 0 1 1 0 0 0 0 0 2 0 0 0 0 0 0 0 1 0 0 0 0 0 0 0 0 1 0 0 0 0 0 0 0 1 0 0 2 0 0 1 0 1 0 0 0 0 0 0 0 0 0 0 0 0 0 0 0 1 1
"various" 0 0 1 1 0 1 0 0 1 2 1 1 4 2 0 0 0 0 0 0 0 0 0 1 0 0 0 0 0 0 0 0 0 0 2 0 1 0 0 0 0 0 0 0 0 0 0 0 1 0 0 0 0 0 0 0 0 0 0 0
"inviol" 0 0 1 0 0 0 0 0 0 2 0 0 1 0 0 0 1 0 1 0 0 0 1 0 0 0 0 1 0 0 0 0 0 0 0 0 0 0 1 0 0 0 0 0 0 0 0 0 0 0 0 0 0 0 0 0 0 0 0 0
"enlarg" 1 0 0 0 1 0 0 2 0 0 2 0 1 0 3 1 0 0 0 1 0 0 0 1 0 2 0 0 1 1 0 0 0 1 1 1 0 0 0 0 0 0 0 1 1 0 0 0 0 0 0 0 0 0 0 0 0 0 0 0
"diffid" 0 0 1 0 0 0 0 0 0 0 2 0 0 0 1 0 0 0 0 0 0 0 0 0 0 0 0 0 0 0 0 0 0 0 0 0 0 0 0 0 0 0 0 0 0 0 0 0 0 0 0 0 0 0 0 0 0 0 0 0
"administ" 0 0 0 0 1 0 0 1 0 1 2 1 1 2 2 0 0 2 2 0 0 0 0 0 3 1 0 1 2 1 0 0 0 0 0 1 0 0 0 0 0 0 0 0 0 0 0 0 0 0 0 0 0 0 0 0 0 0 0 0
"teach" 0 0 0 0 1 0 0 0 0 0 2 0 1 0 0 0 0 0 0 0 0 1 0 0 0 1 0 1 0 0 0 0 0 0 0 0 1 0 0 0 0 1 0 0 0 0 0 0 1 0 1 0 1 1 0 0 0 0 1 1
"counteract" 0 0 0 0 1 0 0 0 0 0 2 0 1 0 0 0 0 0 0 0 0 0 0 0 0 0 0 0 0 0 0 0 0 0 0 0 0 0 0 0 0 0 0 0 0 0 0 0 0 0 0 0 0 0 0 0 0 0 0 0
"account" 0 0 0 0 0 0 0 1 0 2 2 0 1 1 2 1 0 0 0 0 2 1 0 0 0 0 1 1 1 0 0 0 1 0 1 1 0 0 0 0 0 0 0 0 0 0 0 0 0 0 1 0 0 0 0 1 0 0 1 0
"manag" 0 0 0 0 0 0 0 0 1 1 2 0 0 4 2 0 1 0 0 0 0 0 0 0 1 0 0 0 0 0 0 0 0 1 0 0 0 0 0 0 0 0 0 0 0 1 1 0 1 0 0 0 0 0 0 1 1 0 0 1
"defend" 0 0 0 0 0 0 0 0 0 1 2 0 1 2 1 1 0 3 2 0 0 0 0 0 2 3 3 1 2 0 1 0 0 0 0 0 0 0 0 0 0 1 0 1 0 1 1 0 0 0 0 0 0 4 4 0 1 2 4 2
"appoint" 0 0 0 0 0 0 0 0 0 0 2 0 0 3 1 2 0 0 0 1 1 1 4 2 0 4 1 2 2 0 5 0 0 0 0 1 0 0 0 0 0 0 0 0 0 0 0 0 0 0 0 0 0 0 0 0 0 0 0 0
"worth" 0 0 0 0 0 0 0 0 0 0 2 0 0 0 0 0 0 0 0 0 1 0 0 0 0 0 0 1 0 0 0 0 0 0 0 0 1 0 0 0 0 0 0 0 0 0 0 0 0 0 0 0 0 0 1 0 0 0 0 0
"aris" 1 0 1 0 0 0 0 0 1 0 1 0 0 3 1 1 0 0 1 0 0 0 1 1 0 2 0 0 1 0 3 0 0 0 0 0 0 0 0 0 0 0 0 0 0 0 0 0 0 0 0 0 0 0 1 0 0 0 0 0
"separ" 1 0 1 1 0 0 0 1 0 1 1 1 0 5 1 0 1 0 4 0 0 0 0 0 0 0 0 0 1 0 0 0 0 0 2 0 0 1 0 0 0 0 0 0 0 0 0 1 0 0 0 0 0 0 0 0 0 0 0 0
"watch" 1 0 0 0 0 0 0 1 0 0 1 1 0 2 2 0 1 0 0 0 0 0 0 0 1 0 1 1 0 0 0 0 0 1 0 0 0 0 0 0 0 1 0 0 0 0 0 0 1 1 3 1 0 0 2 2 0 1 2 1
"ardent" 1 0 1 0 1 0 0 1 0 1 1 0 1 1 0 0 0 0 0 0 0 0 0 0 0 0 0 0 0 0 0 0 1 0 0 0 0 0 0 0 0 0 0 0 0 0 0 0 0 0 0 0 0 0 0 0 0 0 0 0
"disregard" 1 0 0 0 0 0 0 1 0 0 1 0 2 1 0 0 1 0 0 0 0 1 0 0 0 0 1 0 0 0 0 0 0 0 2 2 0 0 0 0 0 0 0 0 0 0 0 0 0 0 0 0 0 0 0 0 0 0 0 0
"occasion" 1 0 0 0 0 0 0 0 0 0 1 0 3 0 3 0 0 0 0 0 0 0 0 0 0 0 0 0 0 0 0 0 0 0 0 0 0 0 0 0 0 0 0 0 0 0 0 0 0 0 0 0 0 0 0 0 0 0 0 0
"lesson" 1 0 0 0 0 0 0 0 0 1 1 1 2 0 0 0 0 0 0 0 0 0 0 0 0 1 2 1 0 0 0 0 0 1 0 0 0 0 0 1 0 0 0 0 0 1 0 0 0 1 1 0 0 0 0 0 2 0 1 0
"freemen" 1 0 0 0 0 0 0 0 0 0 1 0 0 1 0 1 0 0 0 0 0 0 0 0 1 0 0 0 0 1 0 0 0 0 0 0 0 0 0 0 0 0 1 0 0 0 0 0 0 0 0 0 0 0 0 0 0 0 0 0
"divin" 1 0 0 0 0 0 0 1 0 0 1 0 1 1 1 1 0 1 0 1 0 0 1 1 0 0 0 0 0 0 0 0 0 1 2 0 0 1 0 0 0 1 0 0 0 0 0 0 0 0 0 0 0 0 0 0 0 0 0 0
"rest" 0 0 0 0 0 0 0 0 0 0 0 3 1 3 0 0 4 2 0 0 0 1 4 1 0 1 1 1 5 0 0 0 1 1 1 2 0 1 1 0 0 1 2 1 4 0 1 0 1 1 0 0 0 0 0 0 1 0 1 0
"final" 1 0 0 0 1 0 0 0 0 0 0 2 0 1 0 0 0 1 1 0 0 0 0 2 0 0 0 0 0 0 0 0 0 1 1 0 1 0 1 0 0 2 0 5 0 0 0 0 0 2 1 0 0 0 1 1 0 1 1 0
"loss" 0 0 1 0 0 0 0 1 0 0 0 2 0 0 0 0 0 1 1 0 0 0 0 0 0 0 0 2 0 0 1 0 0 2 0 1 2 0 0 0 0 0 0 0 0 0 0 0 0 0 0 0 0 0 0 0 1 0 0 0
"inculc" 0 0 0 1 1 0 0 0 0 0 0 2 0 0 0 0 0 0 0 0 0 0 0 0 0 0 0 1 0 0 0 0 0 0 0 0 0 0 0 0 0 0 0 0 0 0 0 0 0 0 0 0 0 0 0 0 0 0 0 0
"readi" 0 0 0 1 0 0 0 0 0 0 0 2 0 0 2 0 2 0 0 0 0 0 0 0 0 1 0 0 1 0 0 0 2 3 0 0 1 0 0 0 1 3 2 0 0 1 0 0 2 0 1 0 0 0 1 1 0 1 1 0
"encroach" 0 0 0 0 1 0 0 0 0 1 0 2 0 1 1 0 0 0 0 0 0 0 0 0 0 0 0 0 0 0 0 0 0 0 0 0 0 0 0 0 0 0 0 0 0 0 0 0 0 0 0 0 0 0 0 0 0 0 0 0
"proport" 0 0 0 0 0 0 0 1 0 0 0 2 0 0 0 0 0 0 0 0 0 0 0 0 0 0 0 0 0 0 0 0 0 0 0 0 0 0 0 0 0 0 0 0 0 0 0 0 1 0 0 0 0 0 0 0 0 0 0 0
"abil" 0 0 0 0 0 0 0 0 1 1 1 2 2 2 3 1 0 1 1 0 3 0 0 0 0 0 1 5 1 0 0 0 0 1 0 4 1 1 0 0 1 0 0 0 0 0 0 0 0 0 0 0 0 0 0 1 0 0 0 0
"necessarili" 0 0 0 0 0 0 0 0 0 0 0 2 1 2 0 0 0 1 0 0 0 0 0 0 0 2 0 0 0 0 1 0 0 0 0 0 0 0 0 0 0 0 0 0 0 0 0 1 0 0 0 0 0 0 0 0 0 0 0 0
"crisi" 1 0 1 0 1 0 0 1 0 0 0 1 0 0 0 0 1 0 0 0 0 0 0 0 0 0 0 0 1 0 0 0 0 0 0 0 1 0 1 0 0 0 0 0 0 2 0 0 2 0 0 1 0 0 0 4 1 0 2 4
"eye" 1 0 0 1 0 0 0 0 0 0 0 1 1 0 0 0 1 0 0 0 0 0 0 0 0 0 0 0 0 0 0 4 0 1 0 0 0 0 0 0 0 0 0 0 0 1 0 0 1 0 0 1 2 0 1 2 1 0 0 0
"maxim" 1 0 0 0 0 0 0 0 0 0 0 1 0 2 0 0 0 1 0 0 0 0 0 0 0 0 0 0 0 0 0 0 0 0 0 0 0 0 0 0 0 0 0 0 0 0 0 0 0 0 0 0 0 0 0 0 0 0 0 0
"submit" 1 0 0 0 0 0 0 0 0 0 0 1 3 2 1 0 0 1 0 0 0 0 2 0 0 1 0 0 1 0 3 0 0 2 0 0 1 0 0 0 0 0 0 0 0 0 0 0 0 1 0 0 0 0 0 0 0 0 0 0
"deleg" 1 0 0 0 0 0 0 0 0 0 0 1 0 0 4 0 0 0 0 0 0 0 0 0 0 0 0 0 0 0 0 0 1 0 0 0 0 0 0 0 0 0 0 0 0 0 0 0 0 0 0 0 0 0 0 0 0 0 0 0
"togeth" 1 0 0 0 0 0 0 2 1 1 0 1 1 0 2 0 0 1 0 0 0 1 0 0 0 0 0 0 1 0 0 0 3 0 0 0 0 2 2 1 3 0 0 2 3 8 7 7 2 7 2 2 6 1 1 1 7 4 6 5
"submiss" 0 0 1 0 0 0 0 0 0 0 0 1 0 0 0 0 0 1 0 0 0 0 0 0 0 0 0 0 1 0 0 0 0 0 0 0 0 0 0 0 0 0 0 0 0 0 0 0 0 0 0 0 0 0 0 0 0 0 0 0
"overrul" 0 0 1 1 0 0 0 0 0 1 0 1 0 0 0 0 1 0 1 0 0 0 0 0 0 0 0 0 0 0 0 0 0 0 0 0 0 0 0 0 0 0 0 0 0 0 0 0 0 0 0 0 0 0 0 0 0 0 0 0
"cut" 0 0 1 0 0 0 0 0 0 0 0 1 0 0 0 0 0 0 0 0 0 0 0 0 0 0 0 0 0 0 2 1 0 1 0 0 0 0 0 0 0 0 0 0 0 0 0 0 0 1 0 1 0 0 0 1 0 0 0 0
"tie" 0 0 1 0 0 0 0 1 0 1 0 1 0 2 0 0 0 0 0 0 0 0 1 0 0 0 0 0 0 0 0 0 0 1 0 0 0 0 0 0 0 1 1 0 0 0 0 0 1 0 1 0 1 0 0 0 0 0 0 0
"abandon" 0 0 1 1 0 0 0 0 2 0 0 1 0 0 0 0 0 0 0 0 0 0 0 0 2 0 0 0 1 0 0 0 0 0 0 1 1 1 0 1 1 0 0 0 1 0 0 0 0 0 0 0 0 1 2 1 0 0 0 0
"head" 0 0 1 0 0 0 0 0 0 0 0 1 0 2 1 0 0 0 0 0 0 0 0 0 0 3 0 0 0 0 0 0 0 0 0 0 0 1 0 0 0 2 0 0 1 0 0 0 1 0 2 0 0 0 0 0 0 0 0 0
"suggest" 0 0 1 0 0 0 0 0 1 0 0 1 0 2 0 0 2 0 1 0 0 0 1 1 1 6 1 0 0 0 4 0 0 2 1 0 0 0 0 0 0 1 0 0 0 0 0 0 0 0 0 0 0 0 0 1 0 0 0 0
"conform" 0 0 1 0 0 0 0 0 0 1 0 1 0 3 1 1 0 0 1 0 1 0 0 0 0 0 0 0 1 0 0 0 0 0 1 0 0 0 0 0 0 0 1 0 0 0 0 0 0 0 0 0 0 0 0 0 0 0 0 0
"approb" 0 0 1 1 1 0 0 0 1 0 0 1 1 0 0 0 1 0 0 0 0 0 0 0 0 0 0 0 0 0 0 0 0 0 0 0 0 0 0 0 0 0 0 0 0 0 0 0 0 0 0 0 0 0 0 0 0 0 0 0
"pain" 0 0 1 0 0 0 0 0 0 0 0 1 1 0 0 0 0 0 0 0 0 0 0 0 0 0 0 0 0 0 0 0 0 0 0 0 0 0 0 0 0 0 0 0 0 1 0 0 0 0 0 1 0 1 0 0 0 2 1 0
"deserv" 0 0 1 0 0 0 0 1 0 1 0 1 0 0 1 1 0 0 0 0 1 0 1 2 1 0 1 1 0 0 0 0 0 0 0 0 0 0 0 0 0 0 0 0 0 0 0 0 0 1 0 1 2 1 2 1 1 0 0 0
"actual" 1 0 0 0 0 0 0 0 0 0 0 0 6 3 0 0 1 2 1 0 0 0 0 0 1 0 0 0 0 0 0 0 1 0 2 0 0 0 0 0 0 0 0 0 0 0 0 0 0 0 0 0 0 0 0 0 0 0 0 0
"sourc" 0 0 0 0 1 1 0 1 2 2 0 0 5 4 2 0 2 1 0 0 0 0 0 1 0 0 0 0 0 0 1 0 0 1 1 0 0 0 0 0 0 1 0 0 0 0 0 0 0 0 0 0 0 0 1 1 2 0 1 1
"suppos" 0 0 0 0 0 0 0 0 0 0 0 0 5 6 1 0 0 0 1 1 0 0 0 0 0 1 0 0 0 0 1 0 0 0 1 0 0 0 0 0 0 0 0 0 0 0 0 0 0 0 0 0 0 0 0 0 0 0 0 0
"new" 1 0 1 0 1 0 0 1 2 1 0 0 4 1 5 1 1 1 3 1 0 1 2 5 1 7 0 3 5 2 4 5 3 11 6 7 1 6 4 0 8 1 4 7 5 8 15 9 3 9 14 9 29 5 1 11 6 6 3 6
"design" 1 0 0 0 0 0 0 0 0 0 0 0 4 2 0 0 0 0 0 0 1 0 0 0 0 0 1 0 0 0 0 0 0 0 1 0 0 0 0 0 1 0 1 0 0 0 0 1 0 0 0 0 0 0 0 0 0 0 0 1
"apprehens" 0 0 1 0 1 0 0 0 0 0 0 0 4 2 2 0 2 0 2 0 0 1 0 0 0 0 0 0 0 0 0 0 1 0 0 0 0 0 0 0 0 0 0 0 0 0 0 0 0 0 0 0 0 0 0 0 0 0 0 0
"violenc" 0 0 1 0 0 1 0 0 0 0 0 0 4 2 1 0 0 0 2 0 0 0 0 0 0 0 1 0 0 0 0 0 0 0 0 0 0 0 0 0 1 0 0 0 0 0 0 0 0 0 0 0 0 0 1 1 0 0 3 0
"beyond" 0 0 0 1 0 0 0 2 0 1 0 0 4 2 3 0 2 2 2 0 0 0 0 0 0 3 0 0 0 0 1 0 0 1 4 3 0 2 0 0 0 4 2 2 1 1 1 1 5 1 1 0 1 4 0 0 0 0 1 0
"mutual" 0 0 0 0 1 0 0 0 0 1 0 0 4 2 1 0 1 0 0 0 0 0 2 0 2 3 0 0 0 0 2 0 0 1 2 0 0 0 0 0 0 2 1 0 0 0 0 0 1 1 0 0 0 0 0 2 0 0 0 0
"path" 0 0 0 0 1 1 0 1 0 1 0 0 4 0 1 0 1 0 0 0 0 0 1 0 0 1 2 1 1 0 1 0 1 1 1 0 0 0 0 0 0 0 0 0 0 0 0 0 0 0 1 0 0 0 0 2 2 0 2 0
"evid" 0 0 0 0 0 0 1 0 0 0 0 0 4 0 0 0 2 0 2 0 0 0 0 0 0 0 0 1 0 0 1 0 0 0 0 0 0 0 0 0 0 0 0 0 0 0 0 1 0 0 0 0 0 0 1 1 1 0 0 0
"excit" 0 0 0 0 0 0 1 0 1 1 0 0 4 1 0 0 1 2 1 0 0 0 1 0 0 0 0 0 0 0 1 1 0 0 0 0 0 0 0 0 0 0 1 0 1 1 0 1 0 0 0 0 0 0 0 0 0 0 0 0
"cheer" 0 0 0 0 0 0 1 0 0 1 1 0 4 1 1 0 3 1 2 0 0 0 0 0 1 0 1 3 0 0 0 0 0 0 0 0 0 0 0 0 0 0 0 0 0 0 0 0 1 0 0 0 0 0 0 0 0 0 0 0
"adher" 0 0 0 0 0 0 0 0 1 0 0 0 4 1 1 0 0 0 0 0 0 0 1 0 0 0 0 1 1 0 0 0 0 1 1 2 0 0 0 0 1 0 0 0 0 0 0 0 0 0 0 0 0 0 0 0 0 0 0 0
"abroad" 0 0 1 1 0 0 0 1 0 1 0 0 3 0 1 0 3 0 0 0 0 0 1 0 0 0 0 1 1 0 3 0 0 0 3 3 0 0 0 0 0 0 0 0 0 1 8 1 0 0 0 1 0 0 0 0 1 0 0 1
"saw" 0 0 1 0 1 0 0 0 0 0 0 0 3 1 0 0 0 0 0 0 0 0 0 0 0 0 0 0 0 0 0 0 0 1 0 0 0 0 0 0 0 0 0 0 0 0 1 0 0 0 0 1 0 0 0 1 0 0 0 0
"injuri" 0 0 1 0 1 0 0 2 2 1 1 0 3 5 1 0 0 3 0 0 0 0 0 0 0 1 0 1 0 0 4 0 1 0 1 0 0 0 0 0 0 0 0 0 0 0 0 0 0 0 0 0 0 0 0 0 0 0 0 0
"anxious" 0 0 0 1 0 0 0 0 1 0 1 0 3 0 1 0 0 0 0 1 0 0 1 0 0 0 0 0 0 0 1 0 0 1 0 0 0 0 0 0 0 0 0 0 0 1 0 0 0 0 0 0 0 0 0 0 0 0 0 0
"home" 0 0 0 1 1 0 0 2 0 1 0 0 3 2 8 0 5 1 0 0 0 1 0 2 1 4 1 1 2 0 0 1 1 4 3 8 2 0 1 0 0 2 1 1 0 3 9 2 1 0 2 2 2 0 2 1 1 2 1 3
"confer" 0 0 0 0 1 0 0 0 0 0 1 0 3 2 1 0 2 0 0 0 0 1 0 0 0 0 0 0 0 0 0 0 0 2 2 0 0 0 0 0 1 2 0 0 0 0 0 0 0 0 0 0 0 0 0 0 1 0 0 0
"alreadi" 0 0 0 0 1 0 1 2 1 0 0 0 3 1 2 0 0 0 0 1 0 0 0 2 0 1 1 1 5 0 1 0 0 0 4 0 0 2 0 0 1 0 0 0 0 0 0 1 0 1 0 1 1 0 0 1 0 0 0 0
"strengthen" 0 0 0 0 1 0 1 0 0 0 1 1 3 1 2 0 1 0 0 1 1 0 0 3 1 1 0 4 0 0 0 0 0 3 1 3 0 0 0 0 6 2 0 1 0 1 0 1 1 1 0 0 2 0 0 1 1 0 0 0
"disturb" 0 0 0 0 1 0 0 0 0 0 1 0 3 0 2 0 2 0 0 0 0 0 0 4 0 0 0 2 1 0 1 0 0 2 1 0 0 0 0 0 0 0 0 0 0 0 0 0 0 0 0 0 0 0 0 0 0 0 0 0
"control" 0 0 0 0 1 0 0 0 0 0 0 1 3 14 1 1 2 0 2 0 0 2 1 1 1 1 1 3 1 0 8 2 1 0 2 0 0 2 0 0 3 0 1 3 2 0 0 0 0 1 0 0 0 0 1 1 0 2 0 0
"unequ" 0 0 0 0 1 0 0 0 0 0 0 0 3 0 0 0 0 0 0 0 0 0 0 0 0 1 1 0 0 0 0 0 0 1 0 0 1 0 0 0 0 0 0 0 0 0 0 0 0 0 0 0 0 0 0 0 0 0 0 0
"slightest" 0 0 0 0 0 1 0 0 1 0 0 0 3 0 0 0 0 0 0 0 0 0 0 0 0 0 0 0 0 0 2 0 0 0 1 0 0 0 0 0 0 0 0 0 0 0 0 0 0 0 0 0 0 0 0 0 0 0 0 0
"generous" 0 0 0 0 0 0 1 1 1 0 0 0 3 1 0 0 0 0 0 0 0 0 1 1 0 2 2 0 1 1 0 0 0 1 0 0 1 0 0 0 0 0 0 0 0 0 0 0 0 0 0 0 1 2 0 0 0 0 0 0
"strict" 0 0 0 0 0 0 0 1 1 1 1 0 3 4 3 2 3 2 1 0 1 0 1 0 0 0 1 0 1 0 1 0 0 0 0 0 1 0 0 0 0 0 0 0 0 0 0 0 0 0 0 0 0 0 0 0 0 0 0 0
"back" 0 0 0 0 0 0 0 0 1 1 0 0 3 0 0 0 0 0 0 0 0 0 0 0 0 0 0 0 0 0 1 0 2 0 2 0 0 1 0 0 1 0 1 2 0 0 0 0 4 3 2 1 1 0 0 2 0 6 0 10
"occur" 0 0 0 0 0 0 0 0 1 0 0 1 3 2 2 0 1 0 1 0 0 0 1 0 0 0 0 0 0 0 2 0 0 0 1 0 0 0 0 0 1 0 0 0 0 0 0 0 0 0 0 0 0 0 0 0 0 0 0 0
"outset" 0 0 0 0 0 0 0 0 1 0 0 0 3 0 0 0 1 0 0 0 0 0 1 0 0 0 0 0 0 0 0 0 0 0 1 0 0 0 0 0 0 0 0 0 0 0 0 0 0 0 0 0 0 0 0 0 0 0 0 0
"grant" 0 0 0 0 0 0 0 0 1 0 1 0 0 19 2 0 1 4 0 0 0 0 1 0 1 1 1 2 0 1 1 0 0 0 0 0 0 0 0 0 0 0 0 1 0 0 0 0 2 0 0 0 0 0 1 0 0 0 0 0
"member" 0 0 0 0 0 0 1 1 0 1 1 0 1 14 4 0 1 1 1 0 0 1 5 0 0 1 0 2 0 0 2 0 0 0 0 0 0 0 0 1 1 0 1 0 0 0 1 0 0 3 1 0 1 0 1 0 1 0 0 2
"bodi" 0 0 1 0 1 0 0 2 2 1 0 0 1 10 0 2 0 0 1 0 0 0 0 0 0 5 0 2 0 1 0 3 0 1 1 0 0 0 5 0 0 0 1 0 1 0 0 0 1 0 1 0 0 0 0 1 0 1 0 0
"tendenc" 0 0 0 1 0 0 0 0 0 0 1 0 0 8 2 0 0 0 0 0 0 0 0 0 0 0 2 0 0 0 1 0 0 1 0 0 0 0 0 0 0 0 0 0 0 0 0 0 0 0 0 0 0 0 0 0 0 0 0 0
"confederaci" 0 0 1 0 0 0 0 0 0 1 1 0 2 7 2 0 3 2 1 0 0 0 0 1 0 0 0 0 0 0 0 0 0 0 0 0 0 0 0 0 0 0 0 0 0 0 0 0 0 0 0 0 0 0 0 0 0 0 0 0
"case" 0 0 1 1 0 1 0 2 2 0 0 0 2 7 0 0 0 1 15 0 0 0 1 0 0 4 0 1 0 0 1 0 0 0 0 0 0 0 0 0 0 0 0 0 0 0 0 0 0 0 1 0 0 0 0 0 0 0 0 1
"privileg" 0 0 0 0 0 0 0 0 1 0 0 0 1 7 0 0 2 0 1 0 2 0 0 2 1 3 0 0 0 0 2 0 1 1 1 1 0 0 1 0 1 3 0 0 0 0 1 0 0 0 0 1 0 0 0 0 1 0 0 0
"roman" 0 0 0 0 0 0 0 0 0 0 0 0 0 7 0 0 0 0 0 0 0 0 0 0 0 0 0 0 0 0 0 0 0 0 0 0 0 0 0 0 0 0 0 0 0 0 0 0 0 0 0 0 0 0 0 0 0 0 0 0
"prescrib" 0 0 1 0 1 0 0 0 0 1 1 0 0 6 2 1 0 4 2 0 1 0 2 1 1 0 0 0 0 0 0 0 0 0 0 0 0 0 0 0 0 0 0 1 0 0 0 0 0 0 0 0 0 0 1 0 0 0 0 0
"remov" 0 0 1 0 0 0 0 0 0 1 0 0 2 6 0 1 0 0 1 1 0 0 1 2 0 1 1 0 1 0 1 0 0 0 2 1 0 0 0 0 0 2 0 0 0 0 0 0 1 0 0 0 0 0 0 0 0 0 0 0
"two" 0 0 1 0 0 0 0 0 2 1 0 1 1 6 2 0 1 0 1 1 0 0 2 1 0 0 0 4 1 0 0 1 0 0 0 1 2 0 0 0 1 0 0 1 1 1 0 1 1 4 0 1 2 0 0 0 1 1 1 2
"intend" 0 0 0 0 1 0 0 0 2 0 0 0 1 6 1 0 1 0 1 0 0 0 0 0 0 0 0 0 0 0 2 0 0 0 0 0 0 0 0 0 0 0 0 1 0 0 0 0 1 1 0 0 0 0 0 1 0 0 0 0
"exclus" 0 0 0 0 0 0 0 0 1 1 0 0 1 6 2 0 0 0 1 0 0 0 0 1 0 1 0 0 0 0 0 0 0 0 0 0 0 0 0 0 0 0 0 0 0 0 0 0 0 0 0 0 0 0 0 0 0 0 0 0
"realiz" 0 0 0 0 0 0 0 0 1 0 0 1 1 6 0 0 4 0 0 0 0 0 1 0 1 0 1 2 0 1 2 0 2 3 3 4 2 2 0 0 2 1 0 0 0 1 0 0 2 0 0 0 1 0 0 0 1 0 0 0
"although" 0 0 0 0 0 0 0 0 0 0 0 0 0 6 2 0 1 1 0 0 0 0 0 0 0 0 0 0 0 0 0 0 1 0 0 1 0 0 0 0 0 0 0 0 0 0 0 0 0 0 0 0 0 0 0 0 0 0 0 0
"creat" 0 0 0 0 0 0 0 0 0 0 0 0 0 6 1 0 1 0 0 0 0 0 0 2 0 1 0 3 1 0 3 0 0 0 1 1 0 3 2 0 3 2 0 1 1 0 2 1 3 3 0 0 1 1 1 1 3 0 1 1
"conceiv" 0 0 0 0 0 0 0 0 0 0 0 0 0 6 1 0 0 1 0 0 0 0 0 0 0 0 0 0 0 0 0 1 0 0 0 1 0 0 0 0 0 1 0 0 1 0 0 0 0 0 0 0 0 0 0 0 0 0 0 0
"entir" 1 0 0 0 1 0 0 0 0 0 0 0 2 5 2 0 3 1 0 0 0 1 2 0 1 3 0 3 0 0 0 0 0 0 1 1 0 0 0 0 0 0 0 0 0 0 0 0 0 0 0 0 0 0 0 0 0 0 0 3
"latter" 1 0 0 0 0 0 0 1 0 0 0 0 1 5 0 0 0 0 0 0 0 0 0 1 0 0 0 1 0 0 0 1 0 0 0 0 0 0 0 0 0 0 0 0 0 0 0 0 0 0 0 0 0 0 0 0 0 0 0 0
"extens" 0 0 1 0 1 0 0 1 0 0 0 0 1 5 0 0 0 2 0 0 0 3 0 1 0 1 0 1 1 0 0 0 0 0 0 0 0 0 0 0 0 0 0 0 0 0 0 0 0 0 0 0 0 0 0 0 0 0 0 0
"mode" 0 0 1 0 0 0 1 1 0 1 0 0 0 5 0 0 0 2 2 0 0 0 0 0 0 0 1 0 0 0 0 0 0 0 0 0 0 0 0 0 0 0 0 0 0 0 0 0 0 0 0 0 0 0 0 0 0 0 0 0
"assign" 0 0 0 1 0 1 0 0 0 0 0 0 0 5 2 0 1 0 0 0 0 0 0 0 1 0 0 0 1 0 0 0 0 1 0 0 0 0 0 0 0 0 0 0 0 0 0 0 0 0 0 0 0 0 0 0 0 0 0 0
"remark" 0 0 0 0 0 0 0 0 1 0 0 0 1 5 0 0 0 1 0 0 0 0 1 1 0 0 0 0 0 0 0 0 0 0 0 0 0 0 0 0 0 0 0 0 0 0 1 0 0 1 0 0 1 0 0 0 0 0 0 0
"judiciari" 0 0 0 0 0 0 0 0 0 1 0 0 0 5 0 0 0 0 0 0 0 0 1 0 0 0 0 0 0 0 0 0 0 0 0 0 0 0 0 0 0 0 0 0 0 0 0 0 0 0 0 0 0 0 0 0 0 0 0 0
"scheme" 0 0 0 0 0 0 0 0 0 0 0 0 1 5 2 0 1 1 0 0 0 0 0 0 2 1 1 1 0 0 1 0 0 0 0 0 0 0 0 0 0 0 0 0 0 0 0 0 0 0 0 0 0 0 0 0 0 0 0 0
"mr" 0 0 0 0 0 0 0 0 0 0 0 0 0 5 0 0 0 0 0 0 0 0 0 0 0 0 0 0 0 0 1 0 0 0 0 0 0 0 0 1 2 0 4 2 0 2 3 0 3 0 6 0 0 0 1 0 1 0 0 0
"veto" 0 0 0 0 0 0 0 0 0 0 0 0 0 5 1 0 0 0 0 0 1 0 0 0 0 0 0 0 0 0 0 0 0 0 0 0 0 0 0 0 0 0 0 0 0 0 0 0 0 0 0 0 0 0 0 0 0 0 0 0
"texa" 0 0 0 0 0 0 0 0 0 0 0 0 0 0 10 0 0 1 0 0 0 0 0 0 0 0 0 0 0 0 0 0 0 0 0 0 0 0 0 0 0 0 0 0 0 0 0 0 0 0 0 0 0 0 0 0 0 0 0 0
"section" 0 0 0 0 0 0 0 0 0 2 0 1 1 3 9 1 4 2 7 0 1 3 1 1 1 4 0 5 1 0 2 0 0 1 1 1 0 0 0 0 0 0 0 0 0 0 0 0 1 0 0 0 0 0 0 0 0 0 0 0
"compromis" 0 0 0 0 0 0 0 0 0 0 1 1 2 0 6 0 1 0 0 0 0 0 0 0 0 0 0 0 0 0 0 0 0 0 0 0 0 0 0 0 0 1 0 0 0 0 0 0 1 0 1 0 0 0 0 0 0 0 0 0
"discrimin" 0 0 0 0 0 0 0 0 0 0 0 0 0 0 6 0 1 1 0 0 0 0 0 0 0 2 0 0 0 0 2 0 0 0 0 0 0 0 0 0 0 0 0 0 0 0 0 0 1 0 0 0 0 0 0 0 0 0 0 0
"burden" 0 0 0 0 0 0 1 1 1 2 0 1 1 1 5 0 0 0 0 0 0 0 0 0 0 1 2 1 0 0 1 1 0 3 4 2 0 0 0 0 1 2 2 3 0 1 1 0 3 0 0 0 0 0 0 0 0 0 0 0
"levi" 0 0 0 0 0 0 0 0 0 0 0 0 0 0 5 0 0 0 0 0 0 0 0 0 0 0 0 1 0 0 0 0 0 0 0 0 0 0 0 0 0 0 0 0 0 0 0 0 0 0 0 0 0 0 0 0 0 0 0 0
"entitl" 0 0 0 1 0 1 0 0 1 0 0 0 0 1 4 0 1 1 2 0 0 0 2 0 1 0 1 1 0 0 0 0 0 0 0 0 0 0 0 0 0 0 0 0 0 0 0 0 0 0 0 0 0 0 0 1 0 0 0 0
"perpetu" 0 0 0 0 0 0 1 0 1 1 0 0 2 1 4 1 1 1 5 1 0 0 0 2 0 1 0 0 0 0 0 0 0 0 0 0 0 0 1 0 0 0 0 0 0 0 0 0 0 0 0 0 0 0 0 0 1 0 0 0
"clear" 0 0 0 0 0 0 0 0 1 1 0 1 0 3 4 0 3 2 2 0 0 0 1 0 1 3 1 2 1 0 1 0 2 0 4 0 2 1 0 1 2 2 2 0 1 1 1 1 0 0 2 2 1 1 1 0 0 0 2 0
"tariff" 0 0 0 0 0 0 0 0 0 0 0 0 0 0 4 0 0 2 0 0 0 0 0 0 0 3 2 4 0 0 13 1 0 2 1 1 0 0 0 0 0 0 0 0 0 0 0 0 0 0 0 0 0 0 0 0 0 0 0 3
"devis" 1 0 0 0 1 0 0 0 0 0 0 0 0 2 3 0 0 1 0 0 0 0 0 0 0 0 0 1 1 0 0 0 0 0 1 0 0 0 0 0 1 0 0 0 0 0 0 0 0 0 0 0 0 0 0 0 0 0 0 0
"benefit" 1 0 0 0 1 0 0 0 1 1 0 0 2 2 3 0 1 2 1 0 0 0 1 2 3 3 2 2 0 0 4 0 0 1 0 1 0 0 0 0 6 0 0 0 0 0 0 1 0 0 0 0 1 0 0 0 0 1 0 0
"frontier" 0 0 1 0 1 0 0 1 2 0 0 0 0 0 3 0 0 0 0 0 0 0 0 0 0 0 0 0 0 0 0 0 0 0 1 0 0 0 0 0 0 0 1 0 0 0 0 0 0 0 0 0 0 0 0 0 0 0 0 1
"navig" 0 0 1 0 0 0 0 2 1 0 1 0 0 0 3 0 0 0 0 0 0 0 0 0 0 0 0 0 0 0 0 0 0 0 0 0 0 0 0 0 0 0 0 0 0 0 0 0 0 0 0 0 0 0 0 0 0 0 0 0
"mere" 0 0 1 0 0 0 0 0 0 0 0 0 0 0 3 1 0 4 4 0 0 0 4 0 0 0 0 3 0 1 5 3 0 0 3 2 4 2 1 0 0 2 1 2 0 0 2 1 0 0 1 0 0 0 0 0 1 1 1 0
"prevail" 0 0 0 1 1 0 0 0 1 1 0 0 2 0 3 0 1 0 1 0 0 0 0 1 1 0 0 2 0 0 1 0 0 0 0 0 0 0 0 0 0 0 1 0 0 0 0 0 1 0 0 0 0 0 0 0 0 0 3 0
"minor" 0 0 0 1 1 0 0 0 0 0 0 1 0 2 3 0 0 0 8 0 0 0 0 1 0 0 0 0 0 0 1 0 0 1 0 0 0 0 0 0 0 0 0 0 0 0 0 0 0 0 0 0 1 0 1 0 0 0 0 0
"seek" 0 0 0 1 0 0 0 0 1 0 1 0 2 1 3 1 1 2 2 2 0 1 1 1 2 3 2 1 1 1 0 4 0 8 5 2 3 2 0 0 0 3 12 2 5 3 2 1 1 3 1 0 0 1 1 5 0 2 1 0
"acquiesc" 0 0 0 1 0 0 0 0 0 0 0 0 0 0 3 0 0 0 3 0 1 0 1 0 1 0 1 0 0 0 1 0 0 0 0 0 0 0 0 0 0 0 0 0 0 0 0 0 0 0 0 0 0 0 0 0 0 0 0 0
"contract" 0 0 0 0 1 0 0 0 0 0 0 0 0 1 3 0 0 0 3 0 3 0 0 0 0 0 0 1 0 0 0 0 0 0 0 0 0 0 0 0 0 0 0 0 0 0 0 0 0 0 0 0 0 0 0 0 0 0 0 0
"extinguish" 0 0 0 0 1 0 0 0 0 1 1 0 0 1 3 1 1 1 0 0 0 0 0 0 0 0 0 0 0 0 0 0 0 0 0 0 0 0 0 0 0 0 0 0 0 0 0 0 0 0 0 0 0 0 0 0 0 0 0 0
"famili" 0 0 0 0 1 0 1 1 0 0 0 0 0 2 3 0 0 2 0 0 0 0 0 2 1 0 0 0 1 0 0 0 1 0 0 0 1 2 0 0 1 1 1 0 2 0 0 1 1 3 0 3 3 1 1 1 1 3 1 3
"discret" 0 0 0 0 1 0 0 0 0 0 0 0 1 1 3 0 0 0 1 0 0 0 0 0 0 0 0 0 0 0 2 0 0 0 0 0 0 0 0 0 0 0 0 0 0 0 0 0 0 0 0 0 0 0 0 0 0 0 0 0
"inform" 0 0 1 1 0 1 0 0 0 0 0 0 0 2 0 2 0 0 0 0 0 0 0 0 0 0 0 0 1 0 2 0 0 0 0 0 0 1 2 0 1 0 0 0 0 0 0 0 0 0 0 0 2 0 0 0 0 0 0 0
"posit" 0 0 1 1 0 0 1 0 2 0 0 0 2 3 1 2 6 1 1 0 1 1 0 1 1 0 2 0 0 0 4 0 0 0 5 0 1 0 0 0 0 0 0 0 0 0 0 0 0 0 0 1 0 0 0 0 0 0 0 0
"bestow" 0 0 0 1 0 1 0 0 0 1 0 0 0 0 0 2 1 1 0 0 1 0 0 0 1 0 0 0 0 0 0 0 0 0 2 0 0 0 0 0 0 0 0 0 0 1 0 0 0 1 0 0 0 0 0 1 0 0 0 0
"navi" 0 0 0 0 0 0 0 2 1 1 1 1 0 2 0 2 1 2 0 0 0 2 0 0 0 1 0 1 0 0 7 0 0 0 1 0 0 0 0 0 0 0 0 0 0 0 0 0 0 0 0 0 0 0 0 0 0 0 0 1
"emin" 0 0 0 0 0 0 0 2 2 2 0 0 0 0 1 2 2 0 1 0 0 0 0 1 0 0 0 0 0 0 0 0 0 1 0 0 0 0 0 0 0 0 0 0 0 0 0 0 0 0 0 0 0 0 0 0 0 0 0 0
"judici" 0 0 0 0 0 0 0 0 1 0 0 0 1 1 2 2 0 1 0 0 0 0 0 0 0 1 0 1 0 0 0 0 0 0 1 3 0 0 0 0 0 0 0 0 0 0 0 0 0 0 0 0 0 0 0 0 0 0 0 0
"vest" 0 0 0 0 0 0 0 0 1 0 0 0 0 1 0 2 0 0 0 0 0 0 0 0 0 1 0 2 0 0 0 0 0 0 0 0 0 0 0 0 0 0 0 0 0 0 0 0 0 0 0 0 0 0 0 0 0 0 0 0
"consent" 1 0 0 0 0 0 0 0 0 0 0 0 0 3 1 1 0 0 0 0 0 0 0 0 0 3 0 0 0 0 0 0 2 0 0 0 0 0 0 0 0 0 0 0 0 0 0 0 1 0 0 0 0 0 0 0 0 0 0 0
"distinct" 1 0 0 0 0 0 0 0 2 0 0 0 1 3 2 1 0 0 0 0 0 0 2 0 1 1 0 0 0 0 1 0 1 0 1 3 0 0 0 0 0 0 0 0 0 0 0 0 1 0 0 0 0 0 0 0 0 0 0 0
"refer" 1 0 0 0 0 0 0 0 0 0 0 0 2 4 0 1 1 1 1 0 0 0 2 1 0 0 2 0 0 0 4 0 0 0 0 0 0 0 0 0 0 0 0 0 0 0 0 0 0 0 0 0 0 0 0 0 0 0 0 0
"indispens" 1 0 0 0 0 0 0 1 0 0 0 0 0 0 1 1 0 1 0 0 0 0 0 0 0 0 0 0 1 0 0 0 0 0 0 0 0 0 0 0 0 2 0 0 0 0 2 0 0 0 0 0 1 0 0 0 0 0 0 0
"assist" 0 0 1 0 0 0 0 0 1 1 0 0 0 1 1 1 0 0 0 1 0 0 0 0 0 0 0 1 1 0 0 0 1 0 3 2 1 0 0 0 1 0 1 1 0 0 0 0 0 0 1 0 0 0 0 0 0 0 0 0
"father" 0 0 0 0 2 0 0 0 1 0 0 0 1 1 1 1 6 3 0 0 0 0 0 3 1 1 1 1 2 1 0 0 0 2 0 0 0 0 0 0 0 2 0 0 0 0 0 0 2 1 3 0 0 1 1 4 1 0 1 0
"hard" 0 0 0 0 0 0 0 0 0 0 0 0 0 0 0 0 4 0 0 0 0 0 0 0 0 1 1 1 1 0 1 0 1 0 1 0 0 0 0 0 0 0 1 1 0 0 0 0 0 2 3 1 0 0 1 3 2 0 1 0
"comprehens" 1 0 0 0 0 0 0 0 0 0 0 0 0 0 0 0 3 0 0 0 0 0 0 0 0 0 0 0 0 0 0 0 0 0 2 0 0 0 0 0 0 0 0 0 0 0 0 0 0 0 0 0 0 0 0 0 0 0 0 0
"legitim" 0 0 1 0 0 0 0 0 0 1 0 0 1 2 2 0 3 2 0 0 0 0 3 0 0 0 1 0 0 0 3 0 0 0 1 0 0 1 0 0 0 0 0 0 0 0 0 0 0 1 0 0 0 0 0 0 0 0 0 0
"wealth" 0 0 1 0 0 0 0 0 0 0 0 0 2 2 0 0 3 0 0 1 0 0 0 0 0 4 0 0 0 2 0 1 0 1 0 1 1 2 1 0 0 2 1 0 1 2 0 0 1 0 0 0 1 0 1 2 0 4 0 3
"mankind" 0 0 1 1 0 0 0 0 0 0 0 1 2 0 1 0 3 0 0 0 0 0 0 1 0 0 0 2 1 1 0 0 3 4 2 1 1 1 0 0 4 1 3 2 1 3 0 0 0 1 0 0 0 0 1 0 0 0 0 1
"weak" 0 0 0 1 1 0 0 0 0 0 0 0 0 0 0 0 3 0 0 0 0 0 0 1 0 3 1 0 0 2 0 1 0 0 0 0 0 0 0 0 1 1 1 4 0 3 1 4 0 0 0 0 0 1 1 1 0 0 0 0
"agit" 0 0 0 1 0 0 0 1 0 0 0 0 2 1 1 0 3 4 0 0 2 0 0 0 0 0 0 0 0 0 0 0 0 0 0 0 0 0 0 0 0 0 0 0 0 0 0 0 0 0 1 0 0 0 0 0 0 0 0 0
"prove" 0 0 0 1 1 0 1 0 0 2 0 0 2 1 1 0 3 2 0 0 0 0 1 0 0 0 0 1 0 1 1 0 1 4 0 0 1 0 1 0 1 1 1 0 0 0 0 0 0 0 0 0 0 0 0 0 1 0 0 0
"obvious" 0 0 0 0 1 0 0 0 3 1 0 0 2 1 0 0 3 0 1 0 0 0 0 0 0 2 0 0 0 0 0 0 0 0 0 0 0 1 1 0 0 0 0 0 0 0 0 0 0 0 1 0 0 0 0 0 0 0 0 0
"furnish" 0 0 0 0 1 0 0 0 0 0 0 0 1 1 0 1 3 1 1 0 0 0 0 1 0 0 2 0 1 0 4 0 0 0 0 0 0 0 1 0 0 0 0 0 0 0 0 0 0 0 0 0 0 0 0 0 0 0 0 0
"counsel" 0 0 0 0 1 1 1 0 0 1 0 0 1 0 0 0 3 0 0 0 1 0 1 0 0 0 1 0 0 0 0 3 6 1 3 0 0 0 0 0 0 0 2 0 0 0 0 0 0 0 0 0 0 0 1 0 0 0 0 0
"jurisdict" 0 0 0 0 0 1 0 0 0 0 0 0 0 2 2 0 3 0 0 0 0 0 0 4 0 1 0 0 0 0 4 0 0 0 0 0 0 0 0 0 0 0 0 0 0 0 0 0 0 0 0 0 0 0 0 0 0 0 0 0
"rememb" 0 0 0 0 0 1 0 0 0 0 0 0 1 0 2 0 3 0 0 0 1 0 0 2 0 0 2 1 0 0 0 2 0 0 1 0 0 0 0 2 0 1 0 2 1 0 2 2 0 2 4 0 1 0 1 2 1 2 1 1
"capac" 0 0 0 0 0 0 1 0 0 0 0 0 1 0 1 1 3 1 0 0 2 0 0 0 0 1 0 0 2 0 0 0 0 1 0 2 0 1 1 0 1 1 0 0 0 0 0 0 3 0 0 0 0 0 0 1 2 0 0 0
"almost" 0 0 0 0 0 0 0 1 2 0 0 1 0 1 2 0 3 1 0 0 0 1 1 0 1 0 0 1 0 0 0 0 0 0 2 0 0 0 1 0 2 0 1 0 0 0 0 0 1 1 0 1 0 0 0 0 0 0 0 0
"effici" 0 0 0 0 0 0 0 1 1 1 0 0 1 0 0 1 3 1 0 0 0 0 1 0 0 4 1 1 0 0 1 3 0 4 0 0 0 0 0 0 0 0 0 0 0 0 0 0 0 0 0 0 0 0 0 0 0 0 0 1
"field" 0 0 0 0 0 0 0 0 0 0 0 1 1 1 0 0 3 0 0 0 0 0 0 2 0 4 1 1 0 0 0 0 0 0 0 3 1 0 0 0 0 0 0 0 0 0 0 0 0 0 0 0 0 0 0 0 0 0 0 1
"gave" 0 0 0 0 0 0 0 0 0 0 0 0 2 0 0 0 3 0 0 0 0 0 1 1 0 0 0 0 0 0 0 0 0 0 0 0 0 0 0 0 0 0 0 0 0 0 0 1 0 0 0 0 1 1 0 0 1 0 3 3
"appar" 0 0 0 0 0 0 0 0 0 0 0 0 2 1 0 0 3 0 0 0 0 0 1 0 0 0 0 1 0 0 0 0 0 0 0 0 0 0 0 0 0 0 0 0 0 0 0 0 0 0 0 0 0 0 0 0 0 0 0 0
"star" 0 0 0 0 0 0 0 0 0 0 0 0 0 0 0 0 3 0 0 0 0 1 0 0 0 0 0 0 0 0 0 0 0 0 1 0 0 0 0 0 0 0 0 1 1 1 0 0 1 0 1 0 0 0 0 0 1 0 0 2
"compar" 1 0 0 0 0 0 0 0 1 0 0 0 1 2 1 0 2 3 0 0 1 1 0 0 0 0 0 0 0 0 1 0 0 0 0 0 1 0 0 0 0 0 0 0 0 0 0 0 0 0 0 0 0 0 0 0 0 0 0 0
"evil" 0 0 0 0 0 0 0 0 1 1 0 0 1 2 1 0 1 5 2 0 0 0 1 2 0 4 1 0 1 0 1 3 0 1 0 2 1 2 1 0 0 2 1 0 0 0 0 0 0 0 0 0 0 0 1 0 0 0 0 0
"except" 0 0 0 0 0 0 0 0 2 1 1 0 2 1 1 0 1 5 1 0 0 1 1 0 1 2 0 1 0 0 0 1 0 2 1 1 0 0 0 0 0 0 0 0 0 0 0 1 1 0 0 0 0 0 0 0 1 0 0 2
"slaveri" 0 0 0 0 0 0 0 0 0 0 0 0 2 0 0 0 0 5 4 1 0 0 0 4 0 4 0 0 0 0 1 0 0 0 0 0 0 0 1 0 0 1 0 0 0 0 0 0 0 0 0 0 1 0 1 0 0 0 0 1
"trade" 0 0 0 0 0 0 0 0 2 0 0 1 0 0 2 0 2 4 2 0 1 1 0 0 1 4 1 4 1 0 11 0 1 5 0 0 3 0 0 0 3 2 0 0 0 0 0 0 0 0 1 0 1 0 0 0 0 1 0 1
"road" 0 0 0 1 1 0 0 1 0 2 0 0 0 0 0 0 0 3 0 0 0 0 0 0 0 0 0 0 0 0 0 0 0 0 0 1 0 4 0 0 0 0 0 0 1 0 0 0 0 1 0 0 0 1 0 2 1 1 0 0
"convinc" 0 0 0 0 1 0 0 0 0 1 1 0 0 0 0 0 0 3 0 0 0 0 0 0 0 0 0 0 0 0 1 0 0 0 0 0 1 0 0 0 0 0 0 0 0 0 0 0 0 0 0 0 0 0 0 0 0 0 0 0
"calcul" 0 0 0 0 1 0 0 1 1 0 1 0 1 2 0 1 1 3 0 0 1 0 0 0 0 1 1 0 0 0 0 0 0 0 0 0 0 0 0 0 0 1 0 0 0 0 0 0 0 0 0 1 0 0 0 0 0 0 0 0
"children" 0 0 0 0 1 0 0 0 1 0 0 0 1 0 1 0 2 3 0 0 0 0 0 3 0 0 0 0 0 3 0 3 0 0 0 1 0 1 0 1 0 0 0 0 2 0 1 0 5 0 4 3 6 4 0 3 3 2 6 2
"attempt" 0 0 0 0 0 1 1 0 1 0 0 1 2 4 1 1 0 3 3 0 0 0 1 0 0 2 0 1 0 0 2 0 1 1 2 1 0 1 0 0 0 0 0 0 0 0 1 0 0 0 0 0 0 0 0 0 0 0 0 0
"interfer" 0 0 0 0 0 1 0 0 0 0 0 0 1 4 1 0 2 3 2 0 0 0 0 1 0 2 1 0 0 0 2 0 0 1 1 0 0 0 0 0 0 0 0 0 0 0 0 0 0 1 0 0 0 0 0 0 0 0 0 0
"pacif" 0 0 0 0 0 0 0 1 1 1 0 0 0 0 2 0 1 3 0 0 0 0 1 0 0 0 0 0 1 0 0 0 0 0 1 1 0 0 0 0 0 0 2 0 0 0 0 0 0 0 0 0 0 0 0 0 0 0 0 0
"materi" 0 0 0 0 0 0 0 2 0 0 0 0 1 0 1 0 0 3 1 0 1 0 2 2 0 1 0 0 0 1 0 1 0 5 0 0 2 2 1 0 3 3 2 0 0 1 0 0 0 0 1 0 0 0 0 0 0 0 0 0
"appropri" 0 0 0 0 0 0 0 0 0 0 1 1 1 1 1 0 1 3 0 0 0 0 0 0 0 1 0 0 1 0 1 0 0 0 0 0 0 0 0 0 0 1 0 0 0 0 0 0 0 0 0 0 0 0 0 0 0 0 0 0
"neither" 0 0 0 0 0 0 0 0 0 0 0 0 2 2 1 0 0 3 1 3 0 0 1 1 0 3 0 1 0 2 1 0 2 0 0 0 0 0 0 0 0 1 1 1 0 0 0 1 0 0 1 0 0 0 0 0 0 0 0 0
"speedili" 0 0 0 0 0 0 0 0 0 0 0 0 0 0 3 0 0 3 0 1 0 0 0 0 0 2 0 0 0 0 0 0 0 0 0 0 0 0 0 0 0 0 0 0 0 0 0 0 0 0 0 0 0 0 0 0 0 0 0 0
"birth" 1 0 0 1 0 0 0 0 0 0 0 0 1 0 2 0 0 2 0 0 1 0 0 0 1 0 0 0 0 0 0 0 0 1 0 0 0 1 0 0 0 0 0 0 0 0 0 1 0 0 0 0 0 3 1 2 0 1 0 0
"endang" 1 0 0 0 1 0 0 0 0 0 0 0 2 0 0 0 1 2 2 0 0 0 0 1 0 0 0 0 0 0 0 0 0 0 0 0 0 0 0 0 0 0 0 0 0 0 0 0 0 0 0 0 0 0 0 0 0 0 0 0
"leav" 1 0 0 1 0 0 0 1 0 0 0 0 2 3 1 0 2 2 0 0 0 1 0 2 0 1 0 1 3 1 1 1 0 1 0 1 1 1 0 0 0 0 0 0 0 1 0 0 0 1 3 0 0 0 0 1 0 1 0 0
"race" 1 0 0 0 0 0 0 0 0 0 0 0 0 0 0 0 1 2 0 0 0 0 5 7 0 2 1 0 0 1 14 0 0 0 1 3 0 0 0 1 1 2 0 1 0 1 0 2 0 1 0 1 1 1 0 1 0 0 0 2
"amend" 0 0 0 0 1 0 0 0 0 0 0 0 0 3 0 0 0 0 7 0 1 0 1 1 1 1 0 1 0 0 11 0 0 0 0 5 0 0 0 0 0 0 0 0 0 0 0 0 0 0 0 0 0 0 0 0 0 0 0 0
"slave" 0 0 0 0 0 0 0 0 1 1 0 0 0 1 0 0 0 1 7 2 0 1 0 1 0 0 0 0 0 0 0 0 0 0 0 0 0 0 0 0 0 0 0 0 0 0 0 0 0 0 0 0 0 0 1 0 0 0 0 0
"enforc" 0 0 0 0 1 0 0 0 1 0 0 0 0 0 1 1 2 0 6 0 2 0 0 2 2 4 2 4 0 0 7 0 0 0 0 15 0 0 0 0 0 0 0 0 0 0 0 0 0 0 0 0 0 0 0 0 0 1 0 1
"surrend" 0 0 0 0 0 1 1 0 0 0 0 0 0 3 0 0 0 0 5 0 0 0 1 2 2 1 1 0 1 0 0 0 0 0 0 0 0 0 0 0 0 0 0 0 1 0 0 0 1 0 0 0 0 0 0 0 0 0 0 0
"hold" 0 0 0 0 0 1 0 2 0 1 0 0 0 2 0 1 1 0 5 0 0 1 0 0 1 3 2 0 0 0 2 1 0 4 5 2 0 2 0 0 2 6 0 1 0 0 0 1 0 1 0 1 0 1 0 0 1 0 0 0
"plain" 0 0 0 0 0 0 0 0 0 0 1 0 0 0 2 0 0 1 5 0 0 0 0 0 1 1 2 1 0 0 1 0 0 0 1 0 0 0 1 0 0 1 1 0 0 0 0 0 0 0 0 0 1 0 0 0 0 1 0 0
"claus" 0 0 0 0 0 0 0 0 0 0 0 0 0 1 0 0 0 0 5 0 0 0 0 0 0 0 0 0 0 0 1 0 0 0 0 0 0 0 0 0 0 0 0 0 0 0 0 0 0 0 0 0 0 0 0 0 0 0 0 0
"expressli" 0 0 0 0 0 0 0 0 0 0 0 0 0 1 1 0 0 1 5 0 1 0 0 0 0 0 0 0 0 0 0 0 0 0 0 0 0 0 0 0 0 0 0 0 0 0 0 0 0 0 0 0 0 0 0 0 0 0 0 0
"unanim" 1 0 0 0 0 0 0 0 0 0 0 0 0 0 0 0 0 0 4 0 0 0 1 0 0 0 0 1 0 0 0 0 0 0 0 0 0 0 0 0 0 0 0 0 0 0 0 0 0 0 0 0 0 0 0 0 0 0 0 0
"speak" 0 0 1 1 0 1 0 1 0 0 0 1 0 2 0 0 2 1 4 0 0 1 1 1 0 0 0 0 0 0 1 0 2 2 0 1 1 1 5 0 0 0 3 0 0 3 0 0 2 1 2 1 1 2 3 0 0 1 1 0
"say" 0 0 1 0 0 0 0 0 0 1 0 0 0 4 2 0 2 0 4 0 0 1 1 1 0 0 0 0 0 0 2 1 0 0 1 0 0 2 0 0 1 0 0 0 2 2 0 3 2 2 5 2 1 0 0 3 1 0 5 1
"fli" 0 0 0 1 0 0 0 0 0 0 0 0 0 1 0 0 0 0 4 0 0 0 0 0 0 0 0 0 0 0 0 0 0 0 0 0 0 0 0 0 0 0 0 0 0 0 0 0 0 0 0 0 0 0 0 0 0 0 0 0
"legal" 0 0 0 1 1 0 0 0 0 0 0 0 1 1 1 0 1 0 4 0 0 0 1 1 0 2 0 0 0 0 0 1 0 0 1 0 0 0 0 0 0 0 0 0 0 0 0 0 0 0 0 0 0 0 0 0 0 0 0 0
"written" 0 0 0 0 1 0 0 0 0 0 0 0 0 1 1 0 0 0 4 0 0 0 0 1 0 0 0 0 0 0 0 0 0 1 0 0 0 0 2 0 0 0 0 0 1 0 0 0 1 0 1 0 0 0 0 0 0 0 0 1
"held" 0 0 0 0 0 0 0 1 0 0 1 0 0 0 0 0 0 0 4 0 0 1 1 0 0 1 0 1 0 0 0 0 0 0 1 1 0 0 0 0 0 0 0 0 0 0 0 0 2 0 1 1 0 0 0 1 0 0 0 0
"unless" 0 0 0 0 0 0 0 0 1 0 0 0 1 0 0 0 0 2 4 0 1 0 0 0 0 0 0 0 0 0 0 0 0 0 5 1 0 0 0 0 0 0 0 0 0 0 2 0 0 0 1 0 0 0 0 0 0 0 0 0
"controversi" 0 0 0 0 0 0 0 0 0 0 0 1 1 0 0 0 0 0 4 0 0 0 1 3 0 0 0 0 0 0 3 0 0 1 1 5 0 0 0 0 0 0 0 0 0 0 0 0 0 0 0 0 0 0 0 0 0 0 0 0
"frame" 0 0 0 0 0 0 0 0 0 0 0 0 2 2 0 0 0 1 4 0 0 0 0 1 0 0 0 0 1 0 1 0 0 0 0 0 0 0 1 0 0 0 0 0 0 0 0 0 0 0 0 0 0 0 0 0 0 0 0 0
"deni" 0 0 0 0 0 0 0 0 0 0 0 0 0 2 0 0 0 1 4 0 0 0 0 2 0 2 0 0 0 0 0 0 0 1 2 0 1 3 0 0 0 1 0 0 1 0 0 0 1 0 0 0 1 0 1 0 1 0 0 1
"fugit" 0 0 0 0 0 0 0 0 0 0 0 0 0 0 0 0 0 0 4 0 0 0 0 0 0 0 0 0 0 0 0 0 0 0 0 0 0 0 0 0 0 0 0 0 0 0 0 0 0 0 0 0 0 0 0 0 0 0 0 0
"seced" 0 0 0 0 0 0 0 0 0 0 0 0 0 0 0 0 0 0 4 0 0 0 0 0 0 0 0 0 0 0 0 0 0 0 0 0 0 0 0 0 0 0 0 0 0 0 0 0 0 0 0 0 0 0 0 0 0 0 0 0
"go" 0 0 1 1 0 0 0 0 1 0 0 0 1 0 0 0 0 0 3 0 1 0 0 0 0 0 0 2 1 0 2 1 1 1 1 0 1 2 2 0 1 0 0 3 2 6 1 0 7 3 2 1 3 0 1 0 0 1 1 8
"reject" 0 0 1 0 0 0 0 0 0 0 0 0 0 1 0 0 2 0 3 0 0 1 0 0 1 1 0 0 1 0 0 0 0 0 2 0 1 0 1 0 0 1 0 0 1 0 0 1 0 0 0 0 0 0 0 1 1 0 1 0
"matter" 0 0 0 0 1 0 0 0 0 0 0 0 1 3 0 1 1 1 3 0 0 1 1 0 0 1 0 1 1 0 4 1 3 0 1 3 0 0 1 0 0 2 0 0 0 0 0 0 1 1 2 0 0 0 0 0 1 1 0 0
"follow" 0 0 0 0 1 0 1 1 1 1 0 1 1 0 1 0 0 1 3 0 2 0 3 1 0 0 2 1 2 0 1 0 0 1 3 3 1 1 1 0 1 0 0 0 1 0 0 0 0 1 0 0 1 2 0 0 1 2 1 0
"old" 0 0 0 0 1 0 0 0 1 0 0 0 0 1 1 0 0 0 3 0 0 1 0 0 0 0 0 2 1 1 1 1 0 4 9 2 4 3 2 1 1 0 1 1 7 1 4 1 0 3 6 2 4 2 0 3 0 2 0 1
"break" 0 0 0 0 0 0 1 1 0 0 0 0 0 0 0 0 0 0 3 0 0 0 0 0 0 2 0 0 1 0 0 0 0 0 0 0 0 0 0 0 0 0 1 1 0 0 0 0 0 0 0 1 0 0 1 1 0 0 0 0
"destroy" 0 0 0 0 0 0 1 0 1 0 0 0 0 2 2 0 0 1 3 1 0 1 0 2 0 1 2 0 1 0 0 1 0 1 1 1 0 0 0 0 0 0 0 1 1 0 0 0 0 3 0 0 1 0 0 1 0 1 1 0
"sure" 0 0 0 0 0 0 1 0 1 0 0 0 1 2 1 0 1 0 3 0 0 1 3 1 2 3 2 3 1 0 0 0 0 2 0 3 0 0 0 0 1 0 2 1 0 0 0 0 0 0 1 0 1 0 0 1 1 0 0 0
"near" 0 0 0 0 0 0 0 2 1 2 0 0 2 0 0 1 1 1 3 0 0 0 0 0 0 3 1 2 4 0 0 0 0 0 0 0 0 1 0 0 0 1 1 1 0 0 0 0 0 0 0 0 1 1 0 0 0 1 0 0
"ceas" 0 0 0 0 0 0 0 0 1 0 0 0 1 0 0 0 1 1 3 2 0 0 0 0 0 2 0 1 0 0 0 0 0 0 0 0 0 0 0 0 0 1 1 0 0 0 0 0 0 0 0 0 0 0 0 0 0 0 0 0
"anarchi" 0 0 0 0 0 0 0 0 0 0 0 1 0 0 1 0 0 0 3 0 0 0 0 0 0 0 0 0 0 0 0 0 0 0 0 0 0 0 0 0 0 0 0 0 0 0 0 0 0 0 0 0 0 0 0 0 0 0 0 0
"deliv" 0 0 0 0 0 0 0 0 0 0 0 0 0 1 0 0 0 0 3 1 0 0 0 0 0 0 0 0 0 0 0 0 0 0 0 0 0 0 0 0 0 0 0 0 0 1 1 0 0 0 0 0 0 0 0 1 0 0 1 2
"proposit" 0 0 0 0 0 0 0 0 0 0 0 0 0 0 1 0 0 0 3 0 0 4 0 0 0 0 0 0 0 0 3 0 0 0 0 0 0 0 0 0 0 0 0 0 0 0 0 0 0 0 0 0 0 0 0 0 0 0 0 0
"court" 0 0 0 0 0 0 0 0 0 0 0 0 0 0 0 0 0 1 3 0 0 0 0 1 0 3 1 2 0 0 7 0 0 1 2 3 1 0 0 0 0 0 0 0 0 0 0 0 0 0 0 0 0 0 0 0 0 0 0 1
"dissatisfi" 0 0 0 0 0 0 0 0 0 0 0 0 0 0 0 0 0 0 3 0 0 0 0 0 0 0 0 0 0 0 0 0 0 0 0 0 0 0 0 0 0 0 0 0 0 0 0 0 0 0 0 0 0 0 0 0 0 0 0 0
"god" 0 0 0 0 0 0 0 0 1 0 0 0 0 0 0 0 1 1 0 6 1 0 0 3 1 2 2 2 2 0 1 2 2 6 1 2 2 0 1 2 3 5 1 3 3 6 3 1 5 8 3 2 1 3 3 4 5 4 4 4
"offens" 0 0 0 0 0 0 0 0 0 0 0 0 0 0 0 0 0 0 0 5 0 0 0 0 1 0 0 0 0 0 0 0 0 2 0 0 0 0 0 0 0 1 0 0 0 0 0 0 0 1 0 0 0 0 0 0 0 0 0 0
"woe" 0 0 0 0 0 0 0 0 0 0 0 0 0 0 0 0 0 0 0 3 0 0 0 0 0 0 0 0 0 0 0 0 0 0 0 0 0 0 0 0 0 0 0 0 0 0 0 0 0 0 0 0 0 0 0 0 0 0 0 0
"pray" 1 0 0 0 0 0 0 0 0 0 0 0 1 0 0 0 0 0 0 2 0 0 0 0 0 0 0 0 0 0 0 0 1 0 0 0 0 0 0 1 0 2 0 0 0 0 1 1 0 0 0 0 0 0 0 0 0 0 0 0
"said" 0 0 0 1 1 0 0 1 0 0 0 0 0 1 0 0 0 0 1 2 0 0 1 2 0 0 0 0 0 1 1 0 0 0 0 0 0 0 0 2 0 0 0 0 1 0 0 0 1 1 1 0 1 1 1 1 0 0 1 0
"answer" 0 0 0 1 0 0 0 0 0 0 0 0 0 0 0 0 1 0 0 2 0 0 0 1 0 0 0 0 0 0 0 1 0 2 0 0 0 0 0 0 0 0 0 1 0 3 1 1 2 0 0 1 1 0 0 2 1 0 2 0
"drawn" 0 0 0 0 2 0 0 1 0 0 0 0 1 2 0 0 0 0 0 2 0 0 0 0 0 0 0 0 0 0 1 0 3 0 0 0 0 0 0 1 0 0 0 0 0 0 0 0 0 0 0 0 0 0 0 1 2 0 0 0
"rather" 0 0 0 0 0 0 0 0 2 0 1 0 0 2 0 0 1 0 2 2 0 2 1 0 0 2 0 2 0 1 0 0 1 1 1 0 0 0 0 0 0 1 1 0 1 0 0 1 1 0 0 0 0 0 0 3 1 1 0 0
"came" 0 0 0 0 0 0 0 0 1 0 0 0 0 1 0 0 1 0 1 2 0 1 0 1 0 0 0 0 1 0 1 0 0 0 0 0 0 0 3 0 0 0 0 0 2 1 0 0 1 1 0 1 1 0 5 1 0 1 1 1
"altogeth" 0 0 0 0 0 0 0 0 2 0 0 0 1 1 0 0 0 0 0 2 0 0 0 0 0 1 0 0 0 0 0 0 0 0 1 0 0 0 0 0 0 0 0 0 0 0 0 0 0 0 0 0 0 0 0 0 0 0 0 0
"ago" 0 0 0 0 0 0 0 0 1 0 0 0 1 0 1 0 1 1 0 2 1 0 0 1 0 1 0 0 4 0 2 2 1 0 0 0 0 3 1 0 1 0 1 1 0 2 1 2 0 4 2 0 2 0 0 1 1 0 3 4
"four" 0 0 0 0 0 0 0 0 0 1 0 1 0 0 0 0 0 0 2 2 1 2 0 0 0 0 0 1 2 0 0 0 2 0 0 0 0 4 0 0 2 0 1 0 0 0 5 0 0 2 0 0 1 0 1 0 0 1 0 1
"come" 0 0 0 0 0 0 0 0 0 0 0 0 1 3 2 0 0 0 1 2 2 0 3 3 0 3 0 2 1 0 4 5 1 4 3 2 3 3 2 1 3 4 3 1 2 7 6 0 1 4 2 1 6 1 3 4 0 1 6 5
"attribut" 1 0 0 0 0 0 0 0 0 0 0 0 1 4 0 0 0 0 0 1 0 0 0 0 0 0 0 0 0 0 0 0 0 0 0 0 0 0 0 0 0 0 0 0 0 0 0 0 0 0 0 0 0 0 0 0 0 0 0 0
"discern" 1 0 0 0 0 0 0 0 0 0 0 0 0 0 0 0 1 0 0 1 0 0 0 0 0 0 0 0 0 0 0 0 0 0 0 0 0 0 0 0 0 1 0 0 0 0 0 0 0 0 0 0 0 0 0 0 0 0 0 0
"thought" 1 0 1 1 0 0 0 0 2 0 0 0 1 4 1 0 2 0 1 1 0 2 1 2 0 2 1 2 1 0 2 4 8 1 6 2 1 0 0 0 2 2 0 0 0 1 0 0 0 0 2 0 0 0 0 0 0 1 1 1
"detail" 0 0 1 0 0 0 0 0 1 1 0 0 0 0 2 0 0 0 0 1 0 0 0 0 0 0 0 0 0 0 0 0 0 0 0 0 1 0 0 0 0 0 0 0 0 0 0 0 0 0 0 0 0 0 0 0 0 0 0 0
"read" 0 0 1 0 0 0 0 0 0 0 0 0 0 0 0 0 0 0 2 1 0 0 0 0 0 0 0 0 0 0 0 0 0 0 0 0 1 0 0 0 0 0 0 0 1 0 0 0 0 0 0 0 2 0 1 1 0 0 0 0
"ventur" 0 0 1 0 0 0 0 0 0 0 0 0 0 0 0 0 0 0 1 1 0 0 0 1 0 0 0 0 1 0 1 0 0 0 0 0 0 0 0 0 1 0 0 1 0 0 0 0 0 0 0 0 0 0 0 0 0 0 0 0
"constant" 0 0 1 0 0 0 0 1 2 0 1 1 1 3 1 0 1 1 0 1 0 0 0 0 1 0 3 7 1 0 1 0 0 0 4 4 0 1 1 0 2 0 1 0 1 0 0 0 0 0 0 0 1 0 0 0 2 1 1 0
"southern" 0 0 1 0 0 0 0 0 0 1 0 0 0 0 0 0 0 0 1 1 0 0 3 1 0 0 0 0 0 0 5 0 0 0 0 0 0 0 0 0 0 1 0 0 0 0 0 0 0 0 0 0 0 0 0 0 0 0 0 2
"chiefli" 0 0 1 0 1 0 0 0 0 0 0 0 0 0 0 0 0 0 0 1 0 0 1 0 0 0 0 0 0 0 0 0 0 0 0 0 0 0 0 0 0 0 0 0 0 0 0 0 0 0 0 0 0 0 0 0 0 0 0 0
"color" 0 0 1 0 0 0 0 0 0 0 0 0 0 0 0 0 0 0 0 1 0 1 2 0 0 0 1 0 0 0 1 0 0 0 0 0 0 0 0 1 0 0 0 0 2 0 0 0 0 0 0 0 0 0 0 0 1 0 0 1
"negoti" 0 0 1 0 0 0 0 0 2 0 0 0 0 1 0 1 0 0 0 1 0 0 0 0 0 0 0 1 0 0 1 0 0 0 1 0 0 0 0 0 0 0 0 2 0 1 1 0 1 1 1 0 0 0 0 0 0 0 0 0
"durat" 0 0 1 0 0 0 0 1 0 0 1 0 0 0 0 0 1 0 0 1 0 0 0 0 0 0 0 0 0 0 0 0 0 0 0 0 0 0 0 0 0 0 0 0 0 0 0 0 0 0 0 0 0 0 0 0 1 0 0 0
"divid" 0 0 0 1 0 0 0 0 0 1 0 1 0 0 0 0 0 1 2 1 1 0 0 1 0 1 0 1 0 0 0 0 0 0 1 0 0 1 0 0 1 0 4 2 1 2 1 0 0 0 0 0 2 0 0 0 0 0 1 0
"dissolv" 0 0 0 1 0 0 0 0 0 0 0 0 0 0 0 0 1 0 0 1 0 0 0 0 0 0 0 0 0 0 0 0 0 0 0 0 0 0 0 0 0 0 0 0 0 0 0 0 0 0 0 0 0 0 0 1 0 0 0 0
"bread" 0 0 0 1 0 0 0 0 0 0 0 0 0 0 0 0 0 0 0 1 0 0 0 0 0 0 0 0 0 0 0 0 0 0 0 0 0 0 0 0 0 0 0 0 0 0 0 0 0 0 0 0 0 0 0 0 0 0 0 0
"sword" 0 0 0 1 0 0 1 0 0 0 0 0 0 1 1 0 0 1 0 1 0 0 0 0 0 0 0 0 0 0 0 0 0 0 2 0 0 0 0 0 0 0 0 0 0 0 0 0 0 0 0 0 0 0 0 0 1 0 0 0
"correspond" 0 0 0 0 1 1 1 0 3 0 0 0 0 0 0 0 0 1 0 1 0 0 0 0 0 0 0 1 0 0 0 0 0 0 0 0 0 0 0 0 0 0 0 0 0 0 0 0 0 0 0 0 0 0 0 0 0 0 0 0
"dread" 0 0 0 0 1 0 0 1 1 0 0 0 1 1 0 0 0 1 0 1 0 0 0 0 0 0 0 0 0 0 0 0 0 0 0 0 0 0 0 0 0 1 1 0 0 0 0 0 0 0 0 0 0 0 0 0 0 0 0 0
"urgent" 0 0 0 0 1 0 0 0 0 0 0 0 0 0 0 0 1 0 0 1 0 0 0 1 0 0 0 0 0 0 0 0 0 0 0 0 0 0 0 0 0 0 0 0 0 2 0 0 0 0 0 1 0 0 1 0 0 0 0 0
"fulli" 0 0 0 0 1 0 0 0 1 0 0 0 1 1 0 0 0 0 1 1 1 0 3 0 0 2 1 1 1 0 1 0 0 0 3 2 0 0 0 0 0 0 0 0 0 1 0 0 0 0 0 0 0 0 0 0 0 0 0 0
"sought" 0 0 0 0 1 0 0 0 0 0 0 0 0 1 0 0 2 0 0 1 0 0 0 0 0 1 0 0 0 0 1 0 1 1 0 0 0 0 1 0 1 0 0 1 0 0 0 0 0 0 0 0 1 0 0 0 0 0 1 0
"face" 0 0 0 0 0 1 0 0 0 0 0 0 0 0 0 0 0 0 2 1 0 0 0 1 0 0 0 1 1 4 2 1 1 3 1 0 7 1 1 0 2 1 0 0 0 0 2 0 2 1 2 3 3 0 2 4 2 2 4 2
"second" 0 0 0 0 0 0 1 0 0 1 0 0 0 4 0 0 0 0 0 1 0 1 0 0 0 3 0 0 1 0 0 1 0 0 0 0 0 0 0 0 1 0 0 0 1 1 0 0 0 0 1 0 0 0 1 0 0 0 0 0
"thousand" 0 0 0 0 0 0 1 1 0 2 0 0 1 2 0 0 0 0 0 1 0 0 0 0 0 0 0 1 1 0 0 0 0 0 0 2 1 0 0 0 0 0 0 0 0 1 0 0 2 0 2 0 1 0 0 0 0 0 2 1
"finish" 0 0 0 0 0 0 1 1 0 0 0 0 0 0 0 0 0 0 0 1 0 0 0 0 0 0 0 0 0 0 0 0 0 0 0 0 0 0 0 0 0 0 0 2 1 0 0 0 0 0 0 0 0 1 0 0 0 0 0 0
"knew" 0 0 0 0 0 0 1 0 0 0 0 0 0 1 0 0 0 0 0 1 0 0 0 0 0 0 0 0 0 0 0 0 1 0 0 0 0 1 0 0 0 0 0 0 0 0 0 0 0 1 0 1 0 0 0 1 0 0 0 0
"triumph" 0 0 0 0 0 0 1 0 0 0 0 0 0 0 1 0 1 0 0 1 0 0 0 1 1 0 0 2 1 0 0 1 0 2 0 0 0 0 0 0 0 0 0 0 0 1 0 1 0 0 1 1 1 0 2 0 0 2 1 1
"known" 0 0 0 0 0 0 0 1 2 1 0 0 2 1 1 1 1 1 1 1 0 0 1 1 1 0 0 0 0 0 1 0 2 0 0 0 0 1 0 0 0 1 2 0 0 0 1 0 0 0 0 0 0 0 1 0 0 0 0 0
"satisfactori" 0 0 0 0 0 0 0 1 2 0 0 0 0 0 0 0 0 0 1 1 0 0 1 1 0 0 0 0 0 0 1 0 0 0 0 0 0 0 0 0 0 0 0 0 0 0 0 0 0 0 0 0 0 0 0 0 0 0 0 0
"north" 0 0 0 0 0 0 0 1 0 0 0 0 0 0 0 0 1 2 1 1 0 0 2 2 0 0 0 1 0 0 1 0 0 0 0 0 0 0 0 0 2 0 1 1 0 0 0 0 0 0 0 0 0 0 0 0 0 0 0 1
"save" 0 0 0 0 0 0 0 1 1 0 0 0 1 0 1 0 0 0 0 1 0 0 1 1 0 0 1 0 1 0 5 0 0 0 5 0 1 1 1 0 1 1 0 1 0 0 0 0 1 2 0 0 2 0 1 0 0 0 0 3
"bind" 0 0 0 0 0 0 0 1 0 1 0 0 1 1 1 0 0 1 1 1 0 0 0 1 0 0 0 1 0 0 0 0 0 1 0 0 1 0 0 0 0 1 1 0 1 0 0 0 0 0 1 0 1 0 0 1 1 0 0 0
"agent" 0 0 0 0 0 0 0 1 0 0 0 0 0 2 0 0 2 1 0 1 0 0 0 0 0 0 1 2 0 0 1 0 0 0 0 0 0 0 0 0 0 0 0 0 0 0 0 0 0 0 0 0 0 0 1 0 0 0 0 0
"prayer" 0 0 0 0 0 0 0 1 1 0 0 1 1 0 0 0 0 0 0 1 1 0 0 0 1 0 0 1 1 0 0 0 0 1 0 0 0 0 0 0 1 2 2 0 0 0 1 0 2 4 1 0 0 1 0 0 0 0 4 0
"south" 0 0 0 0 0 0 0 0 1 0 0 0 0 0 0 0 1 2 1 1 0 0 3 4 0 3 0 1 0 0 12 0 0 0 0 0 0 0 0 0 0 0 1 2 0 0 0 0 0 0 0 0 0 0 0 0 0 0 0 0
"accept" 0 0 0 0 0 0 0 0 1 0 0 0 0 1 0 1 0 1 2 1 1 2 6 1 0 4 1 3 0 0 0 0 0 2 2 4 0 1 0 0 2 1 1 0 0 0 1 0 1 0 1 0 0 1 4 1 0 1 0 0
"expir" 0 0 0 0 0 0 0 0 2 0 0 0 0 0 0 0 0 0 0 1 0 0 0 0 0 0 0 0 0 0 0 0 0 0 0 0 0 0 0 0 0 0 0 0 0 0 0 0 0 0 0 0 0 0 0 0 0 0 0 0
"avert" 0 0 0 0 0 0 0 0 1 0 0 0 1 0 0 0 0 0 0 1 0 0 0 0 0 0 1 0 1 0 0 0 0 0 0 0 0 0 0 0 0 0 0 0 0 0 0 0 0 0 0 0 0 0 0 0 0 0 0 0
"distribut" 0 0 0 0 0 0 0 0 0 1 0 0 0 2 2 0 1 0 0 1 0 0 0 0 0 0 1 0 0 0 1 0 0 3 0 0 0 0 0 0 0 0 0 0 0 0 0 0 0 0 0 0 0 0 0 0 0 0 0 0
"forth" 0 0 0 0 0 0 0 0 0 1 0 1 0 1 0 0 0 1 0 1 0 0 1 0 0 0 0 0 1 0 0 0 2 0 1 0 0 0 1 0 0 0 0 2 1 0 0 1 0 0 0 2 1 0 0 2 0 0 0 0
"mighti" 0 0 0 0 0 0 0 0 0 1 0 0 0 0 0 0 0 1 0 1 0 0 0 0 0 0 0 0 2 2 0 0 0 0 0 1 0 0 0 1 0 0 1 0 1 0 0 0 0 1 0 0 1 0 0 0 0 0 0 1
"surviv" 0 0 0 0 0 0 0 0 0 2 0 0 0 0 0 0 0 0 0 1 0 0 0 0 0 0 0 0 0 0 0 0 0 1 1 0 0 0 1 0 1 0 1 1 0 0 0 0 0 0 0 0 0 0 1 1 1 0 1 0
"inaugur" 0 0 0 0 0 0 0 0 0 1 0 0 0 0 0 0 0 0 1 1 0 0 1 0 0 1 0 1 0 0 1 0 0 1 0 0 0 1 2 1 0 0 0 0 0 0 0 2 1 0 1 0 1 1 0 0 1 0 1 0
"lord" 0 0 0 0 0 0 0 0 0 1 0 0 0 0 0 0 0 0 0 1 0 0 0 0 0 0 0 1 0 0 0 0 0 1 0 0 0 0 0 0 0 0 0 0 0 0 0 1 0 0 1 0 0 0 0 0 0 0 0 0
"somewhat" 0 0 0 0 0 0 0 0 0 0 0 1 1 0 0 0 0 0 0 1 0 0 0 0 0 0 0 0 0 0 0 0 0 0 0 0 0 0 0 0 0 0 0 0 0 0 0 0 0 0 0 0 0 0 0 0 0 0 0 0
"achiev" 0 0 0 0 0 0 0 0 0 0 0 1 1 0 1 0 1 0 0 1 0 0 0 0 1 2 2 1 1 1 0 1 0 1 0 0 1 2 1 3 6 2 0 0 2 4 0 0 2 1 0 0 2 1 3 1 0 0 0 1
"born" 0 0 0 0 0 0 0 0 0 0 0 1 1 0 0 0 1 0 1 1 0 0 0 1 1 0 0 0 0 0 0 0 0 0 0 1 0 0 1 0 0 1 2 1 0 2 1 0 1 0 1 1 1 1 0 2 1 2 0 0
"fifti" 0 0 0 0 0 0 0 0 0 0 0 0 1 1 0 0 0 0 0 1 0 0 0 1 0 0 0 0 0 0 1 1 0 0 0 0 0 0 0 0 0 0 0 0 0 0 0 0 0 0 0 0 0 0 0 0 0 0 0 0
"predict" 0 0 0 0 0 0 0 0 0 0 0 0 1 2 0 0 0 0 0 1 0 0 0 0 0 0 0 0 0 0 0 0 0 0 0 0 0 0 1 0 0 0 0 0 0 0 0 0 0 0 0 0 0 0 0 0 0 0 0 0
"pay" 0 0 0 0 1 0 0 0 0 0 0 0 1 0 2 0 0 0 0 0 6 1 0 1 0 0 0 3 1 1 2 0 0 0 1 1 1 1 0 0 0 0 2 1 0 0 0 0 2 1 0 0 0 0 0 0 0 0 0 1
"dollar" 0 0 0 0 0 0 0 0 0 0 0 0 0 0 0 0 0 0 0 0 5 0 0 1 0 0 0 0 0 0 0 0 0 0 2 0 0 0 0 0 0 0 0 0 0 0 0 0 0 0 0 0 0 0 0 1 0 1 0 0
"deal" 0 0 0 0 0 0 0 0 0 0 0 0 1 0 0 0 0 0 0 0 4 0 0 0 0 0 2 0 1 0 0 1 1 0 2 2 0 1 0 0 0 1 1 0 0 0 0 0 0 0 0 0 0 1 0 0 0 0 1 2
"payment" 0 0 0 1 0 0 0 0 1 0 0 0 0 0 1 0 0 0 0 0 3 0 1 1 0 0 0 0 0 0 0 0 0 0 0 0 0 0 0 0 0 0 0 0 0 0 0 0 0 0 0 0 0 0 0 0 0 0 0 0
"twenty-f" 0 0 0 0 0 0 0 0 1 0 0 0 0 0 0 0 0 0 0 0 3 0 0 1 0 0 0 0 0 0 1 0 0 0 0 0 0 0 0 0 0 0 0 0 0 0 0 0 0 0 0 0 0 0 0 0 0 0 0 0
"ultim" 0 0 0 0 0 0 0 0 0 1 0 0 2 3 0 0 0 0 2 0 3 0 0 0 1 0 0 1 0 0 1 0 0 0 0 0 0 0 0 0 0 0 0 0 0 0 0 1 0 1 0 0 0 0 1 1 1 0 0 0
"speci" 0 0 0 0 0 0 0 0 0 0 0 0 0 2 0 0 0 0 0 0 3 1 1 1 0 0 0 0 0 0 0 0 0 0 1 0 0 0 0 0 0 0 0 0 0 0 0 0 0 0 0 0 0 0 0 0 0 0 0 0
"effort" 0 0 1 1 1 0 0 2 2 1 0 1 1 1 0 1 1 0 1 0 2 5 5 1 3 0 3 1 3 1 4 1 0 0 7 1 6 1 0 0 8 2 0 2 0 1 1 1 1 2 0 0 2 1 2 1 3 1 0 1
"taken" 0 0 0 0 0 0 1 0 1 0 0 0 0 0 2 1 0 0 1 0 2 1 0 0 0 4 0 2 0 0 5 1 1 1 2 0 1 0 1 1 0 0 1 0 1 2 0 1 2 0 3 0 0 0 0 2 1 0 2 2
"emerg" 0 0 0 0 0 0 0 2 1 0 0 0 2 0 0 0 1 0 0 0 2 0 1 1 0 0 0 2 0 0 2 0 0 1 0 1 4 0 0 0 0 1 0 0 0 0 0 0 0 0 0 0 0 0 1 1 0 0 0 3
"advis" 0 0 0 0 0 0 0 0 1 0 0 0 0 0 0 0 0 0 0 0 2 0 0 0 0 0 0 0 2 0 1 0 0 0 0 0 0 0 0 0 0 0 0 0 0 0 0 0 0 0 0 0 0 0 0 0 0 0 0 0
"oppos" 0 0 0 0 0 0 0 0 0 0 0 0 0 1 2 0 0 0 1 0 2 0 1 1 0 1 1 1 0 0 1 0 0 0 2 1 0 0 0 0 3 1 0 2 0 1 0 0 0 0 0 0 0 0 0 0 0 0 0 0
"henc" 0 0 0 0 0 0 0 0 0 0 0 0 0 0 0 0 1 0 1 0 2 0 0 2 0 0 0 0 0 0 1 0 0 0 0 0 0 0 0 0 0 0 0 0 0 0 0 0 0 0 0 0 0 0 0 0 1 0 0 0
"method" 0 0 0 0 0 0 0 0 0 0 0 0 0 0 0 0 0 0 0 0 2 2 0 0 1 9 1 2 2 0 4 0 0 1 5 2 0 2 0 0 0 1 0 0 0 0 0 0 0 0 0 0 0 0 0 0 0 0 0 0
"resum" 0 0 0 0 0 0 0 0 0 0 0 0 0 0 0 0 0 0 0 0 2 0 0 0 0 0 0 1 0 0 0 0 0 1 0 0 0 0 0 0 1 0 0 0 0 0 0 0 0 0 0 0 0 0 0 0 0 0 0 0
"join" 1 0 0 0 1 0 0 0 0 0 0 0 0 0 0 0 0 0 0 0 1 0 0 1 0 0 0 0 0 0 0 0 0 1 0 0 0 0 1 0 1 3 1 3 1 2 0 2 0 1 0 1 1 0 0 2 0 1 3 0
"urg" 1 0 0 0 0 0 0 0 2 1 0 0 0 0 1 0 0 0 0 0 1 0 1 1 0 2 0 1 0 0 3 0 0 0 1 1 1 0 0 0 0 0 0 0 0 0 0 2 0 0 0 0 0 0 0 0 0 0 0 0
"forg" 0 0 1 0 0 0 0 0 0 0 0 0 0 0 0 0 0 0 0 0 1 0 0 0 0 0 0 0 0 0 0 0 1 0 0 0 0 0 0 0 0 0 0 1 0 0 0 0 0 1 0 0 1 0 0 1 0 0 0 2
"credit" 0 0 1 0 0 0 0 1 0 0 0 0 0 3 1 0 0 0 0 0 1 2 0 1 0 1 1 5 1 0 1 2 0 3 1 0 2 0 0 0 0 0 0 0 0 0 0 0 0 0 0 0 0 0 1 0 0 0 0 0
"plan" 0 0 1 0 0 1 0 0 2 0 0 0 0 1 0 0 0 0 0 0 1 0 0 1 0 1 1 0 0 0 3 2 0 3 1 0 1 0 0 0 3 0 0 1 0 1 0 0 0 0 0 0 1 1 0 1 0 0 0 0
"insur" 0 0 1 0 0 0 0 0 0 1 1 0 0 1 0 1 0 0 0 0 1 0 0 0 0 0 0 2 1 0 0 0 0 0 0 0 0 0 0 0 0 0 0 0 0 0 1 0 0 0 0 0 0 0 1 0 0 0 0 0
"ten" 0 0 1 0 0 0 0 0 1 1 0 0 0 0 0 0 0 0 0 0 1 0 0 0 0 0 0 0 0 0 0 0 0 0 0 0 0 1 1 0 0 0 0 0 0 0 0 0 1 2 1 0 1 0 1 0 0 1 0 0
"ad" 0 0 1 0 0 0 0 0 1 0 0 0 0 1 1 0 0 0 0 0 1 0 0 3 0 3 0 0 1 0 0 0 0 2 0 0 0 0 0 0 0 0 0 0 1 0 0 0 0 0 0 0 0 0 0 0 0 0 0 0
"rich" 0 0 1 1 0 1 0 0 0 0 0 0 1 1 0 0 1 1 0 0 1 0 0 0 0 1 0 0 0 0 0 2 0 0 1 1 0 0 0 0 0 0 0 1 1 2 0 1 0 3 1 0 1 0 0 1 0 1 0 2
"restor" 0 0 0 1 0 0 0 0 0 0 0 0 0 3 1 0 0 1 1 0 1 4 1 1 0 0 0 5 2 0 1 3 0 3 0 0 5 1 0 0 1 0 1 0 0 0 1 0 1 2 0 0 0 0 0 2 0 1 2 7
"transit" 0 0 0 0 0 1 0 0 0 0 0 0 0 0 0 0 0 0 0 0 0 3 0 0 0 0 0 0 0 0 0 0 0 0 0 0 0 0 0 0 0 0 0 0 0 0 0 0 1 0 0 0 0 0 0 1 1 1 0 0
"santo" 0 0 0 0 0 0 0 0 0 0 0 0 0 0 0 0 0 0 0 0 0 3 0 0 0 0 0 0 0 0 0 0 0 0 0 0 0 0 0 0 0 0 0 0 0 0 0 0 0 0 0 0 0 0 0 0 0 0 0 0
"domingo" 0 0 0 0 0 0 0 0 0 0 0 0 0 0 0 0 0 0 0 0 0 3 0 0 0 0 0 0 0 0 0 0 0 0 0 0 0 0 0 0 0 0 0 0 0 0 0 0 0 0 0 0 0 0 0 0 0 0 0 0
"rapid" 0 0 0 1 0 0 1 1 0 0 0 0 2 1 0 0 0 1 0 0 0 2 0 2 0 2 0 1 0 0 2 0 0 0 0 0 0 0 0 0 0 0 0 0 1 0 0 0 0 0 0 0 0 0 0 0 0 0 0 2
"social" 0 0 0 1 0 0 0 1 0 2 0 0 2 0 0 0 0 0 0 0 0 2 2 1 0 3 0 0 0 1 0 1 1 4 1 2 1 1 0 0 2 0 0 0 0 0 0 0 1 2 0 0 0 1 1 0 1 0 0 2
"extermin" 0 0 0 1 0 0 0 0 0 0 0 0 0 0 0 0 0 0 0 0 0 2 0 0 0 0 0 0 0 0 0 0 0 0 0 0 0 0 0 0 0 0 0 0 0 0 0 0 0 0 0 0 0 0 0 0 0 0 0 0
"acquisit" 0 0 0 1 1 0 0 0 1 0 0 0 0 0 1 0 2 2 0 0 0 2 0 0 0 0 0 0 0 0 0 0 0 0 0 0 0 0 0 0 0 0 0 0 0 0 0 0 0 0 0 0 0 0 0 0 0 0 0 0
"scarc" 0 0 0 0 1 0 1 1 1 0 0 0 2 2 0 0 0 1 1 0 0 2 0 0 0 1 0 0 0 0 0 0 0 0 0 0 0 0 0 0 0 0 0 0 0 0 0 0 0 0 0 0 0 0 0 1 0 0 0 0
"educ" 0 0 0 0 1 0 0 1 1 0 0 0 0 0 0 0 0 0 1 0 0 2 1 2 1 5 1 1 0 0 2 0 0 1 1 7 0 1 0 0 0 0 1 0 0 2 1 0 1 0 1 0 3 0 0 0 0 1 0 1
"communic" 0 0 0 0 0 0 0 1 1 0 1 1 0 2 1 0 0 0 0 0 0 2 0 0 0 1 0 0 1 0 0 0 0 0 0 0 1 0 0 0 0 0 0 0 0 1 0 0 0 0 0 1 0 0 0 0 0 0 0 0
"indian" 0 0 0 0 0 0 0 1 2 1 1 0 0 0 1 0 0 0 0 0 1 2 0 0 1 0 1 0 0 0 0 0 0 0 0 0 0 0 0 0 0 0 0 0 0 0 0 0 0 0 0 0 0 0 0 0 0 0 0 0
"contin" 0 0 0 0 0 0 0 0 1 1 0 0 0 0 0 0 1 0 0 0 0 2 0 1 1 0 0 0 0 2 1 0 1 2 1 0 0 1 3 0 1 2 2 0 1 0 0 0 0 0 0 1 1 1 0 0 0 0 0 1
"treatment" 0 0 0 0 0 0 0 0 0 0 0 0 0 0 0 0 0 0 0 0 1 2 0 0 0 1 0 0 0 0 0 0 0 0 0 0 0 0 0 0 0 0 0 0 0 0 0 1 0 0 0 0 0 0 1 0 0 0 0 0
"telegraph" 0 0 0 0 0 0 0 0 0 0 0 0 0 0 0 0 0 0 0 0 0 2 0 0 0 0 0 0 0 0 0 0 0 0 0 0 0 0 0 0 0 0 0 0 0 0 0 0 0 0 0 0 0 0 0 0 0 0 0 0
"steam" 0 0 0 0 0 0 0 0 0 0 0 0 0 0 0 0 0 0 0 0 0 2 0 0 0 0 0 0 0 0 0 0 0 0 0 0 0 0 0 0 0 0 0 0 0 0 0 0 0 0 0 0 0 0 0 0 0 0 0 0
"tender" 1 0 0 0 0 0 0 0 0 0 0 0 0 1 0 0 0 0 0 0 0 1 0 1 0 0 0 0 0 0 0 0 0 0 0 0 0 0 0 0 0 0 0 0 0 0 0 0 0 1 0 0 0 0 0 0 0 0 0 0
"assemblag" 1 0 0 0 0 0 0 0 0 0 0 0 0 0 0 0 0 0 0 0 0 1 0 0 1 0 0 0 0 0 0 0 0 0 0 0 0 0 0 0 0 0 0 0 0 0 0 0 0 0 0 0 0 0 0 0 0 0 0 0
"fire" 1 0 0 0 0 0 0 0 0 0 0 0 0 0 1 0 0 0 0 0 0 1 0 1 0 1 0 0 0 0 1 0 1 0 0 0 0 0 2 0 0 1 1 1 0 0 0 0 1 0 0 0 0 0 4 0 1 0 1 1
"pursuit" 1 0 0 1 1 0 0 0 0 0 0 0 1 0 1 0 2 0 0 0 0 1 0 0 0 1 0 0 1 0 1 0 0 1 0 0 0 1 0 0 1 0 0 0 1 0 0 0 0 0 0 1 0 0 0 0 2 0 0 1
"behalf" 0 0 0 0 0 1 0 0 0 0 0 0 0 0 0 0 0 0 0 0 1 0 5 0 0 0 0 1 0 0 0 0 0 0 0 0 0 0 0 0 0 0 0 0 0 0 0 0 0 0 1 1 0 0 0 0 1 0 0 0
"necess" 0 0 1 0 1 0 1 1 0 0 0 1 0 2 2 0 2 0 1 0 0 0 4 2 1 4 2 4 1 0 3 1 2 3 1 1 1 1 0 0 0 1 0 0 0 0 1 0 0 0 0 0 0 0 0 1 0 0 0 0
"disput" 0 0 0 0 0 0 0 0 1 0 0 0 1 4 0 1 0 1 2 0 0 0 4 0 0 0 0 1 0 0 2 0 0 0 2 0 0 0 0 0 1 0 0 0 0 0 0 0 0 0 0 0 0 0 0 0 0 0 0 0
"self-govern" 0 0 0 0 0 0 0 1 1 0 0 0 1 0 2 0 0 1 0 0 0 0 3 3 1 0 0 0 1 2 0 0 0 0 0 6 0 1 0 0 2 0 0 0 1 0 0 0 0 2 0 0 0 0 2 0 0 0 0 0
"tribun" 0 0 0 0 0 0 0 0 1 0 0 0 1 0 1 1 2 0 2 0 0 0 3 0 0 0 0 0 0 0 1 0 0 0 1 2 0 0 0 0 0 0 0 0 0 0 0 0 0 0 0 0 0 0 0 0 0 0 0 0
"adjust" 0 0 0 0 0 0 0 0 1 0 1 0 0 0 3 0 0 2 1 0 0 0 3 1 1 3 1 2 1 0 1 0 0 1 1 0 0 0 0 0 0 0 0 0 0 0 0 1 0 0 0 0 0 0 0 0 0 0 0 0
"conclus" 0 0 0 0 0 0 0 0 2 0 0 0 1 0 0 1 0 1 1 0 1 0 3 0 0 1 0 1 0 0 0 0 0 0 0 1 0 0 0 0 0 0 0 0 0 0 0 0 0 0 0 0 0 0 1 0 0 0 0 0
"vari" 0 0 0 0 0 0 0 0 0 0 0 0 1 1 0 0 0 0 0 0 0 0 3 0 0 0 0 1 0 0 0 0 0 1 0 0 0 0 0 0 0 1 0 0 0 0 0 0 0 0 0 0 0 0 1 0 0 0 0 0
"presidenti" 0 0 0 0 0 0 0 0 0 0 0 0 1 0 0 0 0 1 0 1 0 1 3 0 0 1 0 0 0 0 0 0 0 0 0 0 0 0 0 0 0 0 0 0 0 0 0 0 0 1 0 0 1 0 0 1 0 0 0 1
"currenc" 0 0 0 0 0 0 0 0 0 0 0 0 0 4 0 0 0 0 0 0 0 1 3 2 0 0 1 4 1 0 4 1 0 1 0 0 1 0 0 0 0 0 0 0 0 0 0 0 0 0 0 0 0 0 0 0 0 0 0 0
"partisan" 0 0 0 0 0 0 0 0 0 0 0 0 0 0 0 0 1 0 0 0 0 0 3 0 5 1 1 2 0 0 0 1 0 0 0 0 0 0 0 0 0 0 0 0 0 0 0 0 0 0 1 0 0 0 0 0 0 0 0 0
"emancip" 0 0 0 0 0 0 0 0 0 0 0 0 0 0 0 0 0 0 0 0 0 0 3 1 0 2 0 0 1 0 0 0 0 0 0 0 0 0 0 0 0 0 0 0 0 0 0 0 0 1 0 0 0 0 0 0 0 0 1 0
"foundat" 1 0 0 0 1 0 0 0 0 0 0 0 1 1 0 0 1 0 0 0 0 0 2 3 0 0 0 1 2 2 1 1 0 2 1 2 0 1 0 0 0 0 0 0 0 0 0 0 0 0 0 1 0 0 0 1 0 0 1 0
"uncertainti" 0 0 1 0 0 0 0 0 0 0 0 0 0 0 0 0 0 0 0 0 0 0 2 0 0 0 0 1 0 0 0 0 0 0 0 0 0 0 0 0 1 0 0 0 0 0 0 0 0 0 0 0 0 0 0 0 0 0 0 0
"letter" 0 0 1 0 0 0 0 0 0 0 0 0 1 1 0 0 0 0 0 0 0 0 2 0 0 0 0 0 0 0 0 0 0 0 0 0 0 0 0 0 0 0 0 0 0 0 0 0 0 2 0 0 0 0 0 0 0 0 0 0
"otherwis" 0 0 1 1 0 0 0 0 0 0 0 0 0 0 1 0 0 0 0 0 1 0 2 0 0 1 0 1 0 0 1 0 0 0 0 0 0 0 0 0 0 0 0 0 0 0 0 0 0 0 0 0 0 0 0 0 0 0 0 0
"suprem" 0 0 1 0 0 0 0 0 1 0 0 0 0 0 0 0 0 1 2 0 0 0 2 5 1 1 1 0 0 0 0 0 0 6 1 0 0 0 0 1 1 2 0 0 0 0 0 0 0 0 0 0 0 0 0 0 0 0 0 1
"announc" 0 0 0 1 0 0 0 0 1 0 0 0 0 0 1 0 1 0 0 0 0 0 2 0 0 0 1 0 1 0 0 0 0 0 0 0 0 0 0 0 0 0 0 0 0 0 0 0 0 0 0 0 0 0 0 0 0 0 0 0
"close" 0 0 0 1 0 0 0 1 0 1 0 0 0 0 0 0 0 1 1 0 0 1 2 2 2 0 1 1 2 0 1 0 0 0 0 0 0 0 0 0 0 1 0 0 1 1 0 1 0 1 1 0 1 0 0 0 0 1 2 1
"negro" 0 0 0 0 0 0 0 0 0 0 0 0 0 0 0 0 0 0 0 0 0 0 0 5 0 0 0 0 0 0 13 0 0 0 0 0 0 0 0 0 0 0 0 0 0 0 0 0 0 0 0 0 0 0 0 0 0 0 0 0
"prevent" 0 0 0 0 0 0 0 0 2 0 0 0 2 3 1 0 1 0 2 0 0 0 0 4 1 1 1 2 0 0 8 0 1 1 0 2 1 0 0 0 0 0 0 1 0 0 0 0 0 0 0 0 0 1 0 0 0 0 0 0
"centuri" 0 0 0 0 0 0 0 0 0 0 0 0 1 1 1 0 1 0 0 0 0 0 0 4 1 4 0 0 1 2 1 0 0 0 0 0 0 3 1 1 1 3 0 2 1 5 3 1 1 3 2 2 21 2 3 0 1 0 4 0
"voter" 0 0 0 0 0 0 0 0 0 0 0 0 0 0 0 0 0 0 0 0 0 0 0 4 1 0 1 0 0 0 0 0 0 0 0 0 0 0 0 0 0 0 0 0 0 0 0 0 0 0 0 0 0 0 0 0 0 0 0 0
"note" 0 0 0 0 1 0 0 0 0 0 0 0 0 0 0 0 0 0 0 0 0 0 0 3 0 1 0 0 0 0 1 0 0 1 0 0 0 0 0 0 0 0 0 0 0 0 0 0 0 0 0 0 0 0 0 0 0 0 0 0
"growth" 0 0 0 0 0 1 0 1 0 0 0 0 0 1 0 0 1 1 0 0 0 0 0 3 0 2 1 0 0 2 1 0 0 0 0 3 0 0 0 0 1 0 1 0 1 1 0 0 2 3 0 0 0 0 1 1 0 0 0 0
"metal" 0 0 0 0 0 0 1 0 0 0 0 0 0 3 0 0 0 0 0 0 1 0 0 3 0 0 0 1 0 0 0 0 0 0 0 0 0 0 0 0 0 0 0 0 0 0 0 0 0 0 0 0 0 0 0 0 0 0 0 0
"benefic" 0 0 0 0 0 0 0 1 0 2 0 0 1 1 0 0 1 0 0 0 0 0 2 3 0 1 2 1 0 0 0 0 0 0 0 0 0 0 0 0 0 0 0 0 0 0 0 0 0 0 0 0 0 0 0 0 0 0 0 0
"prohibit" 0 0 0 0 0 0 0 0 1 0 0 0 0 1 1 0 0 0 2 0 0 0 0 3 1 0 0 0 0 0 3 0 0 0 0 0 0 0 0 0 0 0 0 0 0 0 0 0 0 0 0 0 0 0 0 0 0 0 0 0
"commerci" 0 0 0 0 0 0 0 0 1 0 0 0 1 0 0 0 0 1 0 0 0 0 1 3 0 5 0 2 1 0 0 0 0 2 0 0 0 0 0 0 0 0 0 0 0 0 0 0 0 0 0 0 0 0 0 0 0 0 0 0
"incumb" 0 0 0 0 0 0 0 0 2 0 0 0 0 0 0 0 0 0 0 0 0 0 0 3 0 1 0 0 0 0 0 0 0 0 0 0 0 0 0 0 0 0 0 0 0 0 0 0 0 0 0 0 0 0 0 0 0 0 0 0
"promis" 0 0 0 0 0 0 0 0 0 2 0 0 1 3 0 0 0 0 0 0 0 1 0 3 1 2 3 1 1 0 7 0 0 0 2 0 0 1 0 0 0 1 1 0 3 4 4 0 0 0 1 1 11 5 2 3 2 1 1 2
"alleg" 0 0 0 0 0 0 0 0 0 0 0 0 1 2 0 0 0 0 0 0 0 0 0 3 0 0 0 0 0 0 0 0 0 0 0 0 0 0 0 0 0 0 0 0 0 0 0 0 0 0 0 0 0 0 0 0 0 0 0 0
"coin" 0 0 0 0 0 0 0 0 0 0 0 0 0 0 0 0 0 0 0 0 0 0 2 3 0 1 0 2 0 0 0 0 0 0 0 0 0 0 0 0 0 0 0 0 0 0 0 0 0 0 0 0 0 0 0 0 0 0 0 0
"ballot" 0 0 0 0 0 0 0 0 0 0 0 0 0 0 0 0 0 0 0 0 0 0 0 3 0 6 0 0 0 0 0 0 0 0 0 0 0 0 0 0 0 0 0 0 0 0 0 0 0 0 0 0 0 0 0 0 0 0 0 0
"discuss" 0 0 1 1 1 1 0 0 0 1 0 0 1 0 0 0 2 0 1 0 0 0 1 2 1 1 0 1 0 0 3 0 0 1 0 1 0 0 0 0 0 0 0 0 0 0 0 0 0 1 0 0 0 0 0 0 0 0 0 0
"vote" 0 0 1 0 0 0 0 0 0 0 0 0 0 3 0 0 0 1 0 0 0 0 1 2 0 1 0 2 0 0 4 0 0 0 0 0 0 0 0 0 0 0 0 1 0 0 0 0 0 0 0 1 0 0 0 0 2 0 1 4
"fruit" 0 0 1 1 0 1 0 1 0 1 0 0 2 1 1 0 0 0 0 0 0 0 0 2 0 0 0 0 0 0 0 0 1 0 0 1 0 0 1 0 0 0 0 1 1 0 0 0 0 0 0 0 0 0 0 0 0 0 0 0
"successor" 0 0 1 0 0 0 0 1 0 1 0 0 0 0 0 0 0 0 1 0 0 0 0 2 0 0 0 0 1 0 0 0 0 1 0 0 0 0 0 0 0 0 0 0 0 0 0 0 0 0 0 0 0 0 0 0 0 0 0 0
"sanction" 0 0 1 0 0 1 0 1 1 1 0 0 1 2 1 0 0 1 0 0 0 0 1 2 1 0 1 0 1 0 0 0 0 2 2 0 0 0 0 0 0 0 0 0 0 0 0 0 0 0 0 0 0 0 0 0 0 0 0 0
"fix" 0 0 1 0 0 0 0 0 1 0 0 1 1 0 0 1 0 0 2 0 0 1 0 2 0 0 1 0 0 1 4 0 0 0 1 0 0 0 0 0 0 1 1 0 0 0 0 0 0 0 0 0 0 0 0 1 0 0 0 0
"capit" 0 0 0 0 0 0 0 2 0 0 0 0 0 1 0 0 0 0 0 0 0 0 0 1 3 2 0 1 0 0 4 1 0 0 0 0 0 0 1 0 2 2 0 0 0 1 0 0 0 0 0 0 0 0 0 2 0 3 0 0
"applic" 0 0 0 0 0 0 0 1 0 2 0 0 0 1 1 0 0 0 1 0 0 0 0 0 3 3 0 2 0 0 1 0 0 0 0 0 0 0 0 0 1 0 0 0 0 0 0 0 0 0 0 0 0 0 0 0 0 0 0 0
"strife" 0 0 0 0 0 0 0 0 0 1 0 0 0 0 0 0 0 0 0 0 0 1 0 1 3 0 1 0 0 0 0 0 0 0 0 0 2 0 0 0 0 0 0 0 1 0 0 0 0 0 0 0 0 0 0 0 0 0 1 0
"busi" 0 0 0 0 0 0 0 0 0 0 0 0 0 1 0 0 0 0 0 0 1 0 0 2 3 2 3 8 2 0 22 2 0 5 2 6 1 0 0 0 1 0 0 0 0 0 0 0 1 0 0 1 0 0 1 2 1 0 1 0
"extravag" 0 0 0 0 0 0 0 0 0 0 0 0 0 0 0 0 0 1 0 0 0 0 0 0 3 0 1 2 1 0 0 0 0 0 2 0 0 0 0 0 0 0 0 0 0 0 0 0 0 0 0 0 0 0 0 0 0 0 0 0
"exact" 0 0 0 1 0 0 0 0 0 1 0 1 1 0 2 0 0 0 1 0 0 0 0 1 2 1 3 0 0 1 0 0 0 0 0 0 0 0 0 0 0 0 0 0 0 0 0 0 0 0 0 0 0 0 0 0 1 0 0 1
"reliev" 0 0 0 1 0 0 0 0 1 0 0 0 0 0 0 0 0 0 0 0 0 0 0 0 2 0 1 2 0 0 0 0 0 2 0 0 0 0 0 0 1 0 0 0 0 0 0 0 0 0 0 0 0 0 0 0 0 0 0 0
"succeed" 0 0 0 0 0 0 0 0 1 1 0 0 1 0 0 0 0 0 0 0 0 0 0 0 2 0 1 0 0 0 0 1 1 0 0 2 0 0 0 0 0 0 0 0 1 1 0 0 0 0 1 0 2 0 0 0 2 0 0 0
"amiti" 0 0 0 0 0 0 0 0 2 1 0 0 0 0 0 0 1 0 0 0 0 0 0 0 2 0 0 1 0 0 0 0 0 0 2 0 0 0 0 0 0 0 0 0 0 0 0 0 0 0 0 0 0 0 0 0 0 0 0 0
"concess" 0 0 0 0 0 0 0 0 0 0 0 1 2 0 2 0 1 0 0 0 0 0 0 0 2 2 2 1 0 0 1 0 0 0 0 0 0 0 0 0 0 0 0 0 0 0 0 0 0 0 0 0 0 0 1 0 0 0 0 0
"owe" 0 0 0 0 0 0 0 0 0 0 0 0 0 1 0 0 0 1 0 0 0 0 2 0 2 1 0 0 0 0 0 0 0 0 0 0 0 0 0 0 0 0 0 0 0 0 0 0 0 0 0 0 0 0 0 0 0 0 1 0
"commend" 0 0 0 0 0 0 0 0 0 0 0 0 0 1 0 0 0 0 0 0 0 0 0 0 2 0 0 2 0 0 0 0 0 0 0 0 0 0 0 0 0 0 0 0 0 0 0 0 0 0 0 0 0 0 0 0 0 0 0 0
"hour" 0 0 0 0 0 0 0 0 0 0 0 0 0 0 1 0 2 0 0 0 0 0 0 0 2 0 0 0 1 0 0 0 0 2 1 0 1 0 0 0 0 0 0 1 1 0 0 0 0 1 0 0 0 0 1 3 1 1 2 0
"citizenship" 0 0 0 0 0 0 0 0 0 0 0 0 0 0 0 0 1 0 0 0 1 1 1 2 2 5 3 2 0 0 0 0 0 5 1 1 0 0 0 0 0 0 0 0 0 0 0 0 0 0 0 0 2 1 0 1 0 0 0 0
"today" 0 0 0 0 0 0 0 0 0 0 0 0 0 0 0 0 0 0 0 0 0 0 0 0 2 0 0 1 0 1 1 1 0 7 0 2 2 4 0 4 2 1 2 3 2 5 5 1 6 5 7 10 6 2 3 6 6 5 9 10
"auspici" 1 0 0 0 0 0 0 0 0 0 0 0 0 0 1 0 0 0 0 0 0 0 0 0 1 0 0 0 0 0 0 0 0 0 0 0 0 0 0 0 0 0 0 0 0 0 0 0 0 0 0 0 0 0 0 0 0 0 0 0
"tribut" 1 0 0 0 0 0 0 0 0 0 0 0 0 0 0 0 0 0 0 0 0 0 0 0 1 0 0 0 0 0 0 0 0 0 0 0 0 0 0 0 0 0 0 0 0 0 0 0 0 0 0 0 0 0 0 0 0 0 0 0
"european" 0 0 0 0 0 0 0 0 0 0 0 0 0 0 1 0 1 0 0 0 0 1 0 0 0 6 0 0 0 0 2 0 0 0 2 0 0 0 0 0 1 0 0 0 0 0 0 0 0 0 0 0 0 0 0 0 0 0 0 0
"courag" 0 0 0 1 0 0 0 0 0 0 0 0 0 0 0 0 0 0 0 0 0 0 0 1 0 5 0 1 0 1 0 0 0 1 2 1 3 1 0 2 1 0 1 0 0 0 0 0 2 2 1 1 1 6 2 3 2 1 0 2
"enterpris" 0 0 0 0 0 1 1 0 0 0 0 0 0 2 0 0 1 0 0 0 0 0 0 1 1 5 4 3 0 0 6 3 0 1 1 0 1 0 2 0 1 0 0 0 1 1 0 0 0 2 0 1 1 1 0 0 1 0 0 0
"develop" 0 0 0 0 0 0 1 0 1 0 0 0 2 1 2 0 0 0 0 0 0 1 1 2 1 5 0 2 1 2 1 0 0 3 1 4 0 0 0 0 5 1 0 0 0 0 0 0 0 1 0 0 0 0 0 0 0 0 0 0
"elector" 0 0 0 0 0 0 0 0 0 0 0 0 0 0 0 0 0 0 0 0 0 0 1 0 0 5 0 0 0 0 5 0 0 0 0 1 0 0 0 0 0 0 0 0 0 0 0 0 0 0 0 0 0 0 0 0 0 0 0 0
"conveni" 0 0 1 0 0 0 0 1 0 0 0 0 0 0 0 0 0 0 0 0 0 0 0 1 0 4 0 0 0 0 0 0 0 0 0 0 0 0 0 0 0 1 0 0 0 0 0 0 1 0 0 0 0 0 0 0 0 0 0 0
"organ" 0 0 0 0 0 0 0 2 2 1 0 0 1 1 1 0 2 0 2 0 0 0 1 1 0 4 0 1 2 0 2 1 1 1 0 6 0 0 0 0 0 0 0 0 0 0 0 0 0 0 1 0 0 0 0 0 0 0 0 1
"coven" 0 0 0 0 0 0 0 0 0 1 0 0 0 0 0 0 0 0 0 0 0 0 0 0 0 4 0 0 0 0 0 0 0 0 2 0 0 1 0 0 0 0 0 0 6 0 0 0 0 0 0 0 0 0 0 0 0 0 0 0
"selfish" 0 0 0 0 0 0 0 0 0 0 0 0 0 1 0 0 0 0 0 0 0 0 0 0 0 4 1 0 0 0 0 1 0 3 0 1 1 1 0 0 0 0 0 0 0 0 1 0 0 0 0 0 0 0 0 0 0 0 0 0
"abl" 0 0 0 0 1 0 0 2 1 0 1 0 0 0 0 1 0 0 0 0 0 0 2 0 0 3 0 0 0 2 3 1 0 0 1 0 0 0 0 0 0 0 0 0 0 0 1 1 0 0 0 1 0 0 0 0 0 0 0 1
"serv" 0 0 0 0 1 0 0 0 1 0 0 0 1 1 0 0 0 1 0 0 0 1 2 0 1 3 1 0 2 0 0 3 1 1 1 1 0 0 0 0 0 2 2 1 1 0 1 0 0 1 1 2 1 1 3 1 1 1 0 0
"manifest" 0 0 0 0 1 0 1 0 0 0 0 0 0 0 1 0 2 0 0 0 0 0 0 1 1 3 1 1 0 0 0 0 0 1 2 1 1 0 0 0 1 1 0 0 0 0 0 0 0 0 0 0 0 0 0 0 0 0 0 1
"assum" 0 0 0 0 0 1 0 1 0 0 0 0 1 2 3 0 0 0 1 0 0 0 0 1 1 3 1 1 2 0 0 1 0 1 2 2 1 1 0 0 0 1 0 0 0 0 0 1 0 0 1 1 1 0 0 0 0 0 0 1
"longer" 0 0 0 0 0 0 1 0 0 0 0 0 0 0 1 0 0 0 0 0 0 1 0 1 0 3 0 2 1 0 0 0 1 0 1 1 1 0 0 0 1 0 2 0 1 0 0 0 0 0 1 2 1 0 0 2 0 2 1 4
"unlaw" 0 0 0 0 0 0 1 0 0 0 0 0 0 0 0 0 0 0 0 0 0 0 0 0 1 3 0 0 0 0 1 0 0 0 0 0 0 0 0 0 0 0 0 0 0 0 0 0 0 0 0 0 0 0 0 0 0 0 0 0
"ship" 0 0 0 0 0 0 0 0 3 0 0 0 0 0 0 0 0 0 0 0 0 0 0 1 0 3 0 0 0 0 0 0 0 0 0 0 0 0 0 0 0 0 0 0 0 0 0 0 0 0 1 0 0 0 0 0 0 0 0 1
"activ" 0 0 0 0 0 0 0 1 0 0 0 0 0 1 0 1 0 0 0 0 0 0 0 0 1 0 4 0 1 0 0 1 1 4 2 4 1 0 0 0 1 0 0 0 0 0 0 0 0 0 1 0 0 0 0 0 0 0 0 0
"combin" 0 0 1 0 0 0 0 0 0 1 0 0 0 1 0 0 0 0 0 0 0 0 0 0 0 1 3 2 0 0 5 0 0 2 1 1 0 0 0 0 0 1 0 0 0 0 0 0 0 0 0 0 0 0 0 0 0 0 0 0
"prompt" 0 0 1 0 0 0 0 1 0 0 1 0 2 0 1 0 1 0 0 0 0 0 1 1 0 1 3 6 0 0 3 0 0 0 0 0 0 0 0 0 0 0 0 0 0 0 0 0 0 0 0 0 0 0 0 0 0 0 0 0
"frugal" 0 0 0 1 0 0 0 0 0 0 0 0 0 0 1 0 0 0 0 0 0 0 0 0 0 0 3 0 0 0 0 0 0 0 0 0 0 0 0 0 0 0 0 0 0 0 0 0 0 0 0 0 0 0 0 0 0 0 0 0
"government" 0 0 0 0 0 0 0 0 0 0 0 0 0 0 0 0 1 0 0 0 0 0 0 0 0 0 3 0 0 0 1 0 0 0 0 2 0 0 0 0 0 0 0 0 0 0 1 0 0 0 0 0 0 0 0 0 0 0 0 0
"sincer" 0 0 1 1 1 1 0 1 0 0 1 0 1 2 0 0 0 0 0 0 0 0 1 0 0 0 2 0 0 1 3 0 1 0 0 3 0 0 0 0 1 0 0 1 0 0 0 0 0 1 0 0 0 0 0 0 0 0 0 0
"gain" 0 0 0 1 1 0 0 0 0 0 0 0 0 0 0 0 1 0 1 0 0 0 0 1 0 0 2 1 0 0 0 0 0 2 0 0 0 1 1 2 0 0 0 0 1 0 0 0 0 1 0 0 0 0 0 0 0 0 1 0
"deem" 0 0 0 1 0 0 0 0 0 0 0 0 1 1 1 1 0 0 2 0 0 0 1 0 0 0 2 2 1 0 1 0 0 0 0 0 0 0 0 0 0 1 0 0 0 0 0 0 0 0 0 0 0 0 0 0 0 0 0 0
"condemn" 0 0 0 1 0 0 0 0 1 0 0 0 0 1 0 0 0 0 0 0 0 0 0 0 0 0 2 0 0 0 1 0 0 0 0 1 0 0 0 0 0 0 0 0 0 0 0 0 0 0 0 0 0 1 0 0 0 0 0 0
"servant" 0 0 0 0 2 0 0 0 0 1 0 0 1 1 0 0 1 0 1 0 0 0 0 0 1 1 2 1 0 0 0 0 1 0 0 0 0 1 0 0 0 0 0 0 1 0 0 0 0 1 0 0 0 1 0 0 0 0 0 0
"indic" 0 0 0 0 0 0 0 0 1 1 0 0 0 3 0 1 0 0 1 0 0 0 1 1 0 0 2 1 2 0 0 0 0 0 1 2 0 0 0 0 0 0 0 0 0 0 0 0 0 0 0 0 0 0 0 1 0 0 0 0
"fund" 0 0 0 0 0 0 0 0 1 0 0 0 0 1 0 0 0 0 0 0 0 0 0 0 0 0 2 0 0 0 2 0 0 0 0 0 0 0 0 0 0 0 0 0 0 0 0 0 0 0 1 0 0 0 0 0 0 0 0 1
"content" 0 0 0 0 0 0 0 0 0 2 0 0 1 2 0 0 0 1 2 0 0 0 1 0 0 3 2 2 0 0 0 0 0 0 1 0 0 0 1 0 0 0 0 0 0 0 0 0 0 0 0 0 0 0 0 0 0 0 0 0
"cooper" 0 0 0 0 0 0 0 0 0 1 1 0 0 0 0 1 1 0 0 0 0 0 1 0 0 1 2 1 0 0 2 0 1 1 2 7 0 0 0 0 5 1 0 2 0 1 0 0 1 0 0 0 0 0 0 2 0 0 0 0
"forbear" 0 0 0 0 0 0 0 0 0 0 1 1 3 4 0 0 0 1 0 0 1 0 0 0 0 0 2 1 0 0 0 0 0 0 1 0 0 0 0 0 0 0 0 0 0 0 0 0 1 0 0 0 0 0 0 1 0 0 0 0
"aggreg" 0 0 0 0 0 0 0 0 0 0 0 0 1 1 0 0 0 0 0 0 0 0 0 0 0 3 2 0 0 0 0 0 0 0 0 0 0 0 0 0 0 0 0 0 0 0 0 0 0 0 0 0 0 0 0 0 0 0 0 0
"recognit" 0 0 0 0 0 0 0 0 0 0 0 0 0 1 0 0 0 0 0 0 0 0 0 0 1 0 2 0 0 1 2 0 0 0 0 0 2 0 0 0 0 0 0 0 0 0 0 0 1 0 0 0 0 0 0 1 0 0 0 0
"justif" 0 0 0 0 0 0 0 0 0 0 0 0 0 0 0 0 1 0 0 0 0 0 0 0 0 0 2 1 0 0 0 0 0 0 0 0 0 0 1 0 0 0 0 0 0 0 0 0 0 0 0 0 0 0 0 0 0 0 0 0
"kindr" 0 0 0 0 0 0 0 0 0 0 0 0 0 0 0 0 0 1 0 0 0 0 0 0 0 0 2 0 0 0 0 0 0 0 0 0 0 0 0 0 0 0 0 0 0 0 0 0 0 0 0 0 0 0 0 0 0 0 0 0
"escap" 0 0 0 0 0 0 0 0 0 0 0 0 0 0 0 0 0 0 1 0 0 0 0 0 0 1 2 0 2 0 0 0 0 0 0 0 0 0 0 0 0 1 1 0 0 0 0 0 0 0 0 0 0 0 0 0 0 0 0 0
"fit" 0 0 0 0 0 0 0 0 0 0 0 0 0 0 0 0 0 0 0 1 0 0 1 1 1 1 2 1 1 0 0 0 0 2 0 1 1 0 0 0 2 0 0 0 0 0 0 0 1 0 0 0 0 0 1 0 0 0 0 0
"thrift" 0 0 0 0 0 0 0 0 0 0 0 0 0 0 0 0 0 0 0 0 0 0 0 0 1 0 2 0 0 0 1 0 0 2 0 0 0 0 0 0 0 0 0 0 0 0 0 0 1 0 0 0 0 0 0 0 0 0 0 0
"vicious" 0 0 0 0 0 0 0 0 0 0 0 0 0 0 0 0 0 0 0 0 0 0 0 0 1 0 2 1 0 0 1 0 0 0 0 0 0 0 0 0 0 0 0 0 0 0 0 0 0 0 0 0 0 0 0 0 0 0 0 1
"sturdi" 0 0 0 0 0 0 0 0 0 0 0 0 0 0 0 0 0 0 0 0 0 0 0 0 0 0 2 0 0 0 0 0 0 0 0 0 0 0 0 0 0 0 0 0 0 0 0 0 0 0 0 0 0 0 0 1 0 0 0 0
"heedless" 0 0 0 0 0 0 0 0 0 0 0 0 0 0 0 0 0 0 0 0 0 0 0 0 0 0 2 0 0 0 0 2 0 0 0 0 0 1 0 0 0 0 0 0 0 0 0 0 0 0 0 0 0 0 0 0 0 0 0 0
"confront" 0 0 0 0 0 0 0 0 0 0 0 0 0 0 0 0 0 0 0 0 0 0 0 0 0 0 2 0 1 0 0 0 0 1 0 0 1 0 0 0 1 0 0 0 0 1 1 0 3 0 0 0 0 2 0 0 0 1 1 1
"patern" 0 0 0 0 0 0 0 0 0 0 0 0 0 0 0 0 0 0 0 0 0 0 0 0 0 0 2 0 0 0 1 0 0 0 0 0 0 0 0 0 0 0 0 0 0 0 1 0 0 0 0 0 0 0 0 0 0 0 0 0
"loan" 0 0 0 0 0 0 0 0 3 0 0 0 0 0 0 0 0 0 0 0 0 0 0 0 0 0 0 6 0 0 0 0 0 0 0 0 0 0 0 0 0 0 0 0 0 0 0 0 0 0 0 0 0 0 0 0 0 0 0 0
"taxat" 0 0 0 0 0 0 0 0 1 1 0 0 1 0 0 0 0 0 0 0 0 0 0 0 1 0 1 5 1 0 4 1 0 1 4 0 0 0 0 0 0 0 0 0 0 0 0 0 0 0 0 0 0 0 0 0 0 0 0 0
"session" 0 0 0 0 0 0 0 0 1 0 0 0 0 0 0 0 0 0 0 0 0 0 0 0 0 0 0 5 2 0 3 0 0 0 0 2 1 0 0 0 0 0 0 0 0 0 0 0 0 0 0 0 0 0 0 0 0 0 0 0
"surplus" 0 0 0 0 1 0 0 2 0 0 0 0 0 0 0 0 0 2 0 0 0 0 0 0 1 2 0 4 1 0 0 0 0 0 0 0 0 0 0 0 0 1 0 0 0 0 0 0 0 0 0 0 0 0 0 0 0 0 0 0
"treasuri" 0 0 0 0 0 0 0 1 1 0 0 0 0 4 0 0 0 2 0 0 1 0 0 0 1 2 0 4 1 0 0 0 0 0 0 1 0 0 0 0 0 0 0 0 0 0 0 0 0 0 0 0 0 0 0 0 0 0 0 1
"revis" 0 0 0 0 0 0 0 0 0 1 0 0 0 0 0 0 0 0 0 0 0 0 0 0 0 0 0 4 0 0 4 0 0 1 0 0 0 0 0 0 0 0 0 0 0 0 0 0 0 0 0 0 0 0 0 0 0 0 0 0
"gold" 0 0 0 0 0 0 0 0 0 0 0 0 0 1 0 0 0 0 0 0 1 1 0 1 0 0 0 4 0 0 0 1 0 0 0 0 0 0 0 0 0 0 0 0 0 0 0 0 0 0 1 0 0 0 0 0 0 0 0 1
"financi" 0 0 0 0 0 0 0 0 0 0 0 0 0 1 0 0 0 1 0 0 0 0 1 1 0 0 1 4 0 0 2 1 0 0 0 0 0 0 0 0 0 0 0 0 0 0 0 0 0 0 0 0 0 0 0 0 0 0 0 0
"postpon" 0 0 0 0 0 0 0 0 0 0 0 0 0 0 0 0 0 0 0 0 0 0 0 0 1 1 0 4 0 0 0 0 0 0 0 1 0 0 0 0 0 0 0 0 0 0 0 0 0 0 0 0 0 0 0 0 0 0 0 0
"conven" 0 0 0 0 0 0 0 0 0 0 0 0 0 0 0 0 0 0 0 0 0 0 0 0 0 0 0 4 1 0 0 0 0 0 0 0 0 0 0 0 0 0 0 0 0 0 0 0 0 0 0 0 0 0 0 0 0 0 0 0
"immedi" 0 0 0 1 0 1 0 1 1 2 0 0 1 3 0 0 0 0 1 0 0 0 1 1 0 0 0 3 0 0 2 0 3 1 0 0 2 0 0 1 0 0 0 0 0 0 0 0 0 0 0 0 0 0 0 0 0 0 0 5
"settl" 0 0 0 0 1 0 0 0 3 2 0 0 1 2 2 1 0 2 0 0 1 0 2 2 0 1 0 3 2 0 0 0 0 0 0 0 0 0 0 0 1 0 0 0 0 0 0 0 0 0 0 0 0 0 0 2 1 0 0 0
"line" 0 0 0 0 1 0 0 0 1 1 0 0 0 3 0 0 0 1 0 0 0 0 2 0 0 2 0 3 0 0 3 0 0 0 1 0 1 1 1 1 0 0 1 0 0 1 0 0 1 1 0 0 0 0 0 2 0 0 0 0
"everywher" 0 0 0 0 0 1 0 0 0 1 0 0 0 0 0 0 0 0 1 0 0 0 1 0 1 0 0 3 0 0 0 0 1 0 1 1 0 0 0 0 1 4 2 0 0 0 0 0 0 0 0 0 1 0 0 1 0 0 0 0
"basi" 0 0 0 0 0 1 0 0 2 1 0 0 0 0 1 1 1 0 0 0 1 1 2 1 1 2 0 3 0 0 0 1 0 0 0 2 0 0 0 0 2 1 0 0 0 0 0 1 0 0 0 0 0 0 0 0 0 0 0 0
"marin" 0 0 0 0 0 0 1 0 0 0 0 0 0 0 0 0 0 0 0 0 0 0 0 2 0 1 0 3 0 0 0 0 0 0 0 0 0 0 0 0 0 0 0 0 0 0 0 0 0 0 0 0 0 0 0 0 0 0 0 0
"settlement" 0 0 0 0 0 0 0 1 1 0 0 0 0 0 0 0 0 1 0 0 1 0 1 0 1 0 0 3 1 0 0 0 0 1 3 6 0 0 0 0 2 0 0 0 0 0 0 0 0 0 0 0 0 0 0 0 0 0 0 0
"reviv" 0 0 0 0 0 0 0 0 1 0 0 0 0 0 0 0 0 0 1 0 0 0 0 0 0 1 0 3 0 0 0 0 0 0 3 0 1 0 1 0 0 0 0 0 0 0 0 0 1 0 0 0 0 0 0 0 0 0 0 0
"depress" 0 0 0 0 0 0 0 0 2 0 0 0 0 0 0 0 0 0 0 0 0 0 1 0 0 0 0 3 1 0 1 0 0 0 0 0 0 1 0 0 0 1 0 0 1 1 1 0 0 0 0 2 0 1 0 0 0 0 1 0
"relief" 0 0 0 0 0 0 0 0 1 1 0 0 0 1 0 0 1 1 0 0 0 0 0 0 0 1 0 3 0 0 1 0 0 0 3 1 1 0 0 0 1 0 0 0 0 0 0 0 0 0 0 0 0 0 0 0 0 0 0 0
"enact" 0 0 0 0 0 0 0 0 0 1 0 1 0 2 0 0 0 0 0 0 0 0 0 0 0 2 0 3 0 0 3 0 0 1 0 0 0 0 0 0 0 1 0 0 0 0 0 0 0 0 0 0 0 1 0 0 0 0 0 0
"wherev" 0 0 0 0 0 0 0 0 0 1 0 0 0 0 1 0 1 1 0 0 1 0 0 0 0 0 1 3 1 0 0 0 0 0 0 0 0 0 0 0 1 0 2 0 0 0 0 0 0 1 0 1 0 0 0 0 0 0 0 0
"benefici" 0 0 0 0 0 0 0 0 0 0 0 0 1 0 0 0 0 0 0 0 0 0 0 0 0 0 0 3 0 0 1 0 0 0 2 0 0 0 0 0 0 0 0 0 0 0 0 0 1 0 0 0 0 0 0 0 0 0 0 0
"neglect" 0 0 0 0 0 0 0 0 0 0 0 0 0 1 0 0 0 1 0 0 0 0 0 0 0 1 1 3 0 0 0 0 0 0 0 1 0 0 0 0 0 0 0 0 0 0 0 0 1 0 0 0 0 0 0 0 0 0 0 0
"stop" 0 0 0 0 0 0 0 0 0 0 0 0 0 0 1 0 0 0 0 0 0 0 0 0 0 1 0 3 0 0 0 2 0 0 0 1 0 2 0 0 0 0 0 0 0 1 0 0 1 0 2 0 0 0 0 0 0 2 2 4
"merchant" 0 0 0 0 0 0 0 0 0 0 0 0 0 0 0 0 0 0 0 0 0 0 0 0 0 1 0 3 0 0 0 0 0 0 0 0 0 0 0 0 0 0 0 0 0 0 0 0 0 0 0 0 0 0 0 0 0 0 0 0
"island" 0 0 0 0 0 0 0 0 1 0 0 0 0 0 0 0 0 0 0 0 0 0 0 0 0 1 0 0 9 0 1 0 0 0 1 0 0 0 0 0 0 0 2 0 0 0 0 0 0 0 0 0 0 0 0 0 0 0 0 0
"inhabit" 0 0 0 0 1 0 0 1 0 1 0 0 0 0 0 0 0 1 1 0 0 0 0 1 0 0 0 0 5 0 0 0 0 0 0 0 0 0 0 0 0 0 0 0 0 0 0 0 0 0 0 0 0 0 1 1 0 0 0 0
"cuba" 0 0 0 0 0 0 0 0 0 0 0 0 0 0 0 0 0 0 0 0 0 0 0 0 0 0 0 0 5 0 0 0 0 0 0 0 0 0 0 0 0 0 0 0 0 0 0 0 0 0 0 0 0 0 0 0 0 0 0 0
"guaranti" 0 0 0 0 0 0 0 0 0 1 0 0 0 2 1 1 1 0 1 0 0 0 0 1 1 0 1 1 3 0 1 0 0 1 0 0 0 0 0 0 0 0 0 0 0 0 0 0 0 0 0 0 0 0 0 0 0 0 0 0
"commiss" 0 0 0 0 0 0 0 0 0 0 0 0 0 1 0 0 0 0 1 0 0 0 0 0 0 0 0 2 3 0 3 0 0 0 0 1 0 0 0 0 0 0 0 0 0 0 0 0 0 0 0 0 0 0 0 0 0 0 0 0
"fundament" 0 0 0 0 0 0 0 0 0 0 0 0 0 0 0 0 1 0 1 1 0 0 0 0 0 0 0 0 3 0 1 1 0 1 4 1 0 0 0 0 0 0 0 0 0 0 0 0 0 1 0 0 0 0 0 0 0 0 0 0
"philippin" 0 0 0 0 0 0 0 0 0 0 0 0 0 0 0 0 0 0 0 0 0 0 0 0 0 0 0 0 3 0 5 0 0 0 0 0 0 0 0 0 0 0 0 0 0 0 0 0 0 0 0 0 0 0 0 0 0 0 0 0
"regular" 0 0 1 1 0 0 0 1 1 1 0 0 1 0 0 0 0 0 0 0 0 0 0 0 0 0 0 1 2 0 1 0 0 0 0 1 0 0 0 0 0 0 0 0 0 0 0 0 0 0 0 0 0 0 0 0 0 0 0 0
"fortun" 0 0 1 0 0 1 0 2 0 0 0 0 1 0 0 0 1 1 0 0 0 0 0 0 0 1 0 2 2 0 0 0 1 1 1 3 0 0 0 0 1 0 1 0 0 0 0 0 1 0 0 1 2 0 1 0 0 0 0 0
"someth" 0 0 1 0 1 0 0 0 0 0 0 0 0 3 0 0 0 0 0 0 0 0 0 0 0 1 0 0 2 0 2 1 0 2 1 0 0 0 4 0 0 0 0 0 0 0 0 0 0 0 1 1 0 0 2 2 0 0 1 4
"hereaft" 0 0 0 1 0 0 0 0 2 0 0 0 0 0 0 0 0 0 0 0 0 0 0 0 0 0 0 1 2 0 0 0 0 0 0 0 0 0 0 0 0 0 0 0 0 0 0 0 0 0 0 0 0 0 0 0 0 0 0 0
"sum" 0 0 0 1 0 0 0 0 1 0 0 0 0 0 0 0 0 1 0 0 0 0 0 1 0 0 0 0 2 0 0 0 0 0 1 0 0 0 1 0 0 0 0 0 0 0 0 0 0 0 1 0 0 0 0 1 0 0 0 0
"instruct" 0 0 0 1 0 0 0 1 1 1 1 0 0 0 0 0 2 0 0 0 0 0 0 0 0 1 0 0 2 0 0 0 0 0 0 2 0 0 1 0 0 0 0 0 0 0 0 0 0 0 0 0 0 0 0 0 0 0 0 0
"conscienc" 0 0 0 0 1 1 0 0 0 0 1 0 0 0 1 0 0 0 0 0 0 1 0 0 1 0 0 0 2 0 0 1 0 2 2 1 0 1 0 0 0 1 0 1 0 2 1 0 0 0 0 1 1 2 1 0 1 0 0 0
"march" 0 0 0 0 0 1 0 0 0 1 0 0 0 0 0 0 0 1 0 0 0 0 0 2 0 0 0 1 2 0 1 0 0 0 0 1 0 1 0 0 0 0 0 0 0 0 0 0 0 1 0 1 1 0 1 0 0 0 1 1
"becam" 0 0 0 0 0 0 0 1 0 0 0 0 0 2 0 0 1 0 0 0 0 0 0 0 0 2 0 0 2 0 0 1 0 0 1 0 0 1 0 0 0 0 0 0 0 0 0 0 0 0 0 0 1 2 0 0 0 1 0 0
"divis" 0 0 0 0 0 0 0 0 1 2 0 0 0 3 0 0 0 0 0 0 1 0 0 0 0 0 0 0 2 0 0 0 2 0 0 0 0 0 0 0 0 0 1 0 1 2 1 0 2 0 1 2 1 0 3 0 0 1 1 0
"problem" 0 0 0 0 0 0 0 0 0 0 0 0 0 0 0 0 1 0 0 0 0 0 1 0 0 0 0 1 2 5 1 0 1 1 3 4 3 4 0 0 1 2 0 2 0 0 1 1 3 1 2 0 4 2 0 0 0 0 0 0
"help" 0 0 0 0 0 0 0 0 0 0 0 0 0 0 0 0 0 0 0 0 0 0 0 0 0 2 0 2 2 0 1 2 0 2 5 2 7 2 0 0 7 4 8 4 1 4 6 2 3 5 5 2 1 0 3 2 0 0 0 2
"co-oper" 0 0 0 0 0 0 0 0 0 0 0 0 0 0 0 0 0 0 0 0 0 0 0 0 0 0 0 1 2 0 0 0 0 1 0 0 0 0 0 0 0 0 0 0 0 0 0 0 0 0 0 0 0 0 0 0 0 0 0 0
"intervent" 0 0 0 0 0 0 0 0 0 0 0 0 0 0 0 0 0 0 0 0 0 0 0 0 0 0 0 0 2 0 0 0 0 0 0 0 0 0 0 0 0 0 0 0 0 0 0 0 1 0 0 0 0 0 0 0 0 0 0 0
"cuban" 0 0 0 0 0 0 0 0 0 0 0 0 0 0 0 0 0 0 0 0 0 0 0 0 0 0 0 0 2 0 0 0 0 0 0 0 0 0 0 0 0 0 0 0 0 0 0 0 0 0 0 0 0 0 0 0 0 0 0 0
"fast" 0 0 0 0 0 0 0 0 0 0 0 0 0 0 0 0 0 0 0 0 0 0 0 0 0 0 0 0 2 0 0 1 0 0 0 0 0 0 0 0 0 0 0 0 0 0 0 0 0 0 0 0 0 0 0 0 0 0 0 0
"show" 0 0 0 0 0 0 0 0 0 0 0 0 1 0 0 0 0 0 1 0 0 0 0 0 0 1 1 0 1 3 1 0 0 1 3 0 0 0 0 0 1 0 1 0 1 0 0 1 1 0 1 1 0 2 1 0 1 0 3 1
"though" 0 0 0 1 0 0 1 0 0 1 0 0 1 0 0 1 0 1 1 0 1 0 0 1 1 0 0 0 0 2 0 0 0 1 0 0 1 0 1 0 0 0 1 2 1 0 0 0 0 1 1 2 0 2 2 0 0 0 0 0
"peril" 0 0 0 0 1 0 0 0 1 0 0 0 0 0 0 0 1 0 1 0 0 0 0 1 1 0 1 1 1 2 0 0 0 1 0 0 1 0 2 0 0 0 2 0 0 0 0 0 0 0 0 0 0 0 0 1 0 0 1 0
"set" 0 0 0 0 0 0 0 0 0 0 0 0 1 0 1 0 0 0 0 0 0 0 0 2 0 0 1 0 1 2 1 4 4 0 1 1 0 1 0 0 0 0 0 0 0 2 0 1 0 0 0 0 2 1 2 1 1 0 2 1
"well-b" 0 0 0 0 0 0 0 0 0 0 0 0 0 0 0 0 0 0 0 0 0 0 0 1 0 0 0 0 0 2 0 0 0 0 0 0 0 0 0 2 1 2 0 0 0 0 0 1 0 0 0 0 0 0 0 0 0 0 0 0
"aright" 0 0 0 0 0 0 0 0 0 0 0 0 0 0 0 0 0 0 0 0 0 0 0 0 0 0 0 0 0 2 0 0 0 0 0 0 0 0 0 0 0 0 0 0 0 0 0 0 0 0 0 0 0 0 0 0 0 0 0 0
"heritag" 0 0 0 0 0 0 0 0 0 0 0 0 0 0 0 0 0 0 0 0 0 0 0 0 0 0 0 0 0 2 0 0 0 0 1 0 0 0 0 0 0 2 0 1 1 0 0 0 0 2 0 0 0 0 0 1 0 0 0 0
"formid" 0 0 1 0 0 0 0 1 0 0 0 0 0 1 0 0 0 1 1 0 0 0 0 0 0 0 0 0 0 1 0 0 0 0 0 0 0 0 0 0 0 0 0 0 0 0 0 0 1 0 0 0 0 0 0 0 0 0 0 0
"boast" 0 0 1 0 0 0 0 0 0 0 0 0 0 1 0 0 0 0 0 0 0 0 0 0 0 0 0 0 0 1 0 0 1 1 0 0 0 1 0 0 0 0 0 0 0 0 0 0 0 0 0 0 0 0 0 0 0 0 0 0
"splendid" 0 0 1 0 0 0 0 0 0 1 0 0 0 0 0 0 0 0 0 0 0 0 0 0 0 0 0 0 0 1 0 0 0 0 0 0 0 0 0 0 0 0 1 0 0 1 0 0 0 0 0 0 0 0 0 0 0 0 0 0
"thank" 0 0 0 1 0 0 0 0 0 0 1 0 0 0 0 0 0 0 0 0 0 0 0 0 0 0 0 0 0 1 0 0 0 0 0 0 2 0 0 0 0 0 0 0 0 1 0 1 2 1 5 2 0 2 0 2 1 3 3 23
"rise" 0 0 0 1 0 1 0 0 0 0 0 0 0 0 0 0 0 0 0 0 0 0 0 0 0 0 1 0 0 1 0 0 0 0 0 1 0 1 0 1 0 0 2 0 0 0 0 1 0 0 2 0 1 0 0 1 1 0 2 0
"freeli" 0 0 0 1 0 0 0 0 0 0 0 0 0 0 0 0 0 0 0 0 0 0 1 0 0 0 0 0 0 1 0 0 0 0 0 0 0 0 2 0 1 0 1 0 0 0 0 0 0 0 0 0 0 0 0 0 0 0 0 0
"quarter" 0 0 0 1 0 0 0 1 1 1 0 0 0 1 0 0 1 0 0 0 0 0 0 0 0 0 0 0 0 1 0 0 0 0 0 0 0 0 0 0 1 0 0 1 0 0 0 0 0 0 1 0 0 0 0 0 0 0 0 0
"endur" 0 0 0 1 0 0 0 0 0 0 0 0 1 0 1 0 1 0 2 0 0 0 0 0 0 0 0 1 1 1 0 1 0 0 0 0 4 2 1 0 0 0 0 0 2 1 1 1 1 1 0 1 1 1 0 4 4 0 2 0
"vigor" 0 0 0 1 0 0 0 1 0 0 0 0 0 1 1 0 1 0 0 0 0 0 0 1 0 1 1 2 0 1 0 0 0 0 0 3 2 0 0 0 2 1 0 0 0 0 1 0 1 0 0 0 0 0 0 0 0 0 0 1
"tri" 0 0 0 1 1 1 0 0 0 0 0 0 2 0 0 0 0 0 0 0 0 1 0 0 0 1 0 0 0 1 0 2 0 1 0 0 1 1 0 0 0 2 0 0 3 2 0 0 1 1 1 0 2 1 0 0 1 0 1 3
"deep" 0 0 0 0 1 1 0 0 0 0 0 0 1 0 2 0 0 1 0 0 0 0 0 0 0 0 0 0 1 1 0 1 0 0 0 2 0 0 0 0 1 0 1 0 1 1 0 0 1 0 0 1 0 3 1 0 0 0 1 0
"insepar" 0 0 0 0 1 0 1 0 1 1 0 0 2 0 0 0 0 0 0 0 0 0 1 0 0 0 0 0 0 1 0 0 0 2 1 0 0 0 0 0 0 0 0 0 0 0 0 0 0 0 0 0 0 0 0 0 0 0 0 0
"word" 0 0 0 0 1 0 0 0 0 1 0 0 0 4 0 0 2 0 1 0 0 0 0 0 0 0 0 1 0 1 1 0 0 0 0 0 0 0 3 1 0 1 0 3 1 3 0 1 2 1 7 1 1 0 2 4 4 1 2 1
"undertaken" 0 0 0 0 1 0 0 0 0 0 0 0 0 0 0 0 0 1 0 0 0 0 0 0 0 0 1 0 0 1 0 0 0 0 0 0 0 1 1 0 0 0 0 0 0 0 0 0 0 0 0 0 0 0 0 0 0 0 0 0
"offer" 0 0 0 0 1 0 0 1 0 0 1 0 0 1 0 0 0 0 0 0 0 0 0 2 0 2 0 2 0 1 1 0 0 0 0 1 2 1 0 0 1 0 0 2 0 2 1 0 0 1 3 1 0 0 0 0 0 0 0 0
"interst" 0 0 0 0 0 0 0 0 0 0 0 0 0 0 0 0 0 0 0 0 0 0 0 0 0 0 0 0 0 0 10 0 0 0 0 0 0 0 0 0 0 0 0 0 0 0 0 0 0 0 0 0 0 0 0 0 0 0 0 0
"bill" 0 0 0 0 0 0 0 0 0 0 0 0 1 4 0 0 0 0 0 0 0 0 0 0 0 0 0 0 0 0 8 0 0 0 1 0 0 0 1 0 0 0 0 0 1 0 0 0 0 1 0 0 0 0 1 0 0 0 0 0
"canal" 0 0 0 0 1 0 0 1 0 0 0 0 0 0 0 0 0 1 0 0 0 0 0 2 0 0 0 0 0 0 7 0 0 0 0 0 0 0 0 0 0 0 1 0 0 0 0 0 0 0 0 0 0 0 0 0 0 0 0 3
"employe" 0 0 0 0 0 0 0 0 0 0 0 0 0 0 0 0 0 0 0 0 0 0 0 0 1 0 0 1 0 0 7 0 0 0 1 0 0 0 0 0 0 0 0 0 0 0 0 0 0 0 0 0 0 0 0 0 0 0 0 0
"incom" 0 0 0 0 1 0 0 0 0 0 0 0 0 0 0 0 0 0 1 0 0 0 0 0 0 1 0 2 0 0 6 0 0 0 0 0 2 1 0 0 0 0 0 0 0 0 0 0 0 0 0 0 0 0 0 0 0 0 0 0
"suitabl" 0 0 0 0 0 0 0 0 1 0 0 0 0 0 0 0 1 0 0 0 0 0 0 0 1 1 0 1 0 0 6 0 0 0 0 0 0 0 0 0 0 0 0 0 0 0 0 0 0 0 0 0 0 0 0 0 0 0 0 0
"railroad" 0 0 0 0 0 0 0 0 0 0 0 0 0 0 0 0 0 1 0 0 0 0 0 0 0 0 0 0 0 0 6 0 0 0 1 0 0 0 0 0 0 0 0 0 0 0 0 0 0 0 0 0 0 0 0 0 1 0 0 1
"propos" 0 0 1 0 0 0 0 0 1 0 0 0 0 4 0 0 0 0 1 0 0 0 0 0 0 1 0 1 0 0 5 0 0 0 1 4 2 1 0 0 0 0 0 1 0 0 0 0 1 0 0 0 0 0 0 0 0 0 0 0
"bank" 0 0 0 0 1 0 0 0 0 0 0 0 0 1 1 0 0 0 0 0 0 0 0 0 0 0 0 1 0 0 5 1 0 0 0 0 2 0 0 0 0 0 0 0 0 0 0 0 0 0 1 0 0 0 0 0 0 0 0 0
"report" 0 0 0 0 0 0 0 0 1 0 0 0 0 0 0 0 0 0 0 0 0 0 0 0 0 0 0 1 1 0 5 0 0 0 0 0 0 0 0 0 0 0 0 0 0 0 0 0 0 0 0 0 0 0 0 0 0 0 0 0
"lock" 0 0 0 0 0 0 0 0 0 0 0 0 0 0 0 0 0 0 0 0 1 0 0 0 0 0 0 0 0 0 5 0 0 0 0 0 0 0 0 0 0 0 0 0 0 0 0 0 0 0 0 0 1 0 0 0 0 0 0 0
"white" 0 0 0 0 0 0 0 0 0 0 0 0 0 0 0 0 0 0 0 0 0 0 1 0 0 0 0 0 0 0 5 0 0 0 0 0 0 0 0 0 0 0 0 0 0 2 0 0 1 1 1 0 0 0 0 0 0 1 1 0
"statut" 0 0 0 0 0 0 0 0 0 0 0 0 0 0 0 0 0 0 0 0 0 0 0 0 0 0 0 2 0 0 5 0 0 1 0 0 0 0 0 0 0 0 0 0 0 0 0 0 0 0 1 0 0 0 0 0 0 0 0 0
"type" 0 0 0 0 0 0 0 0 0 0 0 0 0 0 0 0 0 0 0 0 0 0 0 0 0 0 0 0 0 0 5 0 0 0 0 0 0 0 0 0 0 0 0 0 0 0 0 0 0 0 0 0 0 0 0 0 0 0 0 0
"remedi" 0 0 0 1 0 0 0 2 1 0 0 0 0 2 0 0 1 1 0 0 0 0 1 2 0 2 1 2 0 0 4 0 0 1 3 2 0 0 0 0 0 0 0 0 0 0 0 0 0 0 0 0 0 0 0 0 0 0 0 0
"assert" 0 0 0 0 0 1 0 0 0 0 0 0 0 0 1 0 0 0 1 0 0 0 0 1 0 0 0 0 0 0 4 0 1 0 1 0 1 0 0 0 0 1 1 0 0 0 0 0 0 0 0 0 0 0 0 0 0 0 0 0
"cost" 0 0 0 0 0 0 1 0 0 1 0 0 1 0 0 0 0 0 0 0 0 0 0 0 0 0 0 0 1 0 4 4 1 1 3 1 2 0 0 1 0 0 2 1 0 0 0 0 1 2 0 1 0 0 0 2 1 1 0 1
"modern" 0 0 0 0 0 0 0 1 0 0 0 0 0 3 0 0 0 0 0 0 0 0 0 0 0 1 0 0 0 1 4 0 0 1 0 0 1 0 0 0 1 0 1 1 0 1 0 0 0 1 0 0 0 0 0 0 1 0 0 0
"popular" 0 0 0 0 0 0 0 0 0 1 0 0 2 1 1 0 0 1 1 0 0 0 0 0 1 1 1 2 0 0 4 0 0 4 3 2 0 1 0 0 0 0 0 0 0 0 0 0 0 0 0 0 0 0 0 0 0 0 0 1
"grow" 0 0 0 0 0 0 0 0 0 0 0 0 0 1 0 0 0 0 1 0 0 1 0 1 0 0 0 1 0 0 4 0 0 0 0 0 1 0 1 0 3 0 2 0 0 0 0 0 1 1 1 0 2 0 0 2 1 0 1 1
"econom" 0 0 0 0 0 0 0 0 0 0 0 0 0 0 1 0 0 2 0 0 1 1 0 0 1 1 0 1 0 0 4 1 1 5 3 6 1 6 0 0 7 4 1 0 0 0 0 0 4 4 0 0 0 0 1 0 2 0 0 0
"platform" 0 0 0 0 0 0 0 0 0 0 0 0 0 0 0 0 0 0 1 0 0 0 0 0 0 0 0 1 0 0 4 0 1 0 1 1 0 0 0 0 0 0 0 0 0 0 0 0 0 0 0 0 0 0 0 0 0 0 0 0
"process" 0 0 0 0 1 0 0 0 0 1 0 0 0 2 0 0 0 0 0 0 0 0 0 0 0 0 0 0 0 0 2 4 2 0 0 2 0 2 1 0 0 0 0 0 0 0 0 0 1 0 0 1 0 0 0 0 0 0 0 1
"democrat" 0 0 0 0 0 0 0 0 0 0 0 0 0 4 0 0 0 0 0 0 0 0 1 0 1 0 0 0 0 1 0 4 0 0 0 0 0 3 1 0 3 0 0 0 0 0 0 1 0 1 0 0 0 1 2 0 0 0 0 0
"women" 0 0 0 0 0 0 0 0 0 0 0 0 0 0 0 0 0 0 0 0 0 0 0 0 0 0 0 0 0 0 0 4 0 0 1 2 0 3 1 1 0 0 0 0 0 0 0 0 2 2 4 1 1 0 2 4 2 2 1 1
"aspect" 0 0 0 1 0 0 0 0 1 0 1 0 0 0 0 0 0 0 0 0 0 0 0 0 0 0 0 0 0 0 0 3 0 0 0 0 0 0 0 0 0 0 0 0 0 0 0 0 0 0 0 0 0 0 0 0 0 0 0 1
"interpret" 0 0 0 0 0 0 0 0 1 0 0 0 0 1 0 1 0 0 0 0 0 0 0 1 0 0 0 0 0 0 0 3 0 1 0 0 0 0 0 0 0 0 0 0 0 0 0 0 0 0 0 0 0 0 0 0 0 0 0 0
"stir" 0 0 0 0 0 0 0 0 0 0 0 0 0 0 0 0 0 0 0 0 0 0 0 1 0 0 0 0 0 0 0 3 0 0 0 0 0 0 0 0 1 0 1 0 0 0 0 0 0 0 0 0 0 0 0 0 0 1 0 0
"familiar" 0 0 0 0 0 0 0 0 0 0 0 0 0 0 0 0 0 0 0 0 0 0 0 0 0 0 1 0 0 0 0 3 0 0 0 0 0 0 0 0 0 0 0 0 0 0 0 0 0 0 0 0 0 0 0 0 0 0 0 0
"vision" 0 0 0 0 0 0 0 0 0 0 0 0 0 0 0 0 0 0 0 0 0 0 0 0 0 0 0 0 0 0 0 3 1 1 0 1 2 2 0 1 0 2 0 0 0 0 0 0 0 1 0 2 2 0 1 1 0 1 0 0
"genius" 0 0 1 0 0 0 0 0 0 0 0 0 1 0 1 1 0 0 0 0 0 0 0 0 1 0 0 1 0 0 0 2 1 3 0 1 0 0 0 0 0 2 0 0 0 0 0 0 1 1 0 0 0 0 0 0 0 0 0 0
"scienc" 0 0 1 0 1 1 0 1 0 1 1 0 0 0 0 0 1 0 0 0 0 0 0 1 0 0 0 0 0 0 0 2 0 0 1 3 0 3 0 0 0 1 0 2 0 1 0 0 0 0 0 0 0 0 0 1 2 0 0 0
"standard" 0 0 0 1 0 0 0 0 0 1 0 0 1 0 0 0 1 0 0 0 0 1 1 1 0 0 0 0 0 0 0 2 0 3 0 4 2 2 0 0 2 0 0 1 0 0 0 1 0 0 0 0 1 0 2 0 0 0 0 0
"comprehend" 0 0 0 1 0 0 0 0 0 0 0 0 0 0 0 0 0 0 0 0 0 0 0 0 0 0 0 0 0 0 0 2 0 0 2 0 0 0 0 0 0 0 1 0 0 0 0 0 0 0 0 0 0 0 0 0 0 0 0 0
"fallen" 0 0 0 0 0 1 0 1 0 1 0 0 0 0 0 0 0 0 0 0 0 0 0 0 0 0 0 1 0 0 0 2 0 0 0 0 1 0 0 0 0 0 0 0 0 0 0 0 0 0 0 0 0 0 0 1 0 1 0 0
"safeguard" 0 0 0 0 0 1 0 0 0 0 1 0 0 1 1 0 0 0 1 0 0 0 0 0 0 1 0 0 0 0 0 2 0 0 1 2 1 0 0 0 0 1 0 0 0 0 0 0 0 0 0 0 0 0 0 0 0 0 0 0
"proud" 0 0 0 0 0 1 1 1 0 0 0 0 0 1 0 0 1 0 0 0 0 0 0 0 0 0 0 0 0 0 0 2 0 0 0 0 0 0 0 0 0 1 0 1 1 2 4 1 0 0 2 0 0 0 0 0 0 1 0 3
"renew" 0 0 0 0 0 0 1 0 0 0 0 1 0 2 0 1 0 0 1 0 0 0 0 1 1 0 0 0 1 0 0 2 0 2 1 1 0 0 1 0 0 2 0 2 0 0 2 1 4 1 1 8 1 1 1 0 1 0 1 0
"facil" 0 0 0 0 0 0 1 2 2 0 0 0 0 0 1 0 1 0 0 0 1 0 0 1 0 1 0 0 0 0 2 2 0 2 0 0 0 0 0 0 0 0 0 0 0 0 0 0 0 0 0 0 0 0 0 0 0 0 0 0
"intim" 0 0 0 0 0 0 0 1 0 0 0 0 0 2 0 0 0 0 0 0 0 0 1 0 0 0 0 0 0 0 0 2 0 0 0 0 0 0 0 0 0 0 0 0 0 0 0 0 0 0 0 0 0 0 0 0 0 0 0 0
"contain" 0 0 0 0 0 0 0 2 0 0 0 0 0 2 0 0 0 0 1 0 0 0 0 0 0 0 1 0 0 0 0 2 0 1 0 0 0 0 0 0 0 0 0 0 0 0 0 0 0 0 0 0 0 0 0 0 0 0 0 0
"restrict" 0 0 0 0 0 0 0 0 0 0 0 0 0 1 0 0 0 0 1 1 0 0 0 0 0 0 0 0 0 0 3 2 0 0 1 0 0 0 0 0 0 0 0 0 0 0 0 0 0 0 0 0 0 0 0 0 0 0 0 1
"mine" 0 0 0 0 0 0 0 0 0 0 0 0 0 3 0 0 0 0 1 0 0 0 0 0 1 3 0 1 1 0 1 2 0 0 0 0 0 0 0 0 0 1 0 1 3 0 0 0 1 0 0 0 0 0 0 0 0 0 0 0
"conserv" 0 0 0 0 0 0 0 0 0 0 0 0 0 1 1 0 0 0 0 0 0 0 0 0 0 0 1 1 0 0 2 2 0 0 2 0 0 0 0 0 0 0 0 0 0 0 0 0 0 0 0 0 1 0 0 0 0 0 1 0
"weaken" 0 0 0 0 0 0 0 0 0 0 0 0 0 0 1 0 0 0 0 0 0 1 0 0 0 0 0 1 0 0 1 2 0 0 0 1 0 0 0 0 0 0 0 0 0 0 0 0 0 0 0 1 0 0 0 1 0 0 0 0
"stood" 0 0 0 0 0 0 0 0 0 0 0 0 0 0 0 0 1 0 0 0 0 0 0 0 0 0 0 0 1 0 0 2 1 0 0 0 0 1 0 0 0 0 0 0 0 0 1 1 0 1 0 0 0 0 0 0 0 0 1 0
"forgotten" 0 0 0 0 0 0 0 0 0 0 0 0 0 0 0 0 0 1 0 0 0 0 1 1 0 0 0 1 0 0 0 2 0 0 0 0 1 0 0 0 0 0 0 0 1 0 0 0 0 0 0 0 0 0 0 1 0 2 0 0
"hast" 0 0 0 0 0 0 0 0 0 0 0 0 0 0 0 0 0 0 1 0 0 0 0 0 0 0 0 1 0 0 0 2 0 0 0 0 0 0 0 0 0 0 0 0 0 0 0 0 0 0 0 0 0 0 0 0 0 0 0 0
"built" 0 0 0 0 0 0 0 0 0 0 0 0 0 0 0 0 0 0 0 0 0 0 1 0 0 0 0 0 0 0 2 2 0 0 1 0 0 0 2 0 0 0 0 0 0 0 1 3 0 0 0 0 2 0 1 0 1 0 0 2
"sweep" 0 0 0 0 0 0 0 0 0 0 0 0 0 0 0 0 0 0 0 0 0 0 1 0 0 0 0 0 0 0 0 2 0 0 0 0 0 0 0 0 0 0 0 0 0 0 0 0 0 0 0 0 0 0 0 0 0 0 0 1
"rectifi" 0 0 0 0 0 0 0 0 0 0 0 0 0 0 0 0 0 0 0 0 0 0 0 0 0 0 0 0 0 0 0 2 0 0 0 0 0 0 0 0 0 0 0 0 0 0 0 0 0 0 0 0 0 0 0 0 0 0 0 0
"item" 0 0 0 0 0 0 0 0 0 0 0 0 0 0 0 0 0 0 0 0 0 0 0 0 0 0 0 0 0 0 0 2 0 0 0 0 0 0 0 0 0 0 0 0 0 0 0 0 0 0 0 0 0 0 0 0 0 0 0 0
"inconceiv" 0 0 0 0 0 0 0 0 0 0 0 0 0 0 0 0 0 0 0 0 0 0 0 0 0 0 0 0 0 0 0 2 0 0 0 0 0 0 0 0 0 0 0 0 0 0 0 0 0 0 0 0 0 0 0 0 0 0 0 0
"prospect" 1 0 1 0 0 0 0 0 1 1 0 0 1 0 0 0 0 0 0 0 0 0 0 0 0 1 0 0 0 0 0 1 0 0 0 0 0 0 0 0 0 0 0 0 0 0 1 1 0 0 0 0 1 0 0 0 0 0 0 0
"model" 1 0 1 0 0 0 0 0 0 0 0 0 0 0 0 0 0 0 0 0 0 0 0 0 0 0 0 0 0 0 1 1 0 0 0 0 0 0 1 0 0 0 0 0 0 0 0 0 0 0 0 0 0 0 0 0 0 0 0 0
"profess" 0 0 1 1 0 0 0 0 0 0 0 0 0 1 0 0 0 0 1 0 0 0 0 0 0 0 0 0 0 0 0 0 2 0 0 0 0 0 0 0 0 0 0 0 0 0 0 0 0 0 0 0 0 0 0 0 0 0 0 0
"turn" 0 0 0 0 0 0 0 2 1 1 0 0 0 0 0 0 1 0 2 0 0 0 0 0 0 1 1 1 0 1 0 0 2 5 1 0 0 1 0 0 1 3 1 0 0 3 4 0 0 5 5 1 0 1 0 1 2 0 2 1
"involv" 0 0 0 0 0 0 0 1 0 2 0 0 0 0 1 1 0 1 0 0 0 0 0 0 1 0 0 2 1 0 1 0 2 1 3 4 0 0 0 0 1 1 1 0 0 0 0 0 0 0 2 0 0 0 0 0 0 0 0 0
"lie" 0 0 0 0 0 0 0 1 0 0 0 0 0 0 1 0 0 0 0 0 0 0 1 0 0 1 0 0 0 0 0 0 2 2 2 1 5 1 0 0 1 2 1 0 0 1 1 0 1 0 0 0 0 0 0 1 0 0 3 0
"alik" 0 0 0 0 0 0 0 0 2 1 0 0 0 0 1 0 0 0 0 0 1 0 0 2 0 0 0 0 0 1 0 0 2 0 0 0 1 0 0 0 0 1 0 1 0 1 0 0 1 0 0 0 0 0 0 0 0 0 0 0
"dedic" 0 0 0 0 0 0 0 0 0 0 1 0 0 0 0 0 0 0 0 0 0 0 0 0 0 0 1 0 1 0 0 1 2 0 0 1 3 2 1 0 0 3 1 0 0 0 0 1 0 1 0 0 0 0 1 0 1 0 0 0
"singular" 0 0 0 0 0 0 0 0 0 0 0 0 1 1 0 0 0 0 0 0 0 0 0 0 0 0 0 1 0 0 0 0 2 0 0 0 0 0 0 0 0 0 0 0 0 0 0 0 0 0 0 0 0 0 0 0 0 0 0 0
"uniti" 0 0 0 0 0 0 0 0 0 0 0 0 0 0 0 0 0 0 0 0 0 0 0 0 0 1 0 1 0 0 0 0 2 1 1 0 2 0 0 0 0 3 2 0 2 2 0 2 0 1 3 1 0 1 2 1 0 1 8 2
"despit" 0 0 0 0 0 0 0 0 0 0 0 0 0 0 0 0 0 0 0 0 0 0 0 0 0 0 0 0 0 0 0 0 2 1 0 0 0 0 0 0 0 0 0 0 0 0 1 0 0 0 0 0 0 0 0 0 0 0 0 1
"along" 1 0 0 0 0 0 0 1 2 0 0 0 1 0 0 0 0 0 0 0 0 0 0 1 0 1 0 0 0 0 0 0 1 0 1 0 0 1 0 0 0 0 0 0 0 0 0 0 0 0 0 0 1 1 0 0 1 1 1 1
"fortifi" 1 0 0 0 0 0 0 1 0 0 0 0 0 0 0 0 0 0 0 0 0 0 0 0 0 0 0 0 0 0 0 0 1 0 0 0 0 0 0 0 0 0 1 0 0 0 0 0 0 0 0 0 1 0 0 0 0 0 0 0
"lift" 0 0 1 0 0 0 0 0 0 0 0 0 0 0 1 0 0 0 0 0 0 0 0 0 0 0 1 0 1 0 0 1 1 0 0 0 0 0 0 0 0 0 0 0 0 2 0 0 0 0 1 0 2 1 0 0 2 1 0 1
"relationship" 0 0 0 0 0 0 0 0 0 0 0 0 0 0 0 0 0 0 0 0 0 0 0 0 0 0 0 0 0 0 0 0 0 7 1 0 0 1 0 0 0 0 0 0 0 0 1 0 0 0 1 0 0 0 0 0 0 0 0 0
"sacrific" 0 0 0 0 0 0 1 0 1 2 0 1 1 2 1 0 0 0 0 0 0 0 0 0 0 1 0 0 1 0 0 0 0 5 1 0 1 0 1 0 0 1 1 1 0 1 0 1 3 0 2 3 0 1 1 1 1 0 1 0
"hate" 0 0 0 0 0 0 0 0 0 0 0 0 0 1 0 0 0 0 0 0 1 0 0 0 0 0 0 0 0 0 0 0 0 5 0 0 0 0 0 0 0 0 0 0 1 0 0 0 0 0 0 0 2 0 0 0 0 0 0 1
"agenc" 1 0 0 0 0 0 0 0 0 0 0 0 0 1 0 0 0 0 0 0 0 0 0 0 0 1 0 2 0 0 1 0 0 4 0 4 0 1 0 0 3 0 0 0 0 0 0 0 0 0 1 0 0 0 0 0 0 0 0 0
"particip" 0 0 0 0 0 1 0 0 1 1 0 0 0 2 1 0 0 0 0 0 0 0 0 0 0 0 0 0 0 0 0 0 0 4 1 1 0 0 0 0 2 1 0 0 0 0 0 0 0 0 0 0 1 0 1 0 0 0 0 0
"democraci" 0 0 0 0 0 0 0 0 0 1 0 0 0 4 0 0 0 0 0 0 0 0 0 0 0 0 0 0 0 0 0 0 0 4 0 1 1 8 9 2 9 0 0 0 1 0 0 0 0 3 5 4 5 2 1 0 2 0 11 1
"amid" 0 0 0 0 0 0 0 0 0 0 0 0 2 0 0 0 0 0 0 0 0 0 0 0 1 0 0 0 0 0 0 0 0 4 0 0 0 0 0 0 0 0 0 0 0 0 0 0 0 0 0 0 0 0 0 0 0 0 1 0
"righteous" 0 0 0 0 0 0 0 0 0 0 0 0 0 0 0 0 0 0 0 1 0 0 0 0 0 1 0 0 1 1 0 0 0 4 1 0 0 0 0 0 1 0 0 0 0 0 0 0 0 0 0 0 0 0 0 0 0 2 0 0
"ideal" 0 0 0 0 0 0 0 0 0 0 0 0 0 0 0 0 0 0 0 0 0 0 0 0 0 3 0 0 0 1 0 1 0 4 3 9 0 3 2 0 0 0 0 0 0 0 1 1 1 0 0 3 0 6 8 3 1 0 1 0
"era" 0 0 0 0 0 0 0 0 0 0 0 0 0 0 0 0 0 0 0 0 0 0 0 0 0 0 0 0 0 0 0 0 0 4 1 1 0 2 0 0 0 0 0 0 0 1 5 0 1 0 1 1 1 0 0 2 0 0 1 1
"normal" 0 0 0 0 0 0 0 0 0 0 0 0 0 0 0 0 0 0 0 0 0 0 0 0 0 0 0 0 0 0 0 0 0 4 0 0 2 0 0 0 0 0 0 0 0 0 0 0 1 0 0 0 0 0 0 0 0 0 0 0
"unshaken" 0 0 1 0 0 0 0 0 0 0 0 0 0 0 0 0 0 0 0 0 0 0 0 0 0 0 0 0 0 0 0 0 0 3 0 0 0 0 0 0 0 0 0 0 0 0 0 0 0 0 0 0 0 0 0 0 0 0 0 0
"realiti" 0 0 0 0 0 0 1 0 0 0 0 0 0 0 0 0 0 0 0 0 0 0 0 0 0 0 0 0 1 0 0 0 0 3 0 1 1 0 0 0 0 1 0 0 0 0 0 0 0 0 0 0 1 0 0 0 1 1 1 1
"warfar" 0 0 0 0 0 0 1 0 0 0 0 0 0 1 0 0 0 0 0 0 0 0 0 0 0 0 0 0 0 0 0 0 0 3 1 0 0 0 0 0 0 0 0 0 0 0 0 0 0 0 0 0 0 0 0 0 0 0 0 0
"guard" 0 0 0 0 0 0 0 2 0 1 0 0 1 2 2 0 0 0 0 0 0 0 1 0 0 0 0 0 0 0 0 0 0 3 1 0 0 0 1 0 0 1 0 0 0 0 0 0 0 0 0 1 0 0 0 0 0 0 0 0
"attend" 0 0 0 0 0 0 0 2 0 1 0 0 2 2 0 0 0 0 0 0 0 0 1 0 1 1 0 1 0 0 0 0 0 3 0 0 0 0 0 0 0 0 0 0 0 0 0 0 0 0 0 0 0 0 0 0 0 0 0 0
"aspir" 0 0 0 0 0 0 0 0 0 1 0 0 0 0 0 0 0 0 0 0 0 0 0 0 1 0 0 1 0 0 0 0 0 3 0 6 0 0 1 0 1 1 1 0 1 1 0 0 1 1 0 0 0 0 1 0 0 0 0 0
"belief" 0 0 0 0 0 0 0 0 0 0 0 0 3 0 0 0 1 0 0 0 0 0 0 0 1 0 0 0 0 0 0 0 0 3 1 3 2 0 0 0 2 1 1 2 2 0 0 1 0 0 0 0 0 1 2 0 1 0 0 0
"wrought" 0 0 0 0 0 0 0 0 0 0 0 0 0 0 0 0 0 0 0 0 0 0 0 0 0 0 0 0 1 1 0 0 0 3 0 0 0 0 0 0 0 0 0 0 0 0 0 0 0 0 0 0 0 0 0 0 0 0 0 0
"proven" 0 0 0 0 0 0 0 0 0 0 0 0 0 0 0 0 0 0 0 0 0 0 0 0 0 0 0 0 0 0 0 0 0 3 0 0 0 0 0 0 0 2 0 0 0 0 0 1 0 0 0 0 0 0 0 0 0 0 0 0
"readjust" 0 0 0 0 0 0 0 0 0 0 0 0 0 0 0 0 0 0 0 0 0 0 0 0 0 0 0 0 0 0 0 0 0 3 1 0 1 0 0 0 0 0 0 0 0 0 0 0 0 0 0 0 0 0 0 0 0 0 0 0
"definit" 0 0 0 0 1 0 0 0 0 0 0 0 0 0 0 0 0 0 0 0 0 0 0 0 0 1 0 0 0 0 3 1 0 0 5 1 2 0 0 0 0 0 0 0 0 0 0 1 0 0 0 0 0 0 1 0 0 0 0 0
"narrow" 0 0 0 0 1 0 0 0 0 0 0 0 1 0 2 0 0 1 0 0 0 0 0 1 0 0 0 0 0 0 1 0 0 0 4 1 0 0 1 0 0 0 0 0 0 0 0 0 0 0 0 0 1 0 1 1 0 0 0 0
"chanc" 0 0 1 0 0 0 0 0 0 0 0 0 0 0 1 0 0 0 1 0 0 1 0 0 0 0 0 0 0 0 0 1 0 0 3 0 0 1 0 0 0 0 0 0 0 1 2 0 1 2 0 0 3 1 0 1 1 0 0 1
"whenev" 0 0 0 1 0 0 0 0 0 0 0 0 0 0 0 0 0 1 2 0 0 0 0 0 0 0 0 1 0 0 1 0 0 0 3 0 0 0 0 0 0 0 0 0 0 0 0 0 0 0 0 1 0 0 1 0 0 0 0 0
"small" 0 0 0 0 0 0 0 0 1 0 0 0 1 1 0 1 0 0 0 0 0 0 0 0 0 1 0 1 0 1 0 0 0 1 3 1 2 0 0 0 0 0 1 0 1 3 0 0 2 0 1 1 1 3 0 3 0 2 0 1
"financ" 0 0 0 0 0 0 0 0 0 0 0 0 0 2 0 0 0 0 0 0 0 0 0 1 1 0 1 1 0 0 0 0 0 1 3 0 0 0 0 0 0 0 0 0 0 0 0 0 0 0 0 0 0 0 0 0 0 0 0 0
"array" 0 0 0 0 0 0 0 0 0 0 0 0 0 0 0 0 0 0 0 0 0 0 0 0 0 0 0 0 0 0 0 0 0 0 3 0 0 0 0 0 0 0 0 0 0 0 0 0 0 0 0 0 0 0 0 0 0 0 0 0
"respond" 0 0 0 0 0 0 0 0 0 0 0 0 0 0 0 0 0 0 0 0 0 0 0 0 0 0 0 0 0 0 0 0 0 0 3 0 0 0 0 0 0 0 0 0 0 0 0 0 0 0 0 0 0 1 0 0 1 0 0 0
"crimin" 0 0 0 0 0 0 0 0 1 0 0 0 1 0 0 0 0 0 0 0 0 0 0 1 0 1 0 0 0 0 0 0 0 0 0 7 0 0 0 0 0 0 0 0 0 0 0 0 0 0 0 0 0 0 0 0 0 0 0 3
"leadership" 0 0 0 0 0 0 0 0 0 0 0 0 0 0 0 0 0 0 0 0 0 0 0 0 0 0 0 1 0 0 0 0 0 1 1 5 7 1 0 0 1 2 0 0 0 0 0 0 0 0 2 0 0 0 0 0 0 0 0 1
"eighteenth" 0 0 0 0 0 0 0 0 0 0 0 0 0 0 0 0 0 0 0 0 0 0 0 0 0 0 0 0 0 0 0 0 0 0 0 5 0 0 0 0 0 0 0 0 0 0 0 0 0 0 0 0 0 0 0 0 0 0 0 0
"failur" 0 0 0 0 0 0 0 0 0 0 0 0 1 0 1 0 1 0 0 0 0 0 0 0 0 0 1 2 1 0 3 0 0 2 1 4 3 0 0 0 0 0 0 1 0 0 0 1 1 0 0 1 0 1 0 1 1 0 0 0
"special" 0 0 0 0 0 0 0 0 0 0 0 0 0 0 0 1 1 0 1 0 0 0 0 1 0 2 0 1 0 0 0 0 0 0 0 4 1 0 0 0 2 2 0 1 0 0 0 2 4 0 0 0 0 0 0 0 0 1 0 0
"build" 0 0 0 0 0 0 0 0 0 0 0 0 0 0 0 0 0 0 1 0 0 0 0 0 0 0 0 0 0 0 0 0 1 1 0 4 1 0 1 1 1 0 4 0 1 2 5 0 0 2 0 1 5 3 1 2 2 1 1 4
"investig" 0 0 1 0 0 0 0 0 0 0 0 0 0 2 0 0 0 0 0 0 0 0 0 0 0 0 0 1 0 0 2 0 0 0 0 3 0 0 0 0 0 0 0 0 0 0 0 0 0 0 0 0 0 0 0 0 0 0 0 0
"mandat" 0 0 0 0 1 0 0 0 0 0 0 0 0 0 0 0 0 0 0 0 0 0 0 0 0 0 1 1 0 0 0 0 0 1 1 3 1 0 0 0 0 0 0 0 0 0 0 0 0 0 0 0 0 0 0 0 0 0 0 3
"profound" 0 0 0 0 0 1 1 0 1 1 0 0 0 1 0 1 2 0 0 0 0 0 0 0 0 0 0 0 0 0 1 0 0 1 0 3 0 0 0 0 0 0 0 0 0 0 1 0 0 0 0 1 0 0 0 1 0 0 1 0
"mainten" 0 0 0 0 0 1 1 0 0 0 0 0 0 0 1 0 1 1 1 0 0 1 0 0 0 0 1 2 0 0 3 0 1 0 0 3 0 0 0 0 1 0 0 0 0 0 0 0 0 0 0 0 0 0 0 0 0 0 0 0
"delay" 0 0 0 0 0 0 1 0 0 0 0 0 0 1 2 0 0 0 0 0 0 0 0 1 0 2 0 1 0 0 0 1 0 0 0 3 0 0 0 0 0 0 0 0 0 0 0 0 0 0 0 0 0 1 0 0 1 0 0 0
"crime" 0 0 0 0 0 0 0 1 2 0 0 0 0 1 0 0 0 0 1 0 0 0 0 2 0 0 1 0 0 0 0 0 0 0 0 3 0 0 0 0 0 0 0 0 0 0 0 0 0 0 2 1 1 0 0 0 0 1 0 1
"stabil" 0 0 0 0 0 0 0 0 1 0 0 0 2 0 0 0 0 0 0 0 0 0 0 0 0 0 0 1 0 0 1 0 1 1 1 3 0 0 0 0 2 0 0 0 0 0 0 0 0 0 0 0 0 0 0 0 0 0 0 0
"recent" 0 0 0 0 0 0 0 0 1 1 1 0 2 0 0 0 2 2 0 0 0 0 1 1 0 2 0 2 1 0 1 0 0 0 2 3 0 0 1 0 0 0 1 0 0 0 1 1 0 0 0 0 0 0 0 0 0 0 1 5
"illeg" 0 0 0 0 0 0 0 0 1 0 0 0 1 0 0 0 0 0 0 0 0 0 0 0 0 0 0 0 0 0 0 0 0 0 0 3 0 0 0 0 0 0 0 0 0 0 0 0 0 0 0 0 0 0 0 0 0 0 0 3
"domin" 0 0 0 0 0 0 0 0 0 0 0 1 0 2 0 0 0 0 0 0 0 0 0 0 0 2 0 0 0 0 1 0 0 0 0 3 0 1 0 0 0 0 0 0 0 0 0 2 0 0 0 0 0 0 0 0 0 0 0 0
"expans" 0 0 0 0 0 0 0 0 0 0 0 0 0 0 0 0 1 0 0 0 0 0 0 0 0 0 1 0 0 0 1 0 0 1 0 3 1 0 0 0 1 0 0 0 0 0 0 0 0 1 0 0 0 0 1 0 0 0 0 0
"higher" 0 0 0 0 0 0 0 0 0 0 0 0 0 0 0 0 1 0 0 0 0 0 0 0 0 3 0 1 0 0 2 0 0 2 2 3 0 0 0 0 0 0 0 0 0 0 0 0 1 0 2 0 1 0 0 0 1 0 0 1
"poverti" 0 0 0 0 0 0 0 0 0 0 0 0 0 0 0 0 0 0 0 0 1 0 0 0 0 0 0 0 0 0 0 0 0 1 0 3 0 1 1 0 2 0 1 3 1 0 0 1 0 2 0 0 0 2 0 0 2 1 0 1
"stimul" 0 0 0 0 0 0 0 0 0 0 0 0 0 0 0 0 0 0 0 0 0 0 0 0 0 0 1 0 0 0 0 0 0 0 0 3 2 0 0 0 0 0 0 0 0 0 0 0 0 0 0 0 0 0 0 0 0 0 0 0
"reorgan" 0 0 0 0 0 0 0 0 0 0 0 0 0 0 0 0 0 0 0 0 0 0 0 0 0 0 0 0 0 0 1 0 0 0 0 3 1 0 0 0 0 0 0 0 0 0 0 0 0 0 0 0 0 0 0 0 0 0 0 0
"procedur" 0 0 0 0 0 0 0 0 0 0 0 0 0 0 0 0 0 0 0 0 0 0 0 0 0 0 0 0 0 0 1 0 0 0 0 3 1 0 0 0 0 0 0 0 0 0 0 0 0 0 0 0 0 0 0 0 0 0 0 0
"group" 0 0 0 0 0 0 0 0 0 0 0 0 0 0 0 0 0 0 0 0 0 0 0 0 0 0 0 0 0 0 0 1 0 1 0 3 0 1 0 0 0 1 0 1 0 0 0 0 4 1 0 0 0 0 0 0 0 1 0 1
"liquor" 0 0 0 0 0 0 0 0 0 0 0 0 0 0 0 0 0 0 0 0 0 0 0 0 0 0 0 0 0 0 0 0 0 0 0 3 0 0 0 0 0 0 0 0 0 0 0 0 0 0 0 0 0 0 0 0 0 0 0 0
"disciplin" 0 0 0 1 1 0 1 0 0 1 1 0 0 0 0 0 1 0 0 0 0 0 0 0 0 0 0 0 0 0 0 0 0 0 0 0 5 0 0 0 0 0 0 1 0 0 0 0 0 0 0 1 0 0 0 0 0 0 0 0
"profit" 0 0 0 0 0 0 0 1 0 0 0 0 0 0 1 0 0 1 0 0 0 0 0 1 0 0 0 0 0 0 1 0 1 1 1 0 4 1 0 1 1 2 0 0 0 0 0 0 0 0 0 0 0 0 0 0 0 0 1 0
"frank" 0 0 1 0 0 0 0 0 0 0 0 0 2 0 0 0 1 1 0 0 0 0 0 1 0 0 1 0 0 0 0 1 0 0 0 0 3 0 0 0 0 0 0 0 0 0 0 0 0 0 0 0 0 0 0 0 0 0 0 0
"balanc" 0 0 0 0 0 0 0 0 0 0 0 0 1 0 0 0 0 0 1 0 0 1 0 0 0 0 0 1 0 0 0 1 1 1 2 0 3 0 0 0 1 1 0 2 0 0 0 0 1 1 1 0 2 1 0 0 0 0 1 0
"dark" 0 0 0 0 0 0 0 0 0 0 0 0 0 0 0 0 1 0 0 0 0 0 0 0 0 0 0 0 1 0 0 0 1 0 0 0 3 1 0 0 0 2 2 1 0 2 0 0 0 2 0 0 1 0 1 1 0 0 2 0
"recoveri" 0 0 0 0 0 0 0 0 0 0 0 0 0 0 0 0 0 0 0 0 0 0 0 0 0 0 0 0 0 0 0 0 0 0 0 2 3 0 0 0 5 0 0 0 0 0 0 0 0 0 0 0 0 0 0 0 1 0 0 0
"stricken" 0 0 0 0 0 0 0 0 0 0 0 0 0 0 0 0 0 0 0 0 0 0 0 0 0 0 0 0 0 0 0 0 0 0 0 0 3 0 0 0 0 0 0 0 0 0 0 0 0 0 0 0 0 0 0 0 0 0 0 0
"larger" 0 0 0 0 1 0 0 0 0 0 0 0 0 2 0 0 0 0 0 0 0 0 0 0 0 0 0 0 0 0 0 0 0 0 1 2 2 0 1 0 0 0 0 0 0 1 0 0 0 0 1 0 0 1 2 0 0 0 0 0
"joy" 0 0 0 0 0 0 0 1 0 0 0 0 0 0 0 0 0 0 0 0 0 0 0 0 0 0 0 0 0 0 0 0 0 0 0 0 2 0 0 0 0 0 0 0 0 0 0 0 0 0 0 1 0 0 0 0 1 0 1 0
"attack" 0 0 0 0 0 0 0 0 2 0 0 0 0 0 0 0 0 0 0 0 0 0 0 0 0 0 1 1 0 0 1 0 0 0 0 1 2 0 0 0 4 0 0 0 0 0 0 0 0 0 0 0 0 1 2 0 0 0 1 0
"exchang" 0 0 0 0 0 0 0 0 1 0 0 0 0 1 0 0 0 0 0 0 0 0 0 0 0 1 0 0 1 0 0 0 0 1 0 0 2 0 0 0 0 0 0 1 0 1 0 0 0 1 0 0 0 0 0 0 0 0 0 0
"treat" 0 0 0 0 0 0 0 0 1 0 0 0 1 1 0 0 0 0 0 0 0 0 0 0 1 1 1 0 0 0 1 0 0 0 0 0 2 0 0 0 0 0 0 0 0 0 0 0 0 0 0 0 1 0 0 0 2 0 1 3
"aim" 0 0 0 0 0 0 0 0 0 0 1 1 1 0 1 0 0 0 0 0 0 0 0 0 0 0 0 2 0 0 0 0 0 0 0 0 2 0 0 0 4 2 0 0 0 0 0 0 1 2 0 0 0 0 0 1 0 0 0 0
"minist" 0 0 0 0 0 0 0 0 0 0 0 0 0 1 1 0 0 0 0 0 0 0 0 0 0 0 0 0 0 0 0 0 0 0 1 0 2 0 0 0 0 0 0 0 0 0 0 0 0 0 0 0 0 0 0 0 0 0 0 0
"supervis" 0 0 0 0 0 0 0 0 0 0 0 0 0 1 0 0 0 0 0 0 0 0 0 1 0 1 0 1 0 0 2 0 0 0 0 0 2 0 0 0 0 0 0 0 0 0 0 0 0 0 0 0 0 0 0 0 0 0 0 0
"insist" 0 0 0 0 0 0 0 0 0 0 0 0 0 1 0 0 0 0 0 0 0 0 0 0 1 3 1 2 0 1 1 0 1 1 0 0 2 1 0 0 0 0 0 0 0 0 0 0 0 0 0 0 0 0 0 0 1 0 0 0
"templ" 0 0 0 0 0 0 0 0 0 0 0 0 0 1 0 0 0 0 0 0 0 0 0 0 0 0 0 0 0 0 0 0 0 1 0 0 2 1 0 0 0 0 0 0 0 0 0 0 0 0 0 0 0 0 0 0 0 0 0 0
"languish" 0 0 0 0 0 0 0 0 0 0 0 0 0 0 0 0 0 0 0 0 0 0 0 0 0 0 1 1 0 0 0 0 0 0 0 0 2 0 0 0 0 0 0 0 0 0 0 0 0 0 0 0 0 0 0 0 0 0 0 0
"met" 0 0 0 0 0 0 0 0 0 0 0 0 0 0 0 0 0 0 0 0 0 0 0 0 0 0 0 2 0 0 1 0 0 0 2 0 2 1 0 0 1 0 0 0 0 0 1 0 0 1 0 0 0 0 0 2 1 0 1 0
"unpreced" 0 0 0 0 0 0 0 0 0 0 0 0 0 0 0 0 0 0 0 0 0 0 0 0 0 0 0 0 1 0 0 0 0 0 0 0 2 0 0 0 2 0 0 0 0 0 0 0 0 0 0 0 0 0 0 0 0 0 0 0
"critic" 0 0 0 0 0 0 0 0 0 0 0 0 0 0 0 0 0 0 0 0 0 0 0 0 0 0 0 0 0 0 0 1 0 0 1 1 2 1 0 0 0 0 0 0 0 0 0 0 0 0 0 0 0 0 0 0 0 0 0 0
"interdepend" 0 0 0 0 0 0 0 0 0 0 0 0 0 0 0 0 0 0 0 0 0 0 0 0 0 0 0 0 0 0 0 0 0 1 0 0 2 0 0 0 0 1 0 0 0 0 0 0 0 0 0 0 0 0 0 0 0 0 0 0
"changer" 0 0 0 0 0 0 0 0 0 0 0 0 0 0 0 0 0 0 0 0 0 0 0 0 0 0 0 0 0 0 0 0 0 0 0 0 2 0 0 0 0 0 0 0 0 0 0 0 0 0 0 0 0 0 0 0 0 0 0 0
"solv" 0 0 0 0 0 0 0 0 0 1 0 0 0 0 0 0 0 0 0 0 0 0 1 0 0 0 0 0 1 1 0 0 0 2 1 0 0 4 0 0 0 0 0 0 0 0 0 1 1 0 0 0 2 0 0 0 0 0 0 0
"disast" 0 0 0 0 0 0 0 0 0 0 0 0 1 0 0 0 0 0 0 0 0 0 0 1 0 0 1 0 0 0 0 0 0 0 0 0 0 4 0 0 0 0 0 0 0 0 0 0 0 1 0 0 0 0 1 0 0 0 0 1
"despair" 0 0 0 1 0 0 0 0 0 0 0 0 0 0 0 0 0 0 0 0 0 0 0 0 0 0 0 0 1 0 0 0 0 0 0 0 0 3 0 0 2 0 0 0 0 2 0 0 1 0 0 0 0 0 0 0 0 0 0 0
"paint" 0 0 0 0 0 0 1 0 0 0 0 0 0 0 0 0 0 0 0 0 0 0 0 0 0 0 0 0 0 0 0 0 0 0 0 0 0 3 0 0 0 0 0 0 0 0 0 0 0 0 0 0 0 0 0 0 0 0 0 0
"master" 0 0 0 0 0 0 0 0 0 1 0 0 0 2 0 0 0 1 1 0 0 0 2 1 0 0 1 0 0 0 0 0 0 0 0 0 0 3 0 0 1 0 0 1 0 1 0 0 0 1 0 0 0 0 1 0 0 0 1 0
"convent" 0 0 1 0 0 0 0 0 1 0 0 0 0 4 1 0 0 0 1 0 0 0 0 0 0 0 0 0 1 0 0 0 0 0 0 0 0 2 0 0 0 0 0 0 0 0 0 0 0 0 0 0 0 0 0 0 0 0 0 0
"justifi" 0 0 1 0 0 0 0 0 0 0 0 0 0 1 0 0 0 1 1 0 0 0 0 0 0 1 0 1 1 0 0 0 0 0 1 0 0 2 1 0 0 0 0 0 0 0 0 0 0 0 0 0 0 0 0 0 0 0 0 0
"amount" 0 0 0 0 1 0 0 2 0 0 0 0 1 4 2 0 0 1 0 0 0 0 0 0 0 0 0 1 0 0 0 0 0 0 0 0 0 2 0 0 0 0 0 0 0 0 0 0 0 0 0 0 0 0 0 0 0 0 0 2
"injustic" 0 0 0 0 1 1 0 1 0 1 0 0 0 1 1 0 0 0 0 0 0 0 0 0 0 0 1 0 0 0 1 0 0 0 1 0 0 2 0 0 0 0 0 0 1 0 0 1 0 0 0 0 0 0 0 0 0 0 0 0
"test" 0 0 0 0 0 0 0 1 0 0 0 0 0 0 1 0 0 0 0 0 0 0 0 0 0 0 0 0 0 0 2 0 0 1 1 1 0 2 0 3 1 0 0 0 0 0 0 0 0 0 0 0 0 0 2 1 1 0 3 1
"recogn" 0 0 0 0 0 0 0 1 0 1 0 0 2 1 1 0 2 1 1 0 0 0 2 0 1 0 0 2 1 0 1 0 0 2 0 0 1 2 0 0 0 1 1 0 0 0 2 1 0 0 0 1 0 0 0 0 1 0 0 0
"climat" 0 0 0 0 0 0 0 1 0 1 0 0 1 1 1 0 0 0 0 0 0 0 0 0 0 0 0 0 0 0 0 0 0 0 0 0 0 2 0 0 0 0 2 0 0 0 0 0 0 0 0 0 0 0 0 0 1 0 1 0
"easili" 0 0 0 0 0 0 0 1 0 0 0 0 1 0 1 0 0 0 1 0 0 0 0 0 0 0 0 1 0 0 0 0 0 0 0 0 0 2 0 0 0 0 0 0 1 0 0 0 0 0 0 0 0 0 0 1 0 0 0 0
"difficult" 0 0 0 0 0 0 0 0 0 0 0 0 1 0 0 0 1 0 0 0 0 0 2 0 0 1 0 0 1 1 2 0 0 0 0 0 0 2 1 0 1 0 0 0 1 1 1 0 0 0 1 0 0 0 1 1 1 0 2 0
"begin" 0 0 0 0 0 0 0 0 0 0 0 0 1 0 0 1 0 1 0 0 0 1 0 1 0 2 1 1 0 0 0 1 0 2 1 1 0 2 0 0 2 2 0 4 0 2 1 2 5 4 2 1 0 3 0 2 0 0 0 4
"timid" 0 0 0 0 0 0 0 0 0 0 0 0 2 0 0 0 1 0 0 0 0 0 0 0 0 0 0 0 0 0 0 0 0 0 0 0 0 2 0 0 0 1 0 0 0 0 0 0 0 0 0 0 0 0 0 0 0 0 0 0
"blind" 0 0 0 0 0 0 0 0 0 0 0 0 0 1 0 0 0 0 0 0 0 0 0 1 0 0 1 0 0 0 1 1 0 2 0 0 0 2 0 0 0 0 0 0 0 0 0 0 0 0 0 0 0 0 0 0 0 0 0 0
"bad" 0 0 0 0 0 0 0 0 0 0 0 0 0 1 0 0 0 0 0 0 1 0 0 1 0 1 0 0 0 0 0 1 0 0 2 0 0 2 0 0 0 0 0 0 0 0 0 0 0 0 0 1 0 1 0 2 0 0 0 2
"lowest" 0 0 0 0 0 0 0 0 0 0 0 0 0 0 1 0 0 0 0 0 0 0 0 0 0 0 0 0 0 0 0 0 0 0 0 0 0 2 0 0 0 0 0 0 0 0 0 0 0 0 0 0 0 0 0 0 0 0 0 0
"solut" 0 0 0 0 0 0 0 0 0 0 0 0 0 0 0 0 1 0 1 0 0 0 0 1 0 0 0 0 1 0 1 0 0 0 0 0 0 2 0 0 0 0 0 0 0 0 1 0 2 0 1 0 2 0 0 0 0 0 0 0
"challeng" 0 0 0 0 0 0 0 0 0 0 0 0 0 0 0 0 1 0 0 0 0 0 0 0 0 0 1 0 0 0 0 0 0 1 0 0 0 2 0 0 1 2 0 1 0 0 5 0 0 2 3 6 5 2 1 2 1 2 6 3
"hundr" 0 0 0 0 0 0 0 0 0 0 0 0 0 0 0 0 0 0 0 1 0 0 0 2 0 1 0 1 0 0 0 0 0 1 1 0 0 2 0 0 1 0 0 0 0 0 0 0 1 0 0 0 0 0 0 0 0 0 1 0
"drive" 0 0 0 0 0 0 0 0 0 0 0 0 0 0 0 0 0 0 0 0 0 0 0 1 0 0 0 0 0 0 0 0 0 0 0 0 0 2 0 0 0 0 0 0 0 0 0 0 0 2 0 0 0 0 0 0 1 0 1 0
"farm" 0 0 0 0 0 0 0 0 0 0 0 0 0 0 0 0 0 0 0 0 0 0 0 1 1 0 0 2 0 0 2 1 0 0 0 0 1 2 0 0 0 3 0 0 0 0 0 0 0 0 0 0 1 0 0 1 0 0 0 0
"ruthless" 0 0 0 0 0 0 0 0 0 0 0 0 0 0 0 0 0 0 0 0 0 0 0 0 0 1 0 0 0 0 0 0 0 0 0 0 0 2 0 0 0 0 0 0 0 0 0 0 0 0 0 0 0 0 0 0 0 0 0 0
"feet" 0 0 0 0 0 0 0 0 0 0 0 0 0 0 0 0 0 0 0 0 0 0 0 0 0 1 0 0 0 0 0 0 0 0 0 0 0 2 0 0 0 0 0 0 0 0 0 0 1 0 0 0 0 0 0 0 0 0 0 1
"instinct" 0 0 0 0 0 0 0 0 0 0 0 0 0 0 0 0 0 0 0 0 0 0 0 0 0 0 0 0 0 0 1 0 0 0 0 0 0 2 0 0 0 0 0 0 0 0 0 0 0 0 0 0 0 0 0 0 0 0 0 0
"stagnat" 0 0 0 0 0 0 0 0 0 0 0 0 0 0 0 0 0 0 0 0 0 0 0 0 0 0 0 0 0 0 0 0 0 0 0 0 0 2 0 0 0 0 0 0 0 0 1 0 0 0 0 0 0 0 0 0 0 0 0 0
"epidem" 0 0 0 0 0 0 0 0 0 0 0 0 0 0 0 0 0 0 0 0 0 0 0 0 0 0 0 0 0 0 0 0 0 0 0 0 0 2 0 0 0 0 0 0 0 0 0 0 0 0 0 0 0 0 0 0 0 0 0 1
"self-interest" 0 0 0 0 0 0 0 0 0 0 0 0 0 0 0 0 0 0 0 0 0 0 0 0 0 0 0 0 0 0 0 0 0 0 0 0 0 2 0 0 0 0 0 0 0 0 0 0 0 0 0 0 0 0 0 0 0 0 0 0
"ahead" 0 0 0 0 0 0 0 0 0 0 0 0 0 0 0 0 0 0 0 0 0 0 0 0 0 0 0 0 0 0 0 0 0 0 0 0 0 2 0 0 0 0 0 0 0 0 1 0 1 1 1 0 1 0 0 0 0 0 2 0
"aught" 0 0 0 0 0 0 0 0 0 0 0 0 0 0 0 0 0 0 0 0 0 0 0 0 0 0 0 0 0 0 0 0 0 0 0 0 0 2 0 0 0 0 0 0 0 0 0 0 0 0 0 0 0 0 0 0 0 0 0 0
"midst" 0 0 1 0 0 0 0 0 0 0 0 0 0 0 0 0 0 0 0 0 0 0 1 0 0 0 0 0 0 0 0 0 0 0 0 0 1 0 2 0 0 0 0 0 1 0 0 0 0 0 0 0 0 0 0 1 0 0 0 0
"forward" 0 0 0 0 0 0 0 0 0 1 0 0 1 0 0 0 0 0 0 0 0 1 0 1 0 0 0 0 0 0 2 0 0 1 0 0 1 1 2 0 0 0 0 0 0 6 3 0 1 4 0 0 1 0 3 3 1 2 4 3
"cloth" 0 0 0 0 0 0 0 0 0 0 0 0 0 1 0 0 0 0 0 0 0 0 0 0 0 1 0 0 0 0 0 0 0 0 0 0 0 0 2 0 1 0 0 0 0 0 0 0 0 0 0 0 0 0 0 0 0 0 0 0
"washington" 0 0 0 0 0 0 0 0 0 0 0 0 0 0 0 1 1 1 0 0 0 0 1 0 1 3 0 2 0 1 0 0 0 0 1 0 0 0 2 0 0 0 0 0 0 0 2 0 1 1 3 1 0 0 0 0 0 2 2 1
"disrupt" 0 0 0 0 0 0 0 0 0 0 0 0 0 0 0 0 0 0 1 0 0 0 0 0 0 0 0 0 0 0 0 0 0 0 0 0 0 0 2 0 0 0 0 0 0 0 0 0 0 0 0 0 0 0 0 0 0 0 0 0
"die" 0 0 0 0 0 0 0 0 0 0 0 0 0 0 0 0 0 0 0 0 0 0 0 0 0 1 0 0 0 0 1 0 0 1 0 1 0 1 2 0 0 1 0 0 1 0 0 0 0 2 0 0 0 0 1 2 0 0 1 0
"stock" 0 0 0 0 0 0 0 0 0 0 0 0 0 0 0 0 0 0 0 0 0 0 0 0 0 0 0 0 0 0 1 0 0 0 0 0 0 0 2 0 0 0 0 0 0 0 0 0 0 0 0 0 0 0 0 0 0 0 0 0
"middl" 0 0 1 0 0 0 0 0 0 0 0 0 0 0 0 0 0 0 0 0 0 0 0 1 0 0 0 0 0 0 0 0 0 0 0 0 0 0 1 1 0 0 1 0 0 0 0 0 0 0 0 0 2 0 0 0 2 1 1 1
"unlimit" 0 0 1 0 0 0 0 0 0 0 0 0 0 1 1 0 0 0 0 0 0 0 0 0 0 0 0 0 0 0 0 0 0 0 0 0 0 0 1 0 0 0 0 0 0 0 0 0 0 0 0 0 0 0 1 0 0 0 0 1
"ancient" 0 0 1 1 0 0 0 1 1 1 0 0 1 1 0 0 0 2 0 0 0 0 0 0 0 0 0 0 0 0 0 0 0 0 0 0 1 1 1 0 1 0 0 1 1 0 0 1 0 1 1 1 1 0 1 0 1 0 0 0
"lose" 0 0 1 0 0 0 0 1 0 0 0 0 0 0 0 0 0 0 0 0 0 0 1 0 0 0 1 0 1 0 0 0 0 0 0 0 0 0 1 0 1 1 0 0 0 0 0 0 0 0 0 0 1 1 0 1 0 0 0 0
"terror" 0 0 1 0 0 0 0 0 0 0 0 0 0 0 0 0 0 0 0 0 0 0 0 0 0 0 0 0 0 0 0 0 0 0 0 0 1 0 1 0 0 0 0 2 0 0 0 0 2 0 0 0 2 0 0 1 0 1 1 0
"eight" 0 0 1 0 0 0 0 0 0 1 0 0 0 0 0 0 0 0 0 0 0 0 0 0 0 0 0 1 0 0 0 0 0 0 0 0 0 0 1 0 0 0 0 0 0 1 0 0 0 0 0 0 0 0 0 0 0 0 0 1
"daili" 0 0 1 0 0 0 1 1 0 0 0 0 1 1 0 0 0 0 0 0 0 0 0 0 0 0 1 0 0 0 0 0 0 0 0 0 0 1 1 0 0 1 0 0 0 0 0 0 0 0 0 0 0 0 0 0 0 0 0 0
"spread" 0 0 0 1 0 0 0 0 1 0 0 0 0 0 1 0 0 0 0 0 0 0 0 0 0 0 0 1 0 0 1 0 0 0 0 0 0 1 1 0 0 0 0 1 0 0 0 0 0 0 1 0 3 0 0 0 0 0 0 0
"learn" 0 0 0 0 0 0 0 0 0 1 0 1 1 1 0 0 0 0 0 0 0 0 0 0 0 1 0 0 0 0 0 0 0 1 1 1 0 0 0 5 2 0 0 0 4 3 2 2 0 0 1 0 2 0 1 0 2 0 1 1
"upward" 0 0 0 0 0 0 0 0 0 0 0 0 0 2 0 0 0 0 0 0 0 0 0 0 0 1 0 0 0 0 0 0 0 0 0 0 0 0 0 2 0 0 0 0 0 0 0 0 0 0 0 1 0 0 0 0 0 0 0 0
"simpl" 0 0 0 0 0 0 0 0 0 0 0 0 0 1 0 0 0 1 1 0 0 0 0 0 0 0 0 0 0 0 0 0 0 0 1 0 1 0 1 2 0 1 0 0 0 4 0 0 1 0 1 1 0 2 0 0 0 1 0 1
"mistak" 0 0 0 0 0 0 0 0 0 0 0 0 0 0 0 0 0 0 1 0 0 0 0 0 0 0 0 0 0 0 0 1 0 1 0 0 0 0 0 2 0 0 0 0 1 0 0 2 0 0 0 0 0 1 0 0 1 0 0 0
"strive" 0 0 0 0 0 0 0 0 0 0 0 0 0 0 0 0 0 0 0 1 0 0 1 0 0 0 1 0 0 0 0 0 0 2 0 0 0 0 0 2 0 4 5 0 0 1 1 0 1 2 0 0 1 0 1 0 1 1 0 1
"trend" 0 0 0 0 0 0 0 0 0 0 0 0 0 0 0 0 0 0 0 0 0 0 0 0 0 0 0 0 0 0 0 0 0 0 0 0 0 0 0 2 0 0 0 0 0 0 0 0 1 0 0 0 0 0 0 0 0 0 0 0
"solid" 1 0 1 0 0 0 0 0 0 0 0 0 0 0 0 0 1 0 0 0 0 0 0 0 0 0 0 0 0 0 0 0 0 0 0 0 0 0 0 1 0 0 0 0 0 0 0 0 0 0 0 0 0 0 0 0 0 0 0 0
"brief" 1 0 0 0 0 0 0 0 0 1 0 0 0 0 0 0 2 1 1 0 0 0 0 1 0 0 0 1 0 0 0 0 0 0 0 0 0 0 0 1 0 0 0 0 0 0 0 0 0 0 0 0 0 0 0 0 0 0 0 0
"total" 0 0 1 0 0 0 0 0 1 0 0 0 0 1 0 0 0 0 0 0 0 0 0 0 0 0 0 0 0 0 1 0 0 0 0 0 0 0 0 1 1 0 0 0 0 0 0 0 0 1 0 0 0 0 0 0 0 2 1 3
"strike" 0 0 1 0 0 1 0 0 0 0 0 0 0 1 0 0 2 1 0 0 0 0 0 0 0 0 0 0 0 0 1 1 0 1 0 0 0 0 0 1 0 2 0 0 0 0 0 0 0 0 0 0 0 0 0 0 0 0 0 0
"durabl" 0 0 1 0 0 0 0 0 0 0 0 0 0 0 0 0 1 0 0 0 0 0 0 0 0 0 0 0 0 0 0 0 0 0 0 0 0 0 0 1 0 0 0 0 0 0 1 0 0 0 0 0 0 0 1 0 1 0 0 0
"convict" 0 0 1 0 1 1 1 0 0 0 0 0 1 1 0 0 2 0 0 0 0 1 0 1 0 1 0 0 0 0 1 1 0 0 1 0 0 1 0 1 1 2 0 0 1 0 0 0 0 0 0 1 2 1 0 1 0 1 1 0
"creed" 0 0 0 1 0 0 0 0 0 1 0 0 0 0 1 0 0 0 0 0 0 0 1 0 0 0 0 0 0 0 0 0 0 0 0 0 0 0 0 1 0 1 0 0 0 0 0 0 0 1 0 0 1 1 0 1 5 0 0 1
"resolv" 0 0 0 0 1 0 0 0 1 0 0 0 0 0 0 1 0 0 2 0 0 1 0 1 0 0 0 0 0 0 0 0 1 1 0 0 0 0 0 1 2 0 1 0 0 0 3 0 1 2 0 3 1 1 1 0 3 0 3 0
"flow" 0 0 0 0 1 0 0 0 0 0 1 0 0 1 1 0 0 0 0 0 0 0 0 0 0 0 0 0 0 0 0 0 0 2 0 0 0 0 0 1 0 0 0 0 0 0 0 0 0 0 0 0 0 0 1 1 0 0 0 0
"height" 0 0 0 0 0 1 0 0 0 0 0 0 1 0 0 0 0 0 0 0 0 0 0 1 0 0 0 0 0 0 0 0 0 1 0 0 0 0 0 1 0 0 0 0 0 0 0 0 0 0 0 0 1 0 0 0 0 0 0 1
"victori" 0 0 0 0 0 0 1 0 1 0 0 1 0 0 0 0 0 0 0 0 0 0 0 1 0 0 0 0 0 0 0 0 0 0 1 0 1 0 0 1 0 0 0 1 1 1 0 0 1 2 0 0 0 0 0 0 1 2 1 2
"agre" 0 0 0 0 0 0 0 0 0 1 0 0 1 1 1 0 0 1 0 0 0 0 0 0 0 0 0 0 0 0 0 0 0 1 0 0 0 0 0 1 1 0 0 0 0 0 0 0 0 1 0 0 0 1 0 0 1 0 0 0
"suspicion" 0 0 0 0 0 0 0 0 0 0 0 1 0 0 0 0 0 1 0 0 0 0 0 0 0 0 0 0 0 0 0 0 0 1 0 2 0 0 0 1 0 0 0 1 0 0 0 0 0 0 0 0 0 0 0 0 1 0 0 0
"forev" 0 0 0 0 0 0 0 0 0 0 0 1 1 0 0 0 0 1 1 0 0 0 1 0 0 0 0 1 0 0 0 0 0 0 1 0 0 0 1 1 0 0 1 0 0 0 0 0 0 1 0 1 1 0 1 0 2 1 0 0
"run" 0 0 0 0 0 0 0 0 0 0 0 0 1 0 0 0 0 0 0 0 0 0 0 0 0 0 0 1 0 0 1 0 1 0 0 0 0 1 0 1 0 0 0 1 0 0 0 0 0 0 0 0 0 1 2 1 0 0 0 0
"revers" 0 0 0 0 0 0 0 0 0 0 0 0 0 1 1 0 0 0 0 0 0 0 0 0 0 0 0 0 0 0 0 0 0 1 0 0 0 0 0 1 0 0 0 0 0 1 0 0 1 1 0 0 0 0 0 0 0 0 0 1
"alli" 0 0 0 0 0 0 0 0 0 0 0 0 0 3 1 0 0 0 0 0 0 0 0 0 0 1 0 1 0 0 0 0 0 0 0 0 0 0 0 1 1 0 0 1 0 0 0 0 1 2 0 1 0 1 1 0 0 0 0 0
"structur" 0 0 0 0 0 0 0 0 0 0 0 0 0 0 1 0 0 0 0 0 0 0 0 0 0 0 0 0 0 0 0 0 0 0 1 2 0 1 1 1 1 0 0 0 0 1 3 0 0 0 0 0 0 0 0 0 0 0 0 0
"valley" 0 0 0 0 0 0 0 0 0 0 0 0 0 0 2 0 0 0 0 0 0 0 0 0 0 0 0 0 0 0 0 0 0 0 0 0 0 1 0 1 0 0 0 0 0 1 0 0 0 1 0 1 0 0 0 0 0 0 0 0
"base" 0 0 0 0 0 0 0 0 0 0 0 0 0 0 0 0 1 0 0 0 0 0 0 0 0 0 0 0 0 0 2 1 0 0 1 2 0 0 0 1 4 0 0 0 0 0 1 1 0 0 1 0 0 0 1 1 0 0 0 0
"vice" 0 0 0 0 0 0 0 0 0 0 0 0 0 0 0 0 0 0 0 0 0 0 0 2 0 0 0 0 0 0 0 0 0 0 0 0 0 0 0 1 1 0 1 2 0 2 1 0 2 1 1 0 0 1 1 0 1 0 3 2
"mistrust" 0 0 0 0 0 0 0 0 0 0 0 0 0 0 0 0 0 0 0 0 0 0 0 0 0 1 0 0 0 0 0 0 0 0 0 0 0 0 0 1 0 0 0 0 0 0 0 1 0 0 1 0 0 0 0 0 0 0 0 0
"smooth" 0 0 0 0 0 0 0 0 0 0 0 0 0 0 0 0 0 0 0 0 0 0 0 0 0 0 0 0 1 0 1 0 0 0 0 0 0 0 0 1 0 0 0 0 0 0 0 0 0 0 0 0 0 0 0 0 0 0 0 0
"histor" 0 0 0 0 0 0 0 0 0 0 0 0 0 0 0 0 0 0 0 0 0 0 0 0 0 0 0 0 1 0 0 0 0 0 0 0 0 1 0 1 0 1 1 1 0 0 0 0 1 1 0 1 0 0 0 0 0 1 1 2
"start" 0 0 0 0 0 0 0 0 0 0 0 0 0 0 0 0 0 0 0 0 0 0 0 0 0 0 0 0 0 0 0 0 0 1 0 0 0 0 0 1 0 0 0 0 0 0 0 0 0 3 0 0 0 0 1 1 0 2 1 2
"faint" 0 0 0 0 0 0 0 0 0 0 0 0 0 0 0 0 0 0 0 0 0 0 0 0 0 0 0 0 0 0 0 0 0 0 0 0 0 0 0 1 0 0 0 0 0 0 0 0 0 0 0 1 0 0 0 0 0 0 0 0
"schoolmast" 0 0 0 0 0 0 0 0 0 0 0 0 0 0 0 0 0 0 0 0 0 0 0 0 0 0 0 0 0 0 0 0 0 0 0 0 0 0 0 1 0 0 0 0 0 0 0 0 0 0 0 0 0 0 0 0 0 0 0 0
"dr" 0 0 0 0 0 0 0 0 0 0 0 0 0 0 0 0 0 0 0 0 0 0 0 0 0 0 0 0 0 0 0 0 0 0 0 0 0 0 0 1 0 0 0 0 0 0 0 0 1 0 0 0 0 0 0 0 0 0 1 0
"peabodi" 0 0 0 0 0 0 0 0 0 0 0 0 0 0 0 0 0 0 0 0 0 0 0 0 0 0 0 0 0 0 0 0 0 0 0 0 0 0 0 1 0 0 0 0 0 0 0 0 0 0 0 0 0 0 0 0 0 0 0 0
"untroubl" 0 0 0 0 0 0 0 0 0 0 0 0 0 0 0 0 0 0 0 0 0 0 0 0 0 0 0 0 0 0 0 0 0 0 0 0 0 0 0 1 0 0 0 0 0 0 0 0 0 0 0 0 0 0 0 0 0 0 0 0
"downward" 0 0 0 0 0 0 0 0 0 0 0 0 0 0 0 0 0 0 0 0 0 0 0 0 0 0 0 0 0 0 0 0 0 0 0 0 0 0 0 1 0 0 0 0 0 0 0 0 0 0 0 0 0 0 0 0 0 0 0 0
"peak" 0 0 0 0 0 0 0 0 0 0 0 0 0 0 0 0 0 0 0 0 0 0 0 0 0 0 0 0 0 0 0 0 0 0 0 0 0 0 0 1 0 0 0 0 0 0 0 0 0 0 0 0 0 0 0 0 1 0 0 0
"ostrich" 0 0 0 0 0 0 0 0 0 0 0 0 0 0 0 0 0 0 0 0 0 0 0 0 0 0 0 0 0 0 0 0 0 0 0 0 0 0 0 1 0 0 0 0 0 0 0 0 0 0 0 0 0 0 0 0 0 0 0 0
"dog" 0 0 0 0 0 0 0 0 0 0 0 0 0 0 0 0 0 0 0 0 0 0 0 0 0 0 0 0 0 0 0 0 0 0 0 0 0 0 0 1 0 0 0 0 0 0 0 0 0 0 0 0 0 0 0 0 0 0 0 0
"manger" 0 0 0 0 0 0 0 0 0 0 0 0 0 0 0 0 0 0 0 0 0 0 0 0 0 0 0 0 0 0 0 0 0 0 0 0 0 0 0 1 0 0 0 0 0 0 0 0 0 0 0 0 0 0 0 0 0 0 0 0
"emerson" 0 0 0 0 0 0 0 0 0 0 0 0 0 0 0 0 0 0 0 0 0 0 0 0 0 0 0 0 0 0 0 0 0 0 0 0 0 0 0 1 0 0 0 0 0 0 0 0 0 0 0 0 0 0 0 0 0 0 0 0
"stout" 0 0 0 0 0 0 0 0 0 0 0 0 0 0 0 0 0 0 0 0 0 0 0 0 0 0 0 0 0 0 0 0 0 0 0 0 0 0 0 1 0 0 0 0 0 0 0 0 0 0 0 0 0 0 0 0 0 0 0 0
"blow" 0 0 0 0 0 0 0 0 0 0 0 0 0 0 0 0 0 0 0 0 0 0 0 0 0 0 0 0 0 0 0 0 0 0 0 0 0 0 0 1 0 0 1 0 0 0 0 0 0 2 4 0 0 0 0 0 0 0 0 0
"anguish" 0 0 0 0 0 0 0 0 0 0 0 0 0 0 0 0 0 0 0 0 0 0 0 0 0 0 0 0 0 0 0 0 0 0 0 0 0 0 0 1 0 0 0 0 0 1 0 0 0 0 0 0 0 0 0 0 0 0 0 0
"program" 0 0 0 0 0 0 0 0 0 0 0 0 0 0 0 0 0 0 0 0 0 0 0 0 0 0 0 0 0 0 0 0 0 1 1 0 1 0 0 0 8 0 0 0 0 1 0 0 0 3 1 0 0 1 0 1 1 0 0 0
"communism" 0 0 0 0 0 0 0 0 0 0 0 0 0 0 0 0 0 0 0 0 0 0 0 0 0 0 0 0 0 0 0 0 0 0 0 0 0 0 0 0 6 0 2 0 0 0 0 0 0 0 0 2 0 0 1 1 1 0 0 1
"agreement" 0 0 0 0 0 0 0 0 1 0 0 0 0 0 0 0 0 0 0 0 0 0 0 0 0 0 0 0 0 0 0 0 1 0 0 0 1 0 0 0 5 0 0 0 0 0 0 0 0 0 1 0 0 0 0 0 0 0 0 0
"area" 0 0 0 0 0 0 0 0 0 0 0 0 0 0 0 0 0 0 0 0 0 0 0 1 0 0 0 0 0 0 0 0 0 0 0 0 0 0 0 0 5 1 0 1 0 1 0 0 0 2 1 0 0 0 0 0 0 0 0 0
"philosophi" 0 0 0 0 0 0 0 0 0 0 0 0 1 0 0 0 0 0 0 0 0 0 0 0 0 0 0 0 0 0 0 0 0 0 0 0 0 0 0 0 4 1 0 0 0 0 0 0 0 0 0 0 0 0 0 0 0 0 0 0
"scientif" 0 0 0 0 0 0 0 0 0 1 0 0 0 0 0 0 0 0 0 0 0 0 0 0 0 0 0 0 0 0 1 0 0 0 0 0 0 0 0 0 3 0 0 0 0 0 0 0 0 0 0 0 0 0 0 0 0 0 0 0
"concept" 0 0 0 0 0 0 0 0 0 0 0 0 0 0 0 0 0 1 0 0 0 0 0 0 0 0 0 1 0 0 1 0 1 2 0 2 0 0 0 0 3 1 0 0 0 0 0 0 0 0 0 0 0 0 0 0 0 0 0 0
"technic" 0 0 0 0 0 0 0 0 0 0 0 0 0 0 0 0 0 0 0 0 0 0 0 0 0 0 0 0 0 0 0 0 0 0 0 1 0 0 0 0 3 0 0 0 0 0 0 0 0 0 0 0 0 0 0 0 0 0 0 0
"decent" 0 0 1 0 0 0 0 0 0 0 0 0 0 1 0 0 0 0 0 0 0 0 0 0 0 0 0 0 0 0 0 0 0 0 0 0 0 0 0 0 2 0 0 0 0 1 0 0 0 1 1 0 0 1 2 1 0 0 0 0
"mark" 0 0 0 0 0 1 1 1 0 0 0 0 2 2 0 1 2 0 0 0 0 0 2 1 0 0 0 0 0 0 1 0 1 1 1 0 0 1 0 0 2 0 0 0 0 0 0 1 0 0 0 0 0 0 1 1 0 0 1 0
"abund" 0 0 0 0 0 0 0 2 0 0 0 0 1 2 0 0 1 0 0 0 0 0 0 0 0 0 0 0 0 0 0 1 0 0 1 0 0 1 0 0 2 0 0 0 2 1 1 0 0 1 0 0 0 0 0 0 0 0 0 0
"atlant" 0 0 0 0 0 0 0 1 1 0 0 0 0 0 0 0 0 1 0 0 0 0 0 0 0 1 0 0 0 0 0 0 0 0 1 0 0 0 0 0 2 0 0 0 0 0 0 0 0 0 0 0 0 0 0 0 0 0 0 0
"brought" 0 0 0 0 0 0 0 1 1 0 1 0 0 0 0 0 1 0 1 0 0 1 1 2 0 0 0 0 0 1 2 0 0 0 0 0 0 0 1 0 2 0 0 0 2 0 0 0 0 1 0 0 0 0 0 0 0 0 1 0
"move" 0 0 0 0 0 0 0 0 0 0 0 0 0 1 0 0 1 0 0 0 0 0 0 1 0 2 1 0 0 0 0 1 0 0 1 1 1 1 1 0 2 0 0 0 1 1 1 1 0 1 3 0 4 1 5 1 1 0 2 1
"guarante" 0 0 0 0 0 0 0 0 0 0 0 0 0 1 2 0 0 0 1 0 0 0 0 1 0 0 1 0 0 0 0 0 0 0 2 0 0 0 0 0 2 0 0 0 0 0 0 0 2 0 0 0 1 0 0 0 0 0 1 0
"mountain" 0 0 0 0 0 0 0 0 0 0 0 0 0 0 1 0 0 1 0 0 1 0 0 0 0 1 0 0 0 0 0 0 0 0 0 0 0 0 0 0 0 4 0 0 0 0 0 0 0 1 0 0 0 0 0 1 0 2 0 1
"defin" 1 0 0 0 0 0 0 0 0 0 0 0 0 1 0 0 0 0 0 0 0 0 0 0 0 0 1 0 0 0 0 0 0 0 0 0 0 0 0 0 0 3 0 0 0 0 0 1 0 0 0 1 1 1 3 2 1 1 2 0
"soldier" 0 0 0 0 0 0 0 0 0 0 0 1 0 0 0 0 1 0 0 0 0 0 0 0 0 1 0 1 0 0 0 0 0 2 0 0 0 0 0 0 0 3 0 0 0 0 0 0 0 0 0 0 0 0 2 0 2 1 0 1
"leader" 0 0 0 0 0 0 0 0 0 0 0 1 0 1 0 0 0 0 0 0 0 0 0 0 0 0 0 0 0 0 0 0 1 0 0 1 0 0 0 0 1 3 0 0 1 2 0 0 0 0 2 0 0 2 2 1 0 0 4 0
"factori" 0 0 0 0 0 0 0 0 0 0 0 0 0 0 0 0 0 0 0 0 0 0 0 0 0 1 0 1 0 0 1 1 0 0 0 0 0 1 0 0 0 3 0 0 0 0 0 0 2 0 0 0 1 0 0 1 0 3 0 1
"spiritu" 0 0 0 0 0 0 0 0 0 0 0 0 0 0 0 0 0 0 0 0 0 0 0 0 0 0 0 0 0 0 0 1 0 2 1 1 0 0 0 0 0 3 0 1 0 0 0 2 0 0 0 0 0 0 0 0 0 0 0 0
"level" 0 0 0 0 1 0 0 0 0 0 0 0 0 0 0 0 0 0 0 0 0 0 0 0 0 0 0 0 0 0 0 0 0 1 0 0 1 1 0 0 0 2 0 0 0 0 2 0 1 0 0 0 0 0 0 0 0 0 1 1
"mass" 0 0 0 0 1 0 0 0 0 0 0 1 2 3 2 0 1 0 0 0 0 0 0 1 0 1 0 0 0 0 0 0 0 0 0 1 0 0 0 0 0 2 0 1 0 0 0 0 0 0 0 0 0 1 0 0 0 0 0 0
"precept" 0 0 0 0 0 0 1 0 0 0 0 0 0 0 0 0 0 0 0 0 0 0 0 0 0 0 0 0 0 0 0 0 0 0 1 0 0 0 0 0 1 2 0 0 0 0 0 0 0 0 0 0 0 0 0 0 0 0 0 0
"digniti" 0 0 0 0 0 0 0 1 0 0 0 0 0 0 0 0 0 0 0 0 0 0 0 0 1 0 0 0 0 0 0 0 1 0 1 0 0 0 0 0 1 2 2 0 0 2 1 1 1 5 0 0 1 2 3 1 2 0 3 1
"fate" 0 0 0 0 1 0 0 0 0 1 0 0 1 0 0 0 0 0 0 0 0 0 0 0 0 0 0 0 0 0 0 0 0 0 0 0 0 0 1 0 0 0 3 0 1 0 0 1 2 0 0 1 0 0 0 1 0 0 1 0
"price" 0 0 0 0 0 0 0 1 2 0 0 0 0 0 3 0 1 1 0 0 0 0 0 0 1 0 1 0 0 0 1 0 0 2 1 0 0 0 0 0 0 0 3 1 1 0 0 0 4 0 0 0 0 0 0 1 1 0 0 3
"across" 0 0 0 0 0 0 0 0 0 0 0 0 0 0 0 0 0 1 0 0 0 0 0 2 0 0 0 0 0 0 0 1 0 0 1 0 0 0 1 0 0 0 3 1 0 1 0 0 1 0 0 4 2 1 1 3 0 5 1 0
"name" 0 0 1 1 0 0 1 0 1 1 0 0 0 2 0 0 0 0 0 0 0 0 0 0 0 0 0 1 1 0 2 0 1 0 1 0 0 0 0 0 0 0 2 0 0 0 0 0 0 2 1 0 1 0 1 0 1 0 1 2
"shaken" 0 0 0 0 1 0 0 0 0 1 0 0 0 0 0 0 0 0 0 0 0 0 0 0 0 0 0 0 0 0 0 0 1 0 0 0 0 0 0 0 0 0 2 0 0 0 0 0 0 0 0 1 0 0 0 0 0 0 0 0
"weight" 0 0 0 0 1 1 1 0 1 0 0 0 1 0 0 0 1 0 0 0 0 0 0 0 0 0 0 0 0 0 1 1 0 1 1 0 0 0 0 0 1 0 2 0 0 0 0 0 0 0 0 0 0 0 0 0 0 0 0 0
"flame" 0 0 0 0 0 0 0 0 1 0 0 0 0 0 0 0 0 0 0 0 0 0 0 0 0 0 0 0 0 0 0 0 0 0 0 0 0 0 0 0 0 0 2 0 0 0 0 0 1 0 0 0 1 0 0 0 1 0 0 0
"skill" 0 0 0 0 0 0 0 0 0 0 1 0 0 0 1 0 2 0 0 0 0 0 0 0 0 1 0 0 0 0 0 0 0 0 0 0 0 0 0 0 1 0 2 0 0 0 0 0 0 0 0 0 0 0 0 1 2 0 0 0
"toil" 0 0 0 0 0 0 0 0 0 0 0 0 0 0 1 0 0 0 0 1 0 0 0 0 0 0 1 0 0 0 0 0 0 1 1 0 1 0 0 0 0 1 2 0 1 0 0 0 0 0 0 1 0 0 0 1 0 0 0 0
"desper" 0 0 0 0 0 0 0 0 0 0 0 0 0 0 0 0 0 0 1 0 0 0 0 0 0 0 0 0 0 0 0 0 0 0 0 0 0 0 0 0 0 0 2 0 0 0 0 0 0 0 0 0 0 0 0 0 0 0 1 1
"welcom" 0 0 0 0 0 0 0 0 0 0 0 0 0 0 0 0 0 0 0 0 0 0 0 0 0 1 0 0 1 0 0 0 0 0 1 0 0 0 0 0 1 0 2 2 1 1 0 0 0 1 0 0 0 0 1 0 1 0 0 0
"dwell" 1 0 0 0 0 0 0 0 0 0 0 0 0 0 0 0 0 0 0 0 0 0 0 0 0 0 0 0 0 0 0 0 0 0 0 0 0 0 0 0 0 0 1 0 0 0 0 1 0 0 0 0 0 0 0 0 0 0 0 0
"globe" 0 0 0 1 0 0 0 1 0 1 0 0 1 0 0 0 1 0 0 0 0 0 0 0 0 0 0 0 0 0 0 0 0 0 0 0 0 0 0 0 0 0 1 3 1 0 0 0 0 0 0 0 1 0 0 1 1 0 0 0
"instead" 1 0 0 0 1 0 0 1 0 0 0 0 0 0 0 0 0 0 1 0 0 0 0 0 1 0 1 0 1 0 0 0 0 0 0 0 0 1 0 0 0 0 0 2 0 2 0 1 0 1 0 1 2 1 2 1 0 0 1 1
"allianc" 0 0 0 1 0 0 0 0 0 0 0 0 1 1 1 1 0 1 0 0 0 0 0 0 1 0 0 0 0 0 0 0 0 1 0 0 0 0 0 0 0 0 1 2 0 0 0 0 0 1 1 0 0 0 0 1 1 1 1 0
"absolut" 0 0 0 1 0 0 0 0 0 0 0 0 0 0 0 0 1 1 0 0 0 0 0 1 0 0 0 0 0 0 2 0 0 0 2 1 0 0 0 0 0 0 0 2 0 0 0 1 0 0 0 0 0 0 0 0 1 0 0 0
"around" 0 0 0 0 1 0 0 0 0 0 0 0 1 0 1 0 2 1 0 0 0 0 1 2 0 0 0 0 0 0 0 0 0 0 0 1 0 0 0 0 0 0 0 2 0 1 0 0 2 1 2 1 1 0 0 1 0 0 1 0
"foe" 0 0 0 0 0 0 0 1 0 0 1 0 0 0 0 0 0 0 0 0 0 0 0 0 0 0 0 1 0 0 0 0 0 0 0 0 1 0 0 0 0 0 0 2 0 0 0 0 0 0 0 0 0 0 0 1 0 0 1 0
"diseas" 0 0 0 0 0 0 0 0 0 1 0 0 0 0 0 0 0 0 0 0 0 0 0 0 0 0 1 0 0 0 0 0 0 0 0 2 0 1 0 0 1 1 0 2 0 0 0 0 0 0 0 0 0 0 0 0 0 1 1 1
"explor" 0 0 0 0 0 0 0 0 0 1 0 0 0 0 0 0 0 0 0 0 0 0 0 0 0 0 0 0 0 0 0 0 0 0 0 0 0 0 0 0 0 0 0 2 0 1 0 0 0 0 0 0 1 0 0 0 0 0 0 1
"truli" 0 0 0 0 0 0 0 0 0 0 0 0 0 0 0 1 1 0 0 0 0 0 0 0 0 1 0 0 0 0 0 0 0 0 0 0 0 0 0 0 0 0 0 2 0 3 0 1 0 0 1 0 0 0 0 0 1 1 0 0
"anew" 0 0 0 0 0 0 0 0 0 0 0 0 0 0 0 0 0 0 0 0 0 0 0 0 1 0 0 0 0 0 0 0 0 0 0 0 0 0 1 0 0 1 0 2 0 0 0 0 0 1 0 1 0 0 2 0 1 0 1 0
"loyalti" 0 0 0 0 0 0 0 0 0 0 0 0 0 0 0 0 0 0 0 0 0 0 0 0 0 0 1 0 0 0 0 0 0 0 1 0 0 0 0 0 0 0 0 2 0 0 0 0 2 0 0 0 0 0 0 1 0 2 0 1
"deed" 0 0 0 0 0 0 0 0 0 0 0 0 0 0 0 0 0 0 0 0 0 0 0 0 0 0 0 0 0 1 0 0 0 0 0 0 0 0 0 0 0 1 0 2 0 0 0 0 1 0 0 0 0 0 0 0 0 0 0 0
"tyranni" 0 0 0 0 0 0 0 0 0 0 0 0 0 0 0 0 0 0 0 0 0 0 0 0 0 0 0 0 0 0 1 0 0 0 0 0 0 0 1 0 1 0 0 2 1 0 0 0 0 0 0 0 1 0 5 0 1 0 0 1
"forebear" 0 0 0 0 0 0 0 0 0 0 0 0 0 0 0 0 0 0 0 0 0 0 0 0 0 0 0 0 0 0 0 0 0 0 0 0 0 0 0 0 0 0 0 2 1 0 0 0 0 0 0 0 0 0 0 0 1 0 1 0
"undo" 0 0 0 0 0 0 0 0 0 0 0 0 0 0 0 0 0 0 0 0 0 0 0 0 0 0 0 0 0 0 0 0 0 0 0 0 0 0 0 0 0 0 0 2 0 0 0 0 0 0 0 0 0 0 0 0 0 0 0 0
"temper" 1 0 1 1 0 0 0 1 0 0 0 0 0 0 0 0 1 0 2 0 0 0 0 0 0 1 1 0 0 0 0 0 0 0 0 0 1 0 0 0 0 0 0 1 0 0 0 0 0 0 0 1 0 0 0 1 1 0 0 0
"chain" 0 0 1 0 0 0 0 0 0 0 0 0 1 0 0 0 0 0 0 0 0 0 0 0 0 0 0 0 0 0 0 0 0 0 0 0 0 0 0 0 0 1 0 1 0 0 0 0 0 0 0 0 0 0 1 0 0 0 0 0
"iron" 0 0 1 0 0 0 0 0 0 0 0 0 0 1 0 0 0 0 0 0 0 0 0 0 0 1 0 0 0 0 0 0 0 0 0 0 0 0 0 0 0 0 0 1 0 0 0 0 0 0 0 0 0 0 0 0 0 0 0 0
"asund" 0 0 1 0 0 0 0 0 0 0 0 0 0 0 0 0 0 0 0 0 0 0 0 0 0 0 0 0 0 0 0 0 0 0 0 0 0 0 0 0 0 0 0 1 0 0 0 0 0 0 0 0 0 0 0 0 0 0 0 0
"revolutionari" 0 0 1 1 0 0 0 0 0 1 0 0 0 0 0 0 1 0 2 0 0 0 0 0 0 0 0 0 0 0 0 0 0 0 0 0 0 1 0 0 0 0 0 1 0 0 0 0 1 0 0 0 0 0 0 0 0 0 0 0
"stranger" 0 0 0 1 1 0 0 0 0 2 0 0 0 0 0 0 0 0 1 0 0 0 0 0 0 0 0 0 0 0 0 0 0 0 0 0 0 0 0 0 0 0 1 0 3 0 0 0 0 0 0 0 0 1 0 1 0 0 0 0
"masteri" 0 0 0 0 0 0 0 0 0 0 0 0 0 0 0 0 0 0 0 0 0 0 0 0 0 0 0 0 0 0 0 0 0 0 0 0 0 0 0 0 0 0 0 0 3 0 0 0 0 0 0 0 0 0 0 0 0 0 0 0
"secret" 0 0 1 0 0 0 0 0 0 0 0 0 0 0 0 0 0 0 0 0 0 0 0 0 0 1 0 0 0 0 0 1 0 0 0 0 0 0 0 0 0 0 0 0 2 0 0 0 0 0 0 0 0 0 0 0 0 0 0 0
"dominion" 0 0 0 0 0 0 0 0 3 2 0 0 0 0 2 0 0 1 0 0 0 0 0 0 0 0 0 0 0 0 0 0 0 0 1 0 0 0 0 0 0 0 0 0 2 1 0 0 0 0 0 0 0 0 0 0 0 0 0 0
"child" 0 0 0 0 0 0 0 0 0 0 0 0 0 0 0 0 0 0 0 0 0 0 0 1 0 0 0 0 0 0 0 0 0 0 0 0 0 0 0 0 0 0 0 0 2 1 0 0 0 0 1 1 1 1 0 2 1 1 0 2
"harvest" 0 0 0 0 0 0 0 0 0 0 0 0 0 0 0 0 0 0 0 0 0 0 0 0 0 1 0 0 0 0 0 0 0 0 0 0 0 0 0 0 0 0 0 0 2 0 0 0 0 0 0 0 0 0 0 0 0 0 0 0
"bounti" 0 0 0 0 0 0 0 0 0 0 0 0 0 0 0 0 0 0 0 0 0 0 0 0 0 0 1 0 0 0 0 1 0 0 0 0 1 0 0 0 0 0 1 0 2 0 0 0 1 0 0 0 1 0 0 0 0 0 0 0
"mar" 0 0 0 0 0 0 0 0 0 0 0 0 0 0 0 0 0 0 0 0 0 0 0 0 0 0 0 1 0 0 0 0 0 0 0 0 0 0 0 0 0 0 0 0 2 0 0 0 0 0 0 0 0 0 0 0 0 0 0 1
"outsid" 0 0 0 0 0 0 0 0 0 0 0 0 0 0 0 0 0 0 0 0 0 0 0 0 0 0 0 0 0 0 0 0 1 0 0 0 0 0 0 0 0 0 0 0 2 0 0 0 0 0 0 0 0 0 0 1 0 0 0 0
"hatr" 0 0 0 0 0 0 0 0 0 0 0 0 0 0 0 0 0 0 0 0 0 0 0 0 0 0 0 0 0 0 0 0 0 1 0 0 0 0 0 0 0 0 0 0 2 2 0 0 0 1 0 1 0 0 2 2 0 0 1 0
"weapon" 0 0 0 0 0 0 0 0 0 0 0 0 0 0 0 0 0 0 0 0 0 0 0 0 0 0 0 0 0 0 0 0 0 0 0 0 0 0 0 0 1 0 1 1 2 0 0 2 3 6 0 0 1 1 0 0 0 0 0 2
"shoulder" 0 0 0 0 0 0 0 0 0 0 0 0 0 0 0 0 0 0 0 0 0 0 0 0 0 0 0 0 0 0 0 0 0 0 0 0 0 0 0 0 0 0 1 0 2 0 0 0 1 0 0 0 0 0 0 0 1 0 0 0
"rocket" 0 0 0 0 0 0 0 0 0 0 0 0 0 0 0 0 0 0 0 0 0 0 0 0 0 0 0 0 0 0 0 0 0 0 0 0 0 0 0 0 0 0 0 0 2 0 0 0 0 0 0 0 0 0 0 0 0 0 0 0
"span" 0 0 0 0 0 0 0 0 0 0 0 0 0 0 0 0 0 0 0 0 0 0 0 0 0 0 0 0 0 0 0 0 0 0 0 0 0 0 0 0 0 0 0 0 2 0 0 0 0 0 0 0 0 0 0 1 0 0 0 0
"fall" 0 0 1 1 0 0 0 0 1 0 0 0 0 1 0 0 0 0 0 0 0 0 0 1 0 1 0 0 0 0 0 0 0 0 1 0 0 0 0 0 0 0 0 0 1 2 0 0 2 1 0 0 0 0 0 0 1 0 0 0
"majesti" 0 0 1 0 0 0 0 0 1 0 0 0 1 0 0 0 0 0 0 0 0 0 0 0 0 0 0 0 0 0 0 0 0 0 0 0 0 0 0 0 0 0 0 0 1 1 0 0 0 0 0 0 0 0 0 0 0 0 0 0
"heard" 0 0 0 0 0 0 0 0 0 2 0 0 0 0 0 0 0 1 0 0 0 0 0 0 0 1 0 0 0 0 0 0 0 0 0 0 0 1 0 0 0 0 0 0 0 4 0 0 0 0 1 1 0 0 0 0 0 1 1 1
"celebr" 0 0 0 0 0 0 0 0 0 0 0 0 0 2 0 0 0 0 0 0 0 0 0 1 0 1 0 0 0 0 0 0 0 0 0 0 0 0 0 0 0 0 0 1 0 4 1 0 0 1 1 4 1 0 2 2 1 3 1 0
"third" 0 0 0 0 0 0 0 0 0 0 0 0 0 1 0 0 0 0 0 0 0 0 0 0 0 0 0 0 0 0 0 0 0 0 0 0 0 0 0 0 1 0 1 0 1 4 1 0 0 0 0 0 1 0 0 0 0 0 0 0
"goal" 0 0 0 0 0 0 0 0 0 0 0 0 0 0 0 0 0 0 0 0 0 0 0 0 0 0 0 0 0 0 0 0 0 1 0 0 0 1 0 0 0 1 0 0 1 4 0 2 2 2 0 0 0 1 3 0 0 0 0 0
"shape" 0 0 0 1 0 0 0 0 0 0 0 0 0 1 0 0 0 0 0 0 0 0 1 0 0 0 0 0 0 0 1 0 0 0 0 0 0 0 0 0 0 0 0 0 0 3 0 1 0 0 0 1 2 1 0 2 1 0 0 1
"dream" 0 0 0 0 0 0 0 0 0 0 0 0 0 3 0 0 1 0 0 0 0 0 0 0 0 0 0 0 0 0 0 0 0 1 0 0 0 1 0 0 0 0 0 0 1 3 2 5 5 3 0 0 7 1 0 0 1 6 2 7
"listen" 0 0 0 0 0 0 0 0 0 0 0 0 0 0 0 0 1 0 0 0 0 0 0 0 0 0 0 0 0 0 0 0 0 0 0 0 0 1 0 0 0 0 0 0 0 3 0 0 0 0 0 0 0 1 0 0 0 1 1 0
"brother" 0 0 0 0 0 0 0 0 0 0 0 0 0 0 0 0 0 0 0 0 0 0 0 0 0 0 0 0 0 0 0 1 0 0 1 0 0 0 0 0 0 1 0 0 0 3 0 0 0 0 0 0 0 0 0 0 1 0 0 0
"moon" 0 0 0 0 0 0 0 0 0 0 0 0 0 0 0 0 0 0 0 0 0 0 0 0 0 0 0 0 0 0 0 0 0 0 0 0 0 0 0 0 0 0 0 0 0 3 0 0 0 1 0 0 0 0 0 0 0 0 0 0
"rhetor" 0 0 0 0 0 0 0 0 0 0 0 0 0 0 0 0 0 0 0 0 0 0 0 0 0 0 0 0 0 0 0 0 0 0 0 0 0 0 0 0 0 0 0 0 0 3 0 0 0 0 0 0 0 0 0 0 0 0 0 0
"etern" 1 0 0 0 0 0 0 0 0 0 0 0 0 0 0 0 1 0 1 0 0 0 0 0 0 0 0 0 0 0 0 0 0 0 1 0 0 0 0 0 0 1 0 0 0 2 0 0 0 0 0 0 0 1 1 0 0 0 1 0
"conquer" 0 0 0 0 0 0 1 0 0 0 1 0 0 0 0 0 0 0 0 0 0 0 0 1 0 0 0 0 0 0 0 0 0 0 0 0 1 0 0 0 0 0 0 1 1 2 0 0 0 1 1 0 0 1 0 0 0 0 0 1
"youth" 0 0 0 0 0 0 0 1 0 0 0 0 0 0 0 0 0 0 0 0 0 0 0 0 0 0 0 0 0 0 0 0 0 0 0 1 0 0 0 0 0 0 0 0 0 2 0 0 0 1 0 0 0 0 0 0 1 0 0 0
"adventur" 0 0 0 0 0 0 0 0 1 0 0 0 0 0 1 0 0 0 0 0 0 0 0 0 0 0 0 0 0 0 0 0 0 0 0 0 0 0 0 0 0 0 0 0 0 2 0 0 0 0 0 0 0 0 0 0 0 0 0 1
"transfer" 0 0 0 0 0 0 0 0 2 0 0 0 0 0 2 0 0 0 0 0 0 0 0 0 1 0 0 0 1 0 0 0 0 0 0 1 0 0 0 0 0 0 0 0 0 2 0 0 1 0 0 0 0 1 0 0 0 3 1 0
"dawn" 0 0 0 0 0 0 0 0 0 0 0 1 0 0 0 0 1 0 0 0 0 0 0 0 0 0 0 0 0 0 0 0 0 0 0 0 0 0 0 0 0 0 0 0 0 2 1 0 0 0 0 1 1 0 0 0 0 0 0 0
"quiet" 0 0 0 0 0 0 0 0 0 0 0 0 1 0 0 0 0 0 0 0 0 0 0 0 0 0 0 0 0 0 0 0 0 0 0 0 0 0 0 0 0 0 0 0 0 2 0 1 1 0 0 0 0 1 2 1 1 0 0 0
"beauti" 0 0 0 0 0 0 0 0 0 0 0 0 0 3 0 0 1 0 0 0 0 0 0 0 0 0 0 0 0 0 0 1 0 0 0 1 0 0 0 0 0 0 0 0 0 2 0 1 1 0 1 1 0 0 0 0 0 1 0 2
"lifetim" 0 0 0 0 0 0 0 0 0 0 0 0 0 0 1 0 0 0 0 0 0 0 0 0 0 0 0 0 0 0 0 0 0 0 0 1 0 0 1 0 0 0 0 1 1 2 0 0 0 0 0 0 0 0 0 0 0 0 1 0
"space" 0 0 0 0 0 0 0 0 0 0 0 0 0 0 0 0 0 0 1 0 0 0 0 0 0 0 0 0 0 0 0 0 0 0 0 0 0 0 0 0 0 0 0 0 1 2 0 0 0 1 0 0 0 0 0 0 0 1 0 0
"black" 0 0 0 0 0 0 0 0 0 0 0 0 0 0 0 0 0 0 0 0 0 0 0 0 0 1 0 0 0 0 0 0 0 0 0 0 0 0 0 0 0 0 0 0 0 2 0 0 0 1 0 0 0 0 0 0 0 1 0 1
"enlist" 0 0 0 0 0 0 0 0 0 0 0 0 0 0 0 0 0 0 0 0 0 0 0 0 0 0 0 0 0 0 0 0 0 0 0 1 0 0 1 0 0 0 0 0 0 2 0 0 0 0 0 0 0 0 0 0 1 0 0 0
"horizon" 0 0 0 0 0 0 0 0 0 0 0 0 0 0 0 0 0 0 0 0 0 0 0 0 0 0 0 0 0 0 0 0 0 0 0 0 0 1 0 0 0 0 0 0 0 2 0 0 0 0 0 0 0 0 0 1 0 1 0 1
"caught" 0 0 0 0 0 0 0 0 0 0 0 0 0 0 0 0 0 0 0 0 0 0 0 0 0 0 0 0 0 0 0 0 0 0 0 0 0 0 0 0 0 0 0 0 0 2 0 0 0 0 0 0 0 0 0 0 0 0 0 0
"angri" 0 0 0 0 0 0 0 0 0 0 0 0 0 0 0 0 0 0 0 0 0 0 0 0 0 0 0 0 0 0 0 0 0 0 0 0 0 0 0 0 0 0 0 0 0 2 0 0 0 0 0 0 0 0 0 0 0 0 0 1
"catch" 0 0 0 0 0 0 0 0 0 0 0 0 0 0 0 0 0 0 0 0 0 0 0 0 0 0 0 0 0 0 0 0 0 0 0 0 0 0 0 0 0 0 0 0 0 2 0 0 0 0 0 0 0 0 0 0 0 0 0 1
"rider" 0 0 0 0 0 0 0 0 0 0 0 0 0 0 0 0 0 0 0 0 0 0 0 0 0 0 0 0 0 0 0 0 0 0 0 0 0 0 0 0 0 0 0 0 0 2 0 0 0 0 0 0 0 0 0 0 0 0 0 0
"role" 0 0 0 0 0 0 0 0 0 0 0 0 0 0 0 0 0 0 0 0 0 0 0 0 0 0 0 0 0 0 0 0 0 0 0 0 0 0 0 0 0 1 1 1 0 0 7 0 0 0 0 0 1 0 0 1 1 0 1 0
"bold" 0 0 0 0 0 0 0 0 0 0 0 0 1 1 0 0 1 0 0 0 0 0 0 1 0 0 0 0 0 0 0 0 0 0 0 0 1 0 1 0 1 0 1 0 0 0 5 2 0 1 0 3 1 0 0 1 0 0 2 1
"glad" 0 0 0 0 0 0 0 0 0 0 0 0 0 0 0 0 0 0 1 0 0 0 0 0 0 0 0 0 1 0 1 0 0 2 0 0 0 0 0 0 0 0 0 0 0 1 3 0 0 0 0 0 0 0 0 1 0 0 0 0
"asham" 0 0 0 0 0 0 0 0 0 0 0 0 0 0 0 0 0 0 0 0 0 0 0 0 1 0 0 0 1 0 0 0 0 0 0 0 0 0 0 0 0 0 0 0 0 0 3 0 0 0 0 0 0 0 0 0 0 0 0 1
"reduc" 0 0 0 0 1 1 0 0 1 2 0 0 0 0 0 0 0 0 0 0 0 0 0 0 0 1 1 0 1 0 2 0 0 2 0 1 1 0 0 0 1 0 0 0 0 1 2 0 1 7 0 0 0 1 0 0 1 0 0 0
"record" 0 0 0 0 0 0 1 0 0 0 0 0 0 1 0 0 2 0 0 0 0 0 0 0 0 0 0 0 0 0 0 0 1 1 0 2 0 0 0 0 0 0 0 0 0 0 2 0 0 0 0 0 1 0 0 0 0 0 0 2
"initi" 0 0 0 0 0 0 0 0 0 0 0 0 0 0 0 0 0 0 0 0 0 0 0 0 0 0 0 1 0 1 1 0 0 1 0 1 0 0 1 0 1 1 0 0 0 1 2 0 0 0 0 0 0 0 0 0 2 0 0 0
"play" 0 0 0 0 0 0 0 0 0 0 0 0 0 0 0 0 0 0 0 0 0 0 0 0 0 0 0 0 0 0 1 1 1 0 0 0 0 0 0 0 0 1 0 0 0 0 2 0 1 1 0 1 1 0 0 2 1 0 0 0
"200th" 0 0 0 0 0 0 0 0 0 0 0 0 0 0 0 0 0 0 0 0 0 0 0 0 0 0 0 0 0 0 0 0 0 0 0 0 0 0 0 0 0 0 0 0 0 1 2 0 0 0 0 0 0 0 0 0 0 0 0 0
"shift" 0 0 0 0 0 0 0 0 0 0 0 0 0 0 0 0 0 0 0 0 0 0 0 0 0 0 0 0 0 0 0 0 0 0 0 0 0 0 0 0 0 0 0 0 0 0 2 0 0 0 0 0 0 0 0 1 0 0 0 0
"includ" 1 0 0 0 0 0 0 0 0 0 0 0 2 1 0 0 0 0 1 0 0 0 0 0 0 0 1 0 0 0 2 0 0 0 0 1 0 0 0 0 1 0 0 0 0 0 1 0 0 0 0 0 0 0 1 0 0 0 0 4
"parent" 1 0 0 1 0 0 0 1 0 0 0 0 0 2 0 0 0 0 0 0 0 0 0 0 0 0 0 0 0 0 0 0 0 0 0 0 0 0 0 0 0 0 0 0 0 0 1 0 0 0 1 0 1 0 0 1 1 0 0 1
"unparallel" 1 0 0 0 0 0 0 0 0 0 0 0 0 0 0 0 1 0 0 0 0 0 0 0 0 0 0 0 0 0 0 0 0 0 0 0 0 0 0 0 0 0 0 0 0 0 1 0 0 0 0 0 0 0 0 0 0 0 0 0
"resist" 0 0 1 0 0 0 0 1 0 0 0 0 2 0 1 0 1 0 0 0 0 0 0 1 0 0 0 0 0 0 2 0 0 1 0 0 0 0 0 0 1 0 0 0 0 0 1 0 0 0 0 0 0 0 0 0 1 0 0 0
"enhanc" 0 0 0 0 0 1 0 1 1 0 0 0 1 0 0 0 0 0 0 0 0 0 0 0 0 0 0 0 0 0 0 0 0 0 1 0 0 0 0 0 0 0 0 0 0 1 0 3 0 0 0 0 0 0 0 0 0 0 0 0
"micah" 0 0 0 0 0 0 0 0 0 0 0 0 0 0 0 0 0 0 0 0 0 0 0 0 0 0 0 0 0 0 0 0 0 0 0 0 0 0 0 0 0 0 0 0 0 0 0 3 0 0 0 0 0 0 0 0 0 0 0 0
"armament" 0 0 0 0 1 0 0 0 0 0 0 0 0 0 0 0 1 0 0 0 0 0 0 0 0 1 0 0 0 0 0 0 1 0 1 1 0 0 0 0 1 1 0 0 0 0 0 2 0 0 0 0 0 0 0 0 0 0 0 0
"physic" 0 0 0 0 1 0 0 0 2 2 0 0 0 0 1 0 0 0 1 0 0 0 0 0 0 0 0 0 0 0 0 1 0 0 1 0 0 0 0 0 0 0 0 0 0 0 0 2 0 0 0 0 0 0 0 0 0 0 0 0
"merci" 0 0 0 0 0 0 0 0 0 0 1 0 0 0 0 0 0 0 0 0 0 0 0 0 0 1 1 0 0 0 0 1 0 1 0 0 0 0 0 0 0 0 0 0 0 0 0 2 0 0 0 0 0 0 2 0 0 0 0 0
"worthi" 0 0 0 0 0 0 0 0 0 0 0 0 0 1 0 0 1 0 1 0 0 0 0 0 0 2 0 0 0 0 0 0 0 0 0 1 0 0 0 0 0 0 0 0 0 0 1 2 2 1 0 0 0 0 0 0 0 0 0 0
"bibl" 0 0 0 0 0 0 0 0 0 0 0 0 0 0 0 0 0 0 0 1 0 0 0 0 0 0 0 0 0 0 0 0 0 0 0 0 0 0 0 0 0 0 0 0 0 0 0 2 0 1 2 0 0 0 0 0 0 1 1 0
"thee" 0 0 0 0 0 0 0 0 0 0 0 0 0 0 0 0 0 0 0 0 0 0 0 0 0 0 0 0 0 0 0 0 0 1 0 0 0 0 0 0 0 0 0 0 0 0 0 2 0 0 0 0 0 0 0 0 0 0 0 0
"basic" 0 0 0 0 0 0 0 0 0 0 0 0 0 0 0 0 0 0 0 0 0 0 0 0 0 0 0 0 0 0 0 0 0 0 0 0 1 0 0 0 0 2 0 0 0 1 0 2 0 0 0 0 0 1 0 0 1 0 0 1
"ensur" 0 0 0 0 0 0 0 0 0 0 0 0 0 0 0 0 0 0 0 0 0 0 0 0 0 0 0 0 0 0 0 0 0 0 0 0 0 0 0 0 0 0 0 0 0 1 1 2 1 0 1 0 0 0 0 0 1 0 0 0
"exemplifi" 1 0 0 0 0 0 0 0 0 0 0 0 1 0 0 0 0 0 0 0 0 0 0 0 0 0 0 0 0 0 0 0 0 0 0 0 0 0 0 0 0 0 0 0 0 0 0 1 0 0 0 0 0 0 0 0 0 0 0 0
"compens" 1 0 0 0 0 0 0 0 0 0 0 0 0 2 0 0 0 1 0 0 0 0 0 0 1 0 1 0 0 0 1 0 0 1 0 0 0 0 0 0 0 0 0 0 0 0 0 1 0 0 0 0 0 0 0 0 0 0 0 0
"fresh" 0 0 1 0 0 0 0 0 0 0 0 0 0 0 0 0 0 0 0 0 0 0 0 0 0 0 0 0 0 0 0 1 0 0 0 0 0 0 0 0 0 0 0 0 0 0 0 1 0 0 0 0 0 0 0 0 0 0 0 0
"school" 0 0 1 0 0 0 0 0 0 1 0 0 0 0 0 1 0 0 0 0 0 1 1 0 0 0 0 1 0 0 1 0 0 0 0 0 0 0 0 0 0 1 0 0 0 0 0 1 0 0 1 0 2 3 1 2 2 1 1 0
"hero" 0 0 0 1 0 0 1 0 0 0 0 0 0 0 0 0 0 0 0 0 0 0 0 0 0 0 0 0 0 0 0 0 0 0 0 0 0 0 0 0 0 0 1 0 0 0 0 0 6 1 0 0 0 0 0 1 0 0 1 0
"monument" 0 0 0 1 0 0 0 0 0 0 0 0 0 0 0 0 0 0 0 0 0 0 0 0 0 0 0 0 0 0 0 0 0 0 0 0 0 0 0 0 0 0 0 0 0 0 0 0 4 0 0 0 0 0 0 0 0 0 0 0
"front" 0 0 0 0 0 0 0 0 1 0 0 0 0 0 0 0 0 0 0 0 0 0 0 1 0 0 0 0 0 0 0 0 0 0 0 0 0 0 0 0 0 0 0 0 0 0 0 0 3 0 1 0 0 0 0 0 0 0 0 0
"told" 0 0 0 0 0 0 0 0 0 0 0 0 0 1 0 0 0 0 0 0 0 0 0 0 0 0 0 0 0 1 0 0 0 0 0 0 0 0 0 0 0 0 0 0 0 0 0 0 3 1 0 0 1 0 0 1 0 0 1 0
"marker" 0 0 0 0 0 0 0 0 0 0 0 0 0 0 0 0 0 0 0 0 0 0 0 0 0 0 0 0 0 0 0 0 0 0 0 0 0 0 0 0 0 0 0 0 0 0 0 0 3 0 0 0 0 0 0 0 0 0 0 0
"remind" 0 0 0 1 0 0 0 0 0 0 0 0 0 0 0 0 0 0 0 0 0 0 1 0 0 1 1 0 0 0 0 0 0 0 0 0 0 0 0 0 0 0 0 0 1 0 0 0 2 0 0 0 0 0 0 1 0 0 0 0
"adversari" 0 0 0 0 0 0 1 0 0 0 0 0 0 0 0 0 0 0 0 0 0 0 0 0 0 0 0 0 0 0 0 0 0 0 0 0 0 0 0 0 0 0 0 1 0 1 0 1 2 0 0 0 1 0 0 1 0 0 1 0
"reluct" 0 0 0 0 0 0 1 0 0 0 0 0 1 0 0 0 1 0 0 0 0 0 0 0 0 0 0 0 0 0 0 0 0 0 0 0 0 0 0 0 0 0 0 0 0 0 0 0 2 0 1 0 0 0 0 0 0 0 0 0
"slow" 0 0 0 0 0 0 0 1 0 0 0 0 0 0 0 0 0 0 0 0 0 0 0 0 0 0 0 0 0 0 0 0 0 0 1 0 0 0 0 0 0 0 0 1 0 0 0 0 2 1 0 0 0 0 0 0 0 0 0 0
"memori" 0 0 0 0 0 0 0 0 1 0 0 0 0 0 0 0 1 1 2 0 0 0 0 0 0 0 0 0 0 1 0 0 0 0 0 0 0 0 0 0 0 0 0 0 0 0 0 0 2 0 2 0 0 0 0 1 1 0 0 0
"arsenal" 0 0 0 0 0 0 0 0 0 0 1 0 0 0 0 0 0 0 0 0 0 0 0 0 0 0 0 0 0 0 0 0 0 0 0 0 0 0 0 0 0 0 0 0 0 0 0 1 2 2 0 0 0 0 0 0 0 0 0 0
"counter" 0 0 0 0 0 0 0 0 0 0 0 0 1 0 0 0 0 0 0 0 0 0 0 0 0 0 0 0 0 0 0 0 0 0 0 0 0 0 0 0 0 0 1 0 0 0 0 0 2 0 0 0 0 0 0 0 0 0 0 0
"cultur" 0 0 0 0 0 0 0 0 0 0 0 0 0 1 0 0 0 0 0 0 0 0 0 0 0 0 0 0 0 0 0 0 0 0 0 2 0 0 0 0 0 1 1 1 0 0 0 0 2 0 0 0 1 0 1 1 0 0 1 0
"misunderstand" 0 0 0 0 0 0 0 0 0 0 0 0 0 1 0 0 0 0 0 0 0 0 0 0 0 0 0 1 0 0 0 0 0 1 1 0 0 0 0 0 0 0 0 0 0 0 0 0 2 0 0 0 0 0 0 0 0 0 0 0
"cross" 0 0 0 0 0 0 0 0 0 0 0 0 0 0 1 0 0 0 0 0 0 0 0 0 0 2 0 0 0 0 0 0 0 0 1 0 0 0 0 0 0 0 0 0 0 0 0 0 2 0 0 0 1 0 1 0 0 0 0 1
"young" 0 0 0 0 0 0 0 0 0 0 0 0 0 0 0 0 0 0 0 0 1 0 0 0 0 2 0 0 0 0 0 0 0 0 0 0 1 0 0 0 0 0 0 1 1 0 1 0 2 2 4 2 1 1 1 1 1 1 0 1
"hill" 0 0 0 0 0 0 0 0 0 0 0 0 0 0 0 0 0 0 0 0 0 0 0 0 0 1 0 0 0 0 0 0 0 0 1 0 0 0 0 0 0 0 0 0 0 0 0 0 2 0 0 0 0 0 0 0 1 0 0 0
"deficit" 0 0 0 0 0 0 0 0 0 0 0 0 0 0 0 0 0 0 0 0 0 0 0 0 0 0 0 1 1 0 2 0 0 0 0 0 0 0 0 0 0 0 0 0 0 0 0 0 2 2 1 0 0 0 0 0 1 0 0 0
"nuclear" 0 0 0 0 0 0 0 0 0 0 0 0 0 0 0 0 0 0 0 0 0 0 0 0 0 0 0 0 0 0 0 0 0 0 0 0 0 0 0 0 0 0 0 0 0 0 1 1 0 6 0 0 1 0 0 1 0 0 0 0
"spend" 0 0 0 0 0 0 0 0 0 0 0 0 0 1 0 0 0 0 0 0 0 0 0 0 0 0 0 0 0 0 0 0 0 1 0 0 0 0 0 0 0 0 0 0 0 0 0 0 1 5 0 0 0 0 0 1 0 0 0 0
"journey" 0 0 0 0 0 0 0 0 0 0 0 0 0 0 0 0 0 0 0 0 0 0 0 0 0 0 0 0 0 0 0 0 0 0 0 1 0 0 0 0 0 0 0 0 1 0 0 0 0 4 0 2 4 0 1 3 6 0 0 1
"soviet" 0 0 0 0 0 0 0 0 0 0 0 0 0 0 0 0 0 0 0 0 0 0 0 0 0 0 0 0 0 0 0 0 0 0 0 0 0 0 0 0 0 0 0 0 0 0 0 0 0 4 1 0 0 0 0 0 0 0 0 0
"earn" 0 0 0 1 0 0 0 0 0 0 0 0 0 0 0 0 0 0 0 0 0 0 0 0 1 0 0 0 0 0 0 0 0 0 2 0 0 0 0 0 0 0 0 0 1 0 0 1 0 3 1 1 0 0 0 1 1 0 0 0
"kill" 0 0 0 0 0 0 0 0 0 0 0 0 0 0 0 0 0 0 0 0 0 0 0 0 0 0 0 0 0 0 0 0 0 0 0 0 0 0 1 0 0 1 0 0 0 0 0 0 1 3 0 0 0 0 0 0 0 0 0 0
"song" 0 0 0 0 0 0 0 0 0 0 0 0 0 0 0 0 0 0 0 0 0 0 0 0 0 0 0 0 0 0 0 0 0 0 0 0 0 0 0 0 0 0 1 0 0 0 0 0 0 3 0 0 0 0 0 0 0 0 1 0
"budget" 0 0 0 0 0 0 0 0 0 0 0 0 0 0 0 0 0 0 0 0 0 0 0 0 0 0 0 0 0 0 0 0 0 0 0 0 0 0 0 0 0 0 0 0 0 0 0 0 0 3 2 0 1 0 0 0 0 0 0 0
"silent" 0 0 1 0 0 0 0 0 0 0 0 0 0 0 0 0 0 0 0 0 0 0 0 0 0 0 0 0 0 0 0 0 0 0 0 0 0 0 0 0 0 0 0 0 0 0 0 0 0 2 0 0 0 0 0 0 0 0 3 0
"compass" 0 0 0 1 0 0 0 0 0 1 0 0 0 0 0 0 0 0 0 0 0 0 0 1 0 0 0 0 0 0 0 0 0 0 0 0 0 0 0 0 0 1 0 0 0 1 0 0 1 2 0 0 0 3 0 0 0 0 0 1
"rais" 0 0 0 0 0 0 0 2 2 0 0 1 0 1 1 0 0 1 0 0 0 1 0 0 0 0 0 2 1 0 0 0 0 0 1 0 1 1 0 0 1 0 0 0 0 1 0 0 1 2 0 3 0 0 2 1 0 0 0 2
"infirm" 0 0 0 0 0 0 0 0 0 1 0 0 0 0 0 0 0 0 0 0 0 0 0 0 0 0 1 0 0 0 0 0 0 0 0 0 0 0 0 0 0 0 0 0 0 0 0 0 0 2 0 0 0 0 0 0 0 0 0 0
"breez" 0 0 0 0 0 0 0 0 0 0 0 0 0 0 0 0 0 0 0 0 0 0 0 0 0 0 0 0 0 0 0 0 0 0 0 0 0 0 0 0 0 0 0 0 0 0 0 0 0 0 5 0 0 0 0 0 0 0 0 0
"door" 0 0 0 0 1 0 0 0 0 0 0 0 0 0 0 0 0 0 0 0 0 0 0 0 0 0 0 0 0 0 1 0 0 1 0 0 0 0 0 0 0 0 0 0 0 0 0 0 0 0 4 0 2 0 0 0 0 0 0 0
"page" 0 0 0 1 0 0 0 0 0 0 0 0 0 0 0 0 0 0 0 0 0 0 0 0 0 0 0 0 0 0 0 0 0 0 0 0 0 0 0 0 0 0 0 0 0 0 0 0 0 0 3 0 0 1 0 0 0 0 0 0
"soul" 0 0 0 0 0 0 0 0 0 0 0 0 0 1 0 0 0 0 0 0 0 0 0 0 0 0 0 0 0 1 0 0 0 1 0 0 0 0 0 0 0 0 0 0 0 0 0 0 0 1 3 0 1 1 3 0 1 0 5 1
"loyal" 0 0 0 0 0 0 0 0 0 0 0 0 0 0 0 0 0 0 0 0 0 0 1 0 0 0 1 1 1 0 0 0 0 0 1 0 1 0 0 0 0 0 0 0 0 0 0 0 0 0 3 0 0 0 0 0 0 0 0 0
"speaker" 0 0 0 0 0 0 0 0 0 0 0 0 0 0 0 0 0 0 0 0 0 0 0 0 0 0 0 0 0 0 0 0 0 0 0 0 0 0 0 0 0 0 1 1 0 0 1 0 1 1 3 0 0 0 0 0 0 0 1 1
"crucial" 0 0 0 0 0 0 0 0 0 0 0 0 0 0 0 0 0 0 0 0 0 0 0 0 0 0 0 0 0 0 0 0 0 0 0 0 0 0 0 0 0 0 0 0 0 0 0 0 0 0 3 0 0 0 0 0 0 1 0 0
"vow" 0 0 0 0 0 0 0 1 0 0 0 0 0 0 0 0 0 0 0 0 0 0 0 0 0 0 0 0 0 0 0 0 0 0 0 0 0 0 0 0 0 0 0 0 0 0 0 0 0 0 2 0 1 0 0 0 1 0 0 0
"divers" 0 0 0 0 0 0 0 0 0 1 0 0 1 1 1 0 0 0 0 0 0 0 0 0 1 0 0 0 0 0 0 1 0 0 0 0 0 0 0 0 0 0 0 0 0 0 0 1 0 0 2 1 1 0 0 0 1 0 0 0
"mother" 0 0 0 0 0 0 0 0 0 0 0 0 0 1 0 0 0 0 0 0 0 0 0 0 0 1 0 0 0 0 0 0 0 1 0 0 0 0 0 0 0 0 0 0 0 1 0 1 0 0 2 0 0 1 0 0 1 1 1 0
"generos" 0 0 0 0 0 0 0 0 0 0 0 0 0 1 0 0 0 0 0 0 0 0 0 0 0 0 0 0 0 1 0 0 0 0 0 0 0 0 0 0 0 0 0 1 0 0 1 0 0 0 2 0 0 0 0 1 0 0 0 0
"talk" 0 0 0 0 0 0 0 0 0 0 0 0 0 1 0 0 0 0 0 0 0 0 0 0 0 0 0 0 0 0 0 0 0 0 0 0 1 0 0 0 0 0 0 0 0 0 0 0 0 0 2 0 0 0 0 0 0 2 0 0
"stay" 0 0 0 0 0 0 0 0 0 0 0 0 0 0 0 0 1 0 0 0 0 0 0 0 0 0 0 0 0 0 0 0 0 0 0 0 0 0 0 0 0 0 0 1 0 0 0 1 0 0 2 0 0 0 0 0 0 0 0 0
"began" 0 0 0 0 0 0 0 0 0 0 0 0 0 0 0 0 0 0 0 0 0 1 1 0 0 0 0 0 0 0 0 1 0 0 1 0 0 0 0 0 0 0 0 0 0 0 1 0 0 1 2 0 2 0 0 1 1 0 1 0
"refresh" 0 0 0 0 0 0 0 0 0 0 0 0 0 0 0 0 0 0 0 0 0 0 0 0 0 0 0 0 0 0 0 1 0 0 0 1 0 0 0 0 0 0 0 0 0 0 0 0 0 0 2 0 0 0 0 0 0 0 0 0
"tomorrow" 0 0 0 0 0 0 0 0 0 0 0 0 0 0 0 0 0 0 0 0 0 0 0 0 0 0 0 0 0 0 0 0 0 2 0 0 0 0 0 0 0 0 0 0 0 1 0 0 1 1 2 1 1 0 0 0 0 1 2 0
"stori" 0 0 0 0 0 0 0 0 0 0 0 0 0 0 0 0 0 0 0 0 0 0 0 0 0 0 0 0 0 0 0 0 0 0 0 0 0 0 1 0 0 0 1 0 0 0 0 0 0 1 2 0 0 10 0 0 0 0 9 0
"bow" 0 0 0 0 0 0 0 0 0 0 0 0 0 0 0 0 0 0 0 0 0 0 0 0 0 0 0 0 0 0 0 0 0 0 0 0 0 0 0 0 0 1 0 0 0 0 0 0 0 0 2 0 0 0 0 0 0 0 0 0
"endless" 0 0 0 0 0 0 0 0 0 0 0 0 0 0 0 0 0 0 0 0 0 0 0 0 0 0 0 0 0 0 0 0 0 0 0 0 0 0 0 0 0 0 0 0 0 0 1 0 0 0 2 1 0 0 0 0 1 0 0 0
"yes" 0 0 0 0 0 0 0 0 0 0 0 0 0 0 0 0 0 0 0 0 0 0 0 0 0 0 0 0 0 0 0 0 0 0 0 0 0 0 0 0 0 0 0 0 0 0 0 0 1 2 2 1 4 0 0 1 0 1 1 0
"vietnam" 0 0 0 0 0 0 0 0 0 0 0 0 0 0 0 0 0 0 0 0 0 0 0 0 0 0 0 0 0 0 0 0 0 0 0 0 0 0 0 0 0 0 0 0 0 0 0 0 1 0 2 0 0 0 0 0 0 0 0 0
"bigger" 0 0 0 0 0 0 0 0 0 0 0 0 0 0 0 0 0 0 0 0 0 0 0 0 0 0 0 0 0 0 0 0 0 0 0 0 0 0 0 0 0 0 0 0 0 0 0 0 0 0 2 0 0 0 0 1 0 1 0 0
"drug" 0 0 0 0 0 0 0 0 0 0 0 0 0 0 0 0 0 0 0 0 0 0 0 0 0 0 0 0 0 0 0 0 0 0 0 0 0 0 0 0 0 0 0 0 0 0 0 0 0 0 2 0 2 0 0 0 0 1 0 0
"season" 0 0 0 0 0 0 1 0 1 0 0 0 1 1 1 0 0 1 0 0 0 0 0 2 0 0 0 0 0 0 0 0 1 0 0 0 0 0 0 0 0 0 0 0 0 0 0 0 0 0 0 4 0 0 0 0 0 0 0 0
"capitol" 0 0 0 0 0 0 0 0 0 0 0 0 0 1 0 0 0 0 0 0 0 0 0 0 0 0 0 0 0 0 0 0 0 0 0 0 0 0 0 0 0 0 0 0 0 0 0 0 1 0 0 3 0 0 0 0 1 0 2 0
"sake" 0 0 0 0 0 0 0 0 0 0 0 0 0 2 0 0 0 0 0 0 0 0 0 0 0 0 1 0 0 0 0 0 0 0 0 0 0 0 0 0 0 0 0 0 0 0 0 0 0 0 0 3 0 0 0 1 0 0 0 0
"drift" 0 0 0 0 0 0 0 0 0 0 0 0 0 0 0 0 0 0 0 0 0 0 0 0 0 0 0 0 0 0 0 0 0 0 0 0 0 0 0 0 0 0 0 0 0 0 0 1 0 0 0 3 0 1 0 0 0 0 0 0
"founder" 0 0 0 0 0 0 0 0 0 2 0 0 0 0 0 0 1 0 0 0 0 0 1 1 1 0 0 0 0 0 0 0 0 1 0 0 0 0 0 0 0 0 0 0 0 0 0 1 0 0 0 2 2 0 1 0 0 0 0 0
"invest" 0 0 0 0 0 0 0 0 0 0 0 0 0 1 1 0 0 0 0 0 0 0 0 0 1 2 1 0 0 0 2 0 0 0 0 0 1 0 0 0 2 0 0 0 0 0 0 0 0 1 0 2 0 0 0 0 1 0 0 0
"mission" 0 0 0 0 0 0 0 0 0 0 0 0 0 0 0 0 1 0 0 0 0 0 0 0 1 0 1 0 1 0 0 0 0 0 0 0 0 0 0 0 0 0 0 0 1 0 1 0 0 0 0 2 2 0 1 0 0 0 0 1
"win" 1 0 0 0 0 0 0 0 0 0 0 0 0 0 0 0 0 0 0 0 0 0 0 1 0 0 0 0 0 0 1 0 0 0 0 0 0 0 0 0 0 1 0 0 0 1 0 0 1 0 0 1 0 0 0 0 0 2 0 5
"20th" 0 0 0 0 0 0 0 0 1 0 0 0 0 0 0 0 0 0 0 0 0 0 0 0 0 0 0 0 0 0 0 0 0 0 0 0 0 0 0 0 0 0 0 0 0 0 0 0 0 0 0 0 3 0 0 0 0 0 0 1
"street" 0 0 0 0 0 0 0 0 0 0 0 0 0 0 0 0 0 0 0 0 0 0 0 0 0 0 0 0 0 0 0 0 0 0 0 0 0 0 0 0 0 0 0 0 0 0 0 0 1 0 1 0 3 0 0 0 1 0 0 0
"21st" 0 0 0 0 0 0 0 0 0 0 0 0 0 0 0 0 0 0 0 0 0 0 0 0 0 0 0 0 0 0 0 0 0 0 0 0 0 0 0 0 0 0 0 0 0 0 0 0 0 0 0 1 3 0 0 0 0 0 0 0
"aw" 0 0 0 1 0 1 0 0 0 0 0 0 0 1 0 0 0 0 0 0 0 0 0 0 0 0 0 0 0 0 1 0 0 0 0 0 0 0 0 0 0 0 0 0 0 0 0 0 0 0 0 0 2 0 0 0 0 0 0 0
"bright" 0 0 0 1 0 0 0 0 0 0 0 0 0 0 0 0 0 0 0 0 0 0 0 0 0 0 0 0 0 0 0 0 0 0 0 1 0 0 0 0 0 0 1 0 0 1 1 0 0 0 0 0 2 0 0 0 1 0 0 0
"precious" 0 0 0 0 0 1 1 0 0 1 0 0 0 2 0 0 0 0 0 0 1 0 0 0 0 0 0 1 0 0 0 0 0 1 0 0 1 0 0 0 0 1 0 0 0 1 1 1 0 0 0 0 2 0 0 1 1 0 1 0
"choos" 0 0 0 0 0 0 0 1 0 0 0 0 0 0 0 0 0 0 2 0 0 0 0 0 0 0 0 0 0 0 0 1 0 0 1 0 0 0 0 0 0 0 0 0 0 1 0 0 0 0 1 1 2 1 1 1 1 0 0 0
"real" 0 0 0 0 0 0 0 0 1 0 1 0 1 0 0 0 0 0 2 0 0 0 0 0 0 3 0 1 0 0 0 1 0 0 2 1 0 0 1 0 0 0 0 0 1 1 0 0 0 0 0 0 2 0 1 1 2 0 1 0
"gift" 0 0 0 0 0 0 0 0 0 0 0 0 0 1 0 0 0 0 0 0 0 1 0 0 0 1 0 0 0 0 0 0 0 0 0 0 1 0 0 0 0 2 0 0 0 0 0 0 1 0 0 0 2 1 0 2 2 0 0 1
"potenti" 0 0 0 0 0 0 0 0 0 0 0 0 0 0 0 0 0 0 0 0 0 0 0 0 0 0 0 1 0 0 0 0 0 0 0 0 0 0 0 0 0 0 0 0 0 0 0 1 1 0 0 0 2 0 0 0 0 1 0 0
"thrive" 0 0 0 0 0 0 0 0 0 0 0 0 0 0 0 0 0 0 0 0 0 0 0 0 0 0 0 0 0 1 0 0 0 0 0 0 1 0 0 0 0 0 0 0 0 0 0 0 0 0 0 0 2 0 0 0 2 1 1 1
"deepen" 0 0 0 0 0 0 0 0 0 0 0 0 0 0 0 0 0 0 0 0 0 0 0 0 0 0 0 0 0 0 1 0 0 0 0 0 0 0 0 0 0 0 0 0 0 0 0 0 0 0 0 0 2 0 0 0 0 0 0 0
"big" 0 0 0 0 0 0 0 0 0 0 0 0 0 0 0 0 0 0 0 0 0 0 0 0 0 0 0 0 0 0 0 0 0 0 0 1 0 0 0 0 0 0 0 0 0 0 0 0 0 0 1 0 2 0 0 2 0 1 0 0
"decenc" 0 0 0 0 0 0 0 0 0 0 0 0 0 0 0 0 0 0 0 0 0 0 0 0 0 0 0 0 0 0 0 0 0 0 0 0 0 1 0 0 0 1 0 0 0 1 1 1 0 0 0 0 2 1 0 0 0 0 1 0
"quest" 0 0 0 0 0 0 0 0 0 0 0 0 0 0 0 0 0 0 0 0 0 0 0 0 0 0 0 0 0 0 0 0 0 0 0 0 0 0 0 0 0 2 0 1 0 0 0 1 0 0 0 1 2 0 0 0 0 0 0 0
"bridg" 0 0 0 0 0 0 0 0 0 0 0 0 0 0 0 0 0 0 0 0 0 0 0 0 0 0 0 0 0 0 0 0 0 0 0 0 0 0 0 0 0 0 0 0 0 0 1 0 0 0 0 0 2 0 0 1 1 1 0 0
"edg" 0 0 0 0 0 0 0 0 0 0 0 0 0 0 0 0 0 0 0 0 0 0 0 0 0 0 0 0 0 0 0 0 0 0 0 0 0 0 0 0 0 0 0 0 0 0 0 0 0 0 1 1 2 0 1 0 0 0 0 1
"19th" 0 0 0 0 0 0 0 0 0 0 0 0 0 0 0 0 0 0 0 0 0 0 0 0 0 0 0 0 0 0 0 0 0 0 0 0 0 0 0 0 0 0 0 0 0 0 0 0 0 0 0 0 2 0 0 0 0 0 0 0
"everyon" 0 0 0 0 0 0 0 0 0 0 0 0 0 0 0 1 0 0 0 0 0 0 0 0 0 0 0 0 0 0 1 0 0 0 0 0 0 0 0 0 0 0 0 0 0 1 0 0 0 0 0 0 1 3 0 0 0 4 0 1
"affirm" 0 0 0 0 0 0 0 0 0 0 0 0 0 0 0 0 1 0 2 0 0 0 0 0 0 0 0 0 0 0 2 0 0 0 0 0 0 0 0 0 0 0 1 0 0 0 0 1 0 0 0 0 0 3 0 0 1 0 0 0
"angel" 0 0 1 1 0 0 0 0 0 0 0 0 0 0 0 0 0 0 1 0 0 0 0 0 0 0 0 0 0 0 0 0 0 0 0 0 0 0 0 0 0 0 0 0 0 1 0 0 0 0 0 0 0 2 0 0 0 0 1 2
"grand" 0 0 0 0 0 0 0 1 0 0 0 0 0 0 0 0 0 1 0 0 0 0 0 0 0 0 0 1 0 0 0 0 0 0 0 0 0 0 0 0 0 0 0 1 0 1 0 0 0 0 0 0 0 2 0 0 0 0 0 0
"jefferson" 0 0 0 0 0 0 0 0 0 0 0 0 0 4 0 0 0 0 0 0 0 0 0 0 1 0 0 0 0 0 0 0 0 0 0 0 0 0 0 0 0 0 0 0 0 0 0 0 1 2 0 1 0 2 0 0 0 0 0 0
"travel" 0 0 0 0 0 0 0 0 0 0 0 0 0 0 0 0 0 0 0 0 0 1 0 1 0 0 0 0 0 0 0 0 0 0 0 1 0 0 0 0 0 0 0 0 0 0 0 0 0 1 0 1 0 2 0 2 1 0 0 0
"spare" 0 0 0 0 0 0 0 0 0 0 0 0 0 0 0 0 0 0 0 0 0 0 0 0 0 0 0 0 1 0 0 0 0 0 0 0 1 0 0 0 0 0 0 0 0 0 0 0 0 0 0 0 0 2 0 0 1 0 0 0
"storm" 0 0 0 0 0 0 0 0 0 0 0 0 0 0 0 0 0 0 0 0 0 0 0 0 0 0 0 0 0 0 0 1 0 1 0 0 0 0 0 0 0 0 0 0 0 0 0 0 0 1 0 0 0 2 0 3 2 0 1 0
"ride" 0 0 0 0 0 0 0 0 0 0 0 0 0 0 0 0 0 0 0 0 0 0 0 0 0 0 0 0 0 0 0 0 0 0 0 0 0 0 0 0 0 0 0 1 0 0 0 0 1 0 0 0 0 2 0 0 0 0 0 0
"clinton" 0 0 0 0 0 0 0 0 0 0 0 0 0 0 0 0 0 0 0 0 0 0 0 0 0 0 0 0 0 0 0 0 0 0 0 0 0 0 0 0 0 0 0 0 0 0 0 0 0 0 0 0 0 2 1 0 0 1 0 1
"whirlwind" 0 0 0 0 0 0 0 0 0 0 0 0 0 0 0 0 0 0 0 0 0 0 0 0 0 0 0 0 0 0 0 0 0 0 0 0 0 0 0 0 0 0 0 0 0 0 0 0 0 0 0 0 0 2 0 0 0 0 0 0
"substitut" 1 0 0 0 0 0 0 0 0 0 0 0 0 0 1 0 0 0 0 0 0 0 0 0 0 0 1 0 0 0 1 0 0 0 0 0 0 0 0 0 0 0 0 0 0 1 0 0 0 0 0 0 0 1 0 0 1 0 0 0
"excus" 0 0 1 0 0 0 0 0 0 0 1 0 0 0 0 0 0 0 0 0 0 0 0 0 0 0 1 0 0 0 1 0 0 1 0 0 0 1 0 0 0 0 0 0 0 0 0 0 0 0 0 0 0 0 3 0 0 0 0 0
"oppress" 0 0 0 1 0 0 0 2 1 0 0 0 0 1 2 0 1 0 0 0 0 0 0 0 0 1 0 1 0 0 0 0 0 0 1 0 0 0 0 0 0 0 1 1 0 0 0 0 0 1 0 0 0 0 3 0 0 0 0 0
"proclaim" 0 0 0 0 0 0 0 0 0 1 0 0 0 1 0 1 0 1 0 0 0 0 0 1 0 0 1 0 1 0 0 0 0 0 0 0 0 0 1 0 1 1 1 0 0 0 0 1 0 0 0 0 0 0 3 1 1 0 0 0
"toler" 0 0 0 1 0 0 0 0 0 0 0 0 0 3 0 0 1 0 0 0 0 0 0 0 0 1 1 1 0 0 1 0 1 0 1 2 0 1 1 0 0 0 0 0 0 0 0 0 0 0 1 0 0 0 2 2 1 0 1 0
"gather" 0 0 0 0 2 0 0 0 0 0 0 0 0 1 0 0 1 0 0 0 0 0 0 1 0 0 0 0 0 0 0 0 0 0 0 0 0 0 0 0 0 0 0 0 0 1 1 0 0 0 0 0 1 0 2 2 1 2 0 1
"ruler" 0 0 0 0 0 0 0 0 0 0 0 0 0 1 1 0 0 0 2 0 1 0 0 0 0 0 0 0 0 0 0 0 1 0 0 0 1 0 0 0 0 0 0 0 0 0 0 0 0 0 0 0 0 0 2 0 0 1 0 0
"eventu" 0 0 0 0 0 0 0 0 0 0 0 0 0 1 0 0 0 1 0 0 0 0 0 0 0 0 0 0 0 0 0 0 0 0 0 0 0 0 0 0 1 0 0 0 0 0 0 0 0 0 0 0 0 0 2 0 0 0 0 0
"border" 0 0 0 0 0 0 0 0 0 0 0 0 0 0 1 0 0 0 0 0 0 0 0 0 0 0 1 0 0 0 0 0 0 0 0 2 0 1 0 0 0 0 0 1 0 0 0 0 0 0 0 0 0 0 2 1 0 3 1 4
"wave" 0 0 0 0 0 0 0 0 0 0 0 0 0 0 0 0 1 0 0 0 0 0 0 0 0 0 0 0 0 0 0 0 0 0 0 0 0 0 1 0 0 0 0 0 0 0 0 0 0 1 0 0 1 0 2 0 1 0 0 0
"resent" 0 0 0 0 0 0 0 0 0 0 0 0 0 0 0 0 1 0 0 0 0 0 0 0 0 0 0 0 0 0 0 0 0 0 0 0 0 0 0 0 0 0 0 0 0 0 0 0 0 0 0 0 0 0 2 0 0 0 1 0
"meant" 0 0 0 0 0 0 0 0 0 0 0 0 0 0 0 0 0 0 0 0 0 0 2 0 0 0 0 0 0 0 0 1 1 0 0 0 0 0 0 0 0 0 0 0 1 0 0 0 0 0 0 0 0 0 2 0 0 0 0 0
"tradit" 0 0 0 0 0 0 0 0 0 0 0 0 0 0 0 0 0 0 0 0 0 0 1 0 1 0 0 0 1 0 3 0 0 0 0 1 1 0 0 0 0 0 0 0 0 0 1 0 1 1 0 0 0 1 2 0 0 0 0 0
"threat" 0 0 0 0 0 0 0 0 0 0 0 0 0 0 0 0 0 0 0 0 0 0 0 0 0 1 0 0 0 0 0 0 0 0 1 0 0 0 0 0 2 1 1 0 0 0 0 1 0 2 0 0 1 0 2 2 1 0 0 1
"ownership" 0 0 0 0 0 0 0 0 0 0 0 0 0 0 0 0 0 0 0 0 0 0 0 0 0 0 0 0 0 0 0 0 0 0 2 1 0 0 0 0 0 0 0 0 0 0 0 0 0 0 0 0 0 0 2 0 0 0 0 0
"heal" 0 0 0 0 0 0 0 0 0 0 0 0 0 0 0 0 0 0 0 0 0 0 0 0 0 0 0 0 0 0 0 0 0 0 0 0 0 0 0 0 0 1 1 0 1 1 0 1 2 1 0 0 0 0 2 0 0 1 3 0
"deepest" 0 0 0 0 0 0 0 0 0 0 0 0 0 0 0 0 0 0 0 0 0 0 0 0 0 0 0 0 0 0 0 0 0 0 0 0 0 0 0 0 0 0 1 0 0 1 0 0 0 1 0 1 0 0 2 0 0 0 0 0
"job" 0 0 0 0 0 0 0 0 0 0 0 0 0 0 0 0 0 0 0 0 0 0 0 0 0 0 0 0 0 0 0 0 0 0 0 0 0 1 0 0 0 0 0 0 0 0 0 0 2 0 1 1 1 0 0 4 3 5 3 0
"charter" 1 0 0 0 0 0 0 0 0 0 0 0 0 1 0 0 0 0 0 0 0 0 0 0 0 0 0 0 0 0 0 0 0 0 1 0 0 0 0 0 1 0 0 0 0 0 0 0 0 0 0 0 0 0 0 2 0 0 0 0
"ill" 0 0 0 0 1 0 0 0 0 0 0 0 0 0 0 0 0 0 2 0 0 0 0 0 0 0 0 0 0 0 0 0 0 1 0 2 0 0 0 0 0 0 0 1 0 0 0 0 1 0 0 0 1 0 0 2 2 0 0 0
"brave" 0 0 0 0 0 0 1 0 0 0 0 0 0 0 0 0 1 1 0 0 0 0 0 0 0 1 0 0 0 0 0 0 0 0 0 0 0 0 0 0 0 1 0 0 1 0 0 0 0 0 0 1 0 0 0 2 1 0 1 2
"willing" 0 0 0 0 0 0 0 1 0 0 0 0 2 0 0 0 0 0 0 0 0 0 0 0 0 0 0 0 0 0 0 0 0 0 0 0 0 0 0 0 0 0 1 0 0 0 0 0 1 0 0 0 0 0 0 2 0 0 0 0
"expand" 0 0 0 0 0 0 0 1 0 0 0 0 1 0 2 0 0 1 0 0 0 0 0 1 0 0 0 0 0 0 1 0 0 2 0 1 0 0 0 0 1 0 0 0 0 0 0 0 0 0 0 0 0 0 0 2 0 0 0 1
"water" 0 0 0 0 0 0 0 0 1 0 0 0 0 0 0 0 0 0 0 0 0 0 0 0 0 0 0 0 0 0 0 0 0 0 0 0 0 0 0 0 0 0 0 0 0 0 0 0 0 0 1 0 1 0 0 2 0 0 0 0
"west" 0 0 0 0 0 0 0 0 1 0 0 0 0 0 1 0 0 2 0 0 1 0 0 0 0 0 0 0 0 0 1 0 0 0 0 1 0 0 0 0 0 0 0 1 0 0 0 0 1 1 0 0 0 0 0 2 0 0 0 1
"understood" 0 0 0 0 0 0 0 0 0 0 0 0 2 2 0 0 0 1 0 0 1 0 0 0 0 0 0 0 0 0 2 0 0 0 0 0 0 0 0 0 0 0 0 0 0 0 0 0 1 0 0 0 1 0 0 2 1 0 0 0
"debat" 0 0 1 0 0 0 0 0 0 1 0 0 0 0 0 0 0 0 0 0 0 0 0 1 0 0 0 0 0 0 0 0 0 0 0 0 0 0 0 0 0 1 0 0 0 0 1 0 0 0 0 0 1 1 0 0 3 1 0 0
"king" 0 0 0 1 0 0 0 0 0 0 0 0 0 0 0 0 0 0 0 0 0 0 0 1 0 0 0 0 0 0 0 0 0 0 0 0 0 0 0 0 0 0 0 0 0 0 0 0 0 0 1 0 1 0 0 0 2 0 1 1
"train" 0 0 0 0 0 1 0 1 0 0 0 0 0 0 0 0 0 0 0 0 0 0 0 0 0 0 0 1 0 0 0 0 0 0 0 0 1 0 0 0 0 0 0 0 0 0 0 0 0 0 0 0 0 0 0 0 2 0 0 0
"sworn" 0 0 0 0 0 0 0 0 1 0 0 0 0 0 0 0 0 0 0 0 0 0 0 0 0 0 0 0 0 0 0 0 0 0 0 0 0 0 0 0 0 0 0 1 0 0 0 0 0 0 0 1 0 0 1 0 2 0 1 0
"seiz" 0 0 0 0 0 0 0 0 0 0 0 0 0 2 0 0 0 0 0 0 0 0 0 0 0 0 0 0 0 0 0 0 0 0 1 0 0 0 0 0 0 0 0 0 0 1 0 0 0 0 0 1 0 0 0 1 2 0 0 1
"risk" 0 0 0 0 0 0 0 0 0 0 0 0 0 0 0 0 0 0 1 0 0 0 0 0 0 1 0 0 0 0 1 0 0 0 0 0 0 0 1 0 0 0 0 0 0 0 0 0 0 0 0 0 0 1 0 0 2 0 0 0
"els" 0 0 0 0 0 0 0 0 0 0 0 0 0 0 0 0 0 0 0 1 0 0 0 0 0 0 0 0 0 0 0 1 0 0 0 0 0 1 0 0 1 0 1 0 0 0 1 0 1 0 0 1 0 0 0 0 2 0 0 0
"immigr" 0 0 0 0 0 0 0 0 0 0 0 0 0 0 0 0 0 0 0 0 0 0 0 0 1 1 0 1 0 0 2 0 0 0 1 0 0 0 0 0 0 0 0 0 0 0 0 0 0 0 0 0 1 1 0 0 2 1 0 0
"harm" 0 0 0 0 0 0 0 0 0 0 0 0 0 0 0 0 0 0 0 0 0 0 0 0 0 0 0 0 0 0 1 0 0 0 1 0 0 0 0 0 0 0 0 0 0 0 0 0 0 0 0 0 0 0 0 0 2 0 0 0
"technolog" 0 0 0 0 0 0 0 0 0 0 0 0 0 0 0 0 0 0 0 0 0 0 0 0 0 0 0 0 0 0 0 0 0 0 0 0 0 0 0 0 1 0 0 0 0 1 0 0 0 2 0 1 0 0 0 1 2 1 0 0
"self-evid" 0 0 0 0 0 0 0 0 0 0 0 0 0 0 0 0 0 0 0 0 0 0 0 0 0 0 0 0 0 0 0 0 0 0 0 0 0 0 0 0 0 0 0 0 0 0 0 0 0 0 0 0 0 0 0 0 2 0 0 0
"obama" 0 0 0 0 0 0 0 0 0 0 0 0 0 0 0 0 0 0 0 0 0 0 0 0 0 0 0 0 0 0 0 0 0 0 0 0 0 0 0 0 0 0 0 0 0 0 0 0 0 0 0 0 0 0 0 0 0 3 0 1
"tell" 0 0 0 0 1 0 0 0 0 0 0 0 0 0 0 0 0 0 0 0 0 0 0 0 0 0 0 0 0 0 0 1 0 0 0 0 0 0 0 0 0 0 0 0 0 1 1 0 0 0 1 0 0 0 0 1 1 2 2 1
"breath" 0 0 0 0 1 0 0 0 0 0 0 0 0 2 0 0 0 0 0 0 0 0 0 0 0 0 0 0 0 0 0 0 0 1 0 0 0 0 0 0 0 0 0 0 0 0 0 0 0 0 0 0 0 0 0 0 0 2 0 0
"anyon" 0 0 0 0 0 0 0 1 0 0 0 0 0 2 0 0 0 0 1 0 0 0 0 0 0 0 0 0 0 0 1 0 0 0 0 0 0 0 0 0 0 0 0 0 0 0 0 0 0 0 1 1 0 0 0 0 1 2 0 0
"movement" 0 0 0 0 0 0 0 0 3 0 0 0 0 0 0 0 0 0 0 0 0 0 0 0 0 0 0 0 1 0 1 0 0 0 2 2 0 0 0 0 0 0 0 0 0 0 0 0 0 0 0 1 0 0 1 0 0 2 0 0
"glorious" 0 0 0 0 0 0 0 0 0 0 0 0 0 2 2 0 0 0 0 0 0 0 0 0 0 0 0 2 0 0 0 0 0 0 0 1 0 0 0 0 0 0 0 0 0 0 0 0 0 0 0 0 0 0 0 0 0 2 0 2
"politician" 0 0 0 0 0 0 0 0 0 0 0 0 0 1 0 0 0 0 0 0 0 0 0 0 0 0 0 0 0 0 0 0 0 0 0 0 0 0 0 0 0 0 0 0 0 0 0 0 0 0 0 0 0 0 0 0 0 2 0 0
"get" 0 0 0 0 0 0 0 0 0 0 0 0 0 0 0 0 0 0 1 0 0 0 0 0 0 0 0 0 0 0 0 0 0 0 0 0 0 0 0 0 0 0 0 0 0 0 0 0 1 0 1 0 0 0 0 0 0 2 3 1
"allegi" 0 0 0 0 0 0 0 0 0 0 0 0 0 0 0 0 0 0 0 0 0 0 0 0 0 1 0 0 0 0 0 0 0 0 1 0 0 0 0 0 0 0 0 0 0 0 0 0 0 0 0 0 0 0 1 0 1 2 0 0
"worker" 0 0 0 0 0 0 0 0 0 0 0 0 0 0 0 0 0 0 0 0 0 0 0 0 0 0 0 0 0 0 0 0 0 0 0 0 0 0 0 0 0 0 0 0 1 0 0 0 1 0 0 0 0 0 0 2 1 2 0 2
"rebuild" 0 0 0 0 0 0 0 0 0 0 0 0 0 0 0 0 0 0 0 0 0 0 0 0 0 0 0 0 0 0 0 0 0 0 0 0 0 0 0 0 0 0 0 0 0 1 0 0 0 1 0 1 0 0 0 0 0 2 1 1
"trillion" 0 0 0 0 0 0 0 0 0 0 0 0 0 0 0 0 0 0 0 0 0 0 0 0 0 0 0 0 0 0 0 0 0 0 0 0 0 0 0 0 0 0 0 0 0 0 0 0 0 0 0 0 0 0 0 0 0 2 0 0
"lost" 0 0 0 0 0 0 1 0 0 0 0 0 1 0 1 0 1 0 2 0 0 0 0 0 0 0 0 0 0 0 0 1 0 0 0 0 0 0 0 0 0 0 0 0 0 1 0 0 0 0 1 0 0 0 1 1 1 0 4 1
"virus" 0 0 0 0 0 0 0 0 0 0 0 0 0 0 0 0 0 0 0 0 0 0 0 0 0 0 0 0 0 0 0 0 0 0 0 0 0 0 0 0 0 0 0 0 0 0 0 0 0 0 0 0 0 0 0 0 0 0 4 0
"cri" 0 0 0 0 0 0 0 0 0 0 0 0 0 0 0 0 0 0 0 0 0 0 0 0 0 0 0 0 0 0 0 0 0 0 0 0 0 0 0 0 0 0 0 0 0 0 0 0 0 1 0 0 0 0 0 0 0 0 3 0
"write" 0 0 0 1 0 0 0 0 0 0 0 0 0 2 0 0 0 0 0 0 0 0 0 0 0 0 0 0 0 0 0 1 0 1 0 0 0 1 0 0 0 0 0 0 1 1 0 0 0 0 1 0 0 0 0 0 0 0 2 0
"ground" 0 0 0 1 1 0 0 0 0 0 0 0 1 2 0 0 1 0 0 0 0 0 0 2 0 0 0 0 0 0 0 0 0 0 1 1 0 0 0 0 0 0 0 0 1 1 0 0 0 0 1 0 0 0 0 1 0 0 2 0
"rage" 0 0 0 0 0 1 0 0 0 0 0 0 0 0 0 0 0 0 0 0 0 0 0 0 0 0 0 0 0 0 0 0 0 0 0 0 0 0 0 0 0 0 0 0 0 0 0 0 0 0 0 0 0 1 0 1 1 0 2 1
"next" 0 0 0 0 0 1 0 0 1 0 0 0 0 0 0 0 0 1 0 0 1 0 0 0 0 1 0 0 0 0 3 0 0 0 0 0 0 0 0 0 0 0 0 0 1 0 1 0 0 1 0 0 1 0 0 1 0 0 2 2
"extrem" 0 0 0 0 0 0 0 0 0 1 0 0 0 0 0 0 0 0 1 0 0 1 0 0 0 0 0 0 0 0 0 0 0 0 1 0 0 0 0 0 0 0 0 0 0 0 0 0 0 0 0 0 1 0 0 0 0 0 2 0
"happen" 0 0 0 0 0 0 0 0 0 0 0 0 1 0 0 0 1 0 0 0 0 0 0 0 0 0 0 1 0 0 0 0 0 0 0 0 0 0 1 0 0 0 0 0 0 0 0 0 0 0 0 0 0 0 0 0 0 0 2 3
"overcom" 0 0 0 0 0 0 0 0 0 0 0 0 2 1 0 0 0 0 0 0 0 0 0 0 0 0 0 0 0 0 0 0 0 0 0 1 0 0 0 0 0 0 0 0 0 0 0 0 0 0 0 0 1 0 0 0 0 0 2 0
"spoke" 0 0 0 0 0 0 0 0 0 0 0 0 0 1 0 0 0 0 0 0 0 0 0 0 0 0 0 1 0 0 0 0 0 0 0 0 0 0 0 0 0 0 0 0 0 1 0 0 1 1 0 0 1 0 0 0 1 0 2 0
"stronger" 0 0 0 0 0 0 0 0 0 0 0 0 0 0 1 0 1 1 0 0 0 0 0 1 0 0 0 0 0 0 1 0 0 1 0 1 0 0 0 0 1 0 0 0 0 0 0 1 0 1 0 0 1 0 0 2 0 0 2 1
"defeat" 0 0 0 0 0 0 0 0 0 0 0 0 0 0 0 0 0 0 0 0 1 0 0 0 1 0 0 0 0 0 0 0 0 0 1 1 0 0 0 0 1 0 0 0 1 0 0 0 0 0 0 0 0 0 1 1 0 0 2 4
"januari" 0 0 0 0 0 0 0 0 0 0 0 0 0 0 0 0 0 0 0 0 0 0 0 0 0 0 0 1 0 0 0 0 0 0 0 0 0 0 0 0 0 0 0 0 0 0 0 0 0 0 0 0 0 0 0 0 0 1 2 1
"racial" 0 0 0 0 0 0 0 0 0 0 0 0 0 0 0 0 0 0 0 0 0 0 0 0 0 0 0 0 0 0 0 0 0 0 0 1 0 0 0 0 0 0 0 0 0 0 0 0 1 0 0 0 1 0 0 0 0 0 2 0
"night" 0 0 0 0 0 0 0 0 0 0 0 0 0 0 0 0 0 0 0 0 0 0 0 0 0 0 0 0 0 0 0 0 0 0 0 0 0 0 0 0 0 1 1 0 0 1 0 0 0 1 1 0 0 0 0 0 0 1 2 0
"saint" 0 0 0 0 0 0 0 0 0 0 0 0 0 0 0 0 0 0 0 0 0 0 0 0 0 0 0 0 0 0 0 0 0 0 0 0 0 0 0 0 0 0 0 0 0 0 0 0 0 0 1 0 0 1 0 0 0 0 2 0
"winter" 0 0 0 0 0 0 0 0 0 0 0 0 0 0 0 0 0 0 0 0 0 0 0 0 0 0 0 0 0 0 0 0 0 0 0 0 0 0 0 0 0 0 0 0 0 0 0 0 0 0 0 1 0 0 0 2 0 0 2 0
"racism" 0 0 0 0 0 0 0 0 0 0 0 0 0 0 0 0 0 0 0 0 0 0 0 0 0 0 0 0 0 0 0 0 0 0 0 0 0 0 0 0 0 0 0 0 0 0 0 0 0 0 0 0 0 0 1 0 0 0 2 0
"disagr" 0 0 0 0 0 0 0 0 0 0 0 0 0 0 0 0 0 0 0 0 0 0 0 0 0 0 0 0 0 0 0 0 0 0 0 0 0 0 0 0 0 0 0 0 0 0 0 0 0 0 0 0 0 0 0 0 0 1 2 0
"harri" 0 0 0 0 0 0 0 0 0 0 0 0 0 0 0 0 0 0 0 0 0 0 0 0 0 0 0 0 0 0 0 0 0 0 0 0 0 0 0 0 0 0 0 0 0 0 0 0 0 0 0 0 0 0 0 0 0 0 2 1
"versus" 0 0 0 0 0 0 0 0 0 0 0 0 0 0 0 0 0 0 0 0 0 0 0 0 0 0 0 0 0 0 0 0 0 0 0 0 0 0 0 0 0 0 0 0 0 0 0 0 0 0 0 0 0 0 0 0 0 0 2 0
"panama" 0 0 0 0 0 0 0 0 0 0 0 0 0 0 0 0 0 0 0 0 0 0 0 0 0 0 0 0 0 0 2 0 0 0 0 0 0 0 0 0 0 0 0 0 0 0 0 0 0 0 0 0 0 0 0 0 0 0 0 5
"forget" 0 0 0 1 0 0 0 0 0 0 0 0 1 1 0 0 0 1 1 0 0 0 0 0 0 1 0 0 0 0 0 0 1 1 0 0 0 0 0 0 0 0 0 1 0 0 0 0 0 0 0 1 1 0 0 0 0 1 0 4
"sign" 0 0 0 0 0 0 0 0 0 0 0 0 0 0 0 0 0 0 0 0 0 0 0 0 0 0 0 1 0 0 0 0 0 0 0 0 0 0 0 0 0 2 0 1 0 0 0 0 1 0 0 0 0 1 0 0 1 0 1 4
"imposs" 0 0 0 0 0 0 0 0 1 0 0 0 0 1 0 0 0 1 2 0 0 0 0 1 0 2 0 0 0 1 1 1 1 0 0 1 0 0 1 0 0 0 1 0 0 0 0 0 0 0 0 0 0 0 0 0 0 0 0 3
"week" 0 0 0 0 0 0 0 0 0 0 0 0 0 0 1 0 0 0 0 0 0 0 0 0 0 0 0 0 0 0 0 0 0 0 0 0 0 0 0 0 0 0 0 0 0 1 0 0 1 0 0 0 0 0 0 1 0 0 1 3
"broken" 0 0 0 0 0 0 0 0 0 0 0 0 0 0 0 0 1 0 0 0 0 0 0 0 0 0 0 0 0 0 0 1 0 0 0 0 0 0 0 0 0 0 0 0 0 0 0 0 0 0 1 0 0 0 0 1 0 0 1 3
"reclaim" 0 0 0 0 0 0 0 0 0 0 0 0 0 0 0 0 0 0 1 0 0 0 0 0 0 0 0 0 0 0 0 0 0 0 0 0 0 0 0 0 0 0 0 0 0 0 0 0 0 0 0 0 1 1 0 0 0 0 0 3
"won" 0 0 0 0 0 0 0 0 0 0 0 0 0 0 0 0 0 0 0 0 0 0 0 0 0 1 0 0 0 0 0 0 0 0 0 0 0 1 0 0 0 0 0 0 0 0 0 0 0 0 0 0 0 0 0 0 1 0 0 3
"unifi" 0 0 0 0 0 0 0 0 0 0 0 0 0 0 0 0 0 0 0 0 0 0 0 0 0 0 0 0 0 0 0 0 0 1 0 0 1 0 0 0 0 0 0 0 0 0 0 0 0 0 0 0 0 0 0 0 0 0 0 3
"spent" 0 0 0 0 0 0 0 0 0 0 0 0 0 0 0 0 0 0 0 0 0 0 0 0 0 0 0 0 0 0 0 0 0 0 0 0 0 0 0 0 0 0 0 0 0 1 0 0 0 0 0 0 0 0 0 0 1 1 0 3
"applaus" 0 0 0 0 0 0 0 0 0 0 0 0 0 0 0 0 0 0 0 0 0 0 0 0 0 0 0 0 0 0 0 0 0 0 0 0 0 0 0 0 0 0 0 0 0 0 0 0 0 0 0 0 0 0 0 0 0 0 0 3
"that’" 0 0 0 0 0 0 0 0 0 0 0 0 0 0 0 0 0 0 0 0 0 0 0 0 0 0 0 0 0 0 0 0 0 0 0 0 0 0 0 0 0 0 0 0 0 0 0 0 0 0 0 0 0 0 0 0 0 0 0 3
"america’" 0 0 0 0 0 0 0 0 0 0 0 0 0 0 0 0 0 0 0 0 0 0 0 0 0 0 0 0 0 0 0 0 0 0 0 0 0 0 0 0 0 0 0 0 0 0 0 0 0 0 0 0 0 0 0 0 0 0 0 3
"mckinley" 0 0 0 0 0 0 0 0 0 0 0 0 0 0 0 0 0 0 0 0 0 0 0 0 0 0 0 0 0 0 0 0 0 0 0 0 0 0 0 0 0 0 0 0 0 0 0 0 0 0 0 0 0 0 0 0 0 0 0 3
"launch" 0 0 1 0 0 0 0 0 0 0 0 0 0 0 0 0 0 0 0 0 0 0 0 0 1 0 0 0 0 0 0 0 0 0 0 0 0 0 0 0 1 0 0 0 0 0 0 0 0 0 0 0 0 0 0 0 0 0 0 2
"admir" 0 0 1 0 0 0 0 0 1 1 0 0 0 0 1 0 0 1 0 0 0 0 0 0 0 0 0 0 0 0 0 1 0 0 0 0 0 1 0 0 0 0 0 0 0 0 0 0 0 0 0 0 0 0 0 0 0 0 0 2
"everyth" 0 0 0 1 0 0 0 2 0 0 0 0 0 0 0 0 1 1 0 0 0 0 0 0 0 2 0 1 0 0 0 1 0 1 0 0 0 0 0 0 0 0 0 0 0 1 1 1 0 0 0 0 0 0 0 0 0 0 1 2
